middleware,network_condition,message_size_kb,latency_ms,jitter_ms,packet_loss_percent,throughput_mbps,cpu_usage_percent
FastDDS,LAN,1,3.756,0.4,0.011,80.16,20.18
FastDDS,LAN,1,3.788,0.276,0.062,92.13,29.55
FastDDS,LAN,1,2.446,0.379,0.014,78.72,23.51
FastDDS,LAN,1,2.295,0.254,0.013,86.94,29.58
FastDDS,LAN,1,2.249,0.5,0.067,90.4,23.07
FastDDS,LAN,1,2.866,0.44,0.084,96.88,19.52
FastDDS,LAN,1,3.097,0.565,0.057,82.35,24.95
FastDDS,LAN,1,2.375,0.359,0.046,91.4,20.19
FastDDS,LAN,1,3.055,0.612,0.0,78.76,23.95
FastDDS,LAN,1,1.87,0.634,0.051,78.23,24.08
FastDDS,LAN,1,2.612,0.473,0.004,90.29,20.21
FastDDS,LAN,1,1.811,0.37,0.0,93.68,25.99
FastDDS,LAN,1,3.548,0.446,0.006,100.51,23.41
FastDDS,LAN,1,3.28,0.47,0.043,79.8,26.97
FastDDS,LAN,1,3.175,0.03,0.032,77.13,25.19
FastDDS,LAN,1,2.681,0.239,0.035,93.75,33.14
FastDDS,LAN,1,2.184,0.515,0.015,86.4,23.79
FastDDS,LAN,1,2.218,0.271,0.012,79.62,26.87
FastDDS,LAN,1,3.104,0.287,0.035,93.07,26.77
FastDDS,LAN,1,4.45,0.383,0.088,83.56,29.97
FastDDS,LAN,1,3.437,0.43,0.017,90.78,27.9
FastDDS,LAN,1,3.432,0.478,0.026,93.44,27.71
FastDDS,LAN,1,2.921,0.349,0.015,94.0,24.09
FastDDS,LAN,1,3.463,0.49,0.038,95.14,27.13
FastDDS,LAN,1,3.037,0.544,0.0,83.61,26.19
FastDDS,LAN,1,2.66,0.184,0.063,90.61,28.04
FastDDS,LAN,1,2.991,0.475,0.047,87.99,22.37
FastDDS,LAN,1,3.755,0.291,0.081,91.93,21.48
FastDDS,LAN,1,3.412,0.342,0.008,79.61,26.22
FastDDS,LAN,1,3.177,0.442,0.024,82.79,27.02
FastDDS,LAN,1,3.786,0.382,0.016,85.43,26.92
FastDDS,LAN,1,2.754,0.378,0.043,86.0,18.76
FastDDS,LAN,1,3.495,0.328,0.056,92.41,22.0
FastDDS,LAN,1,3.435,0.136,0.036,86.64,34.79
FastDDS,LAN,1,2.643,0.2,0.031,88.98,25.42
FastDDS,LAN,1,3.535,0.561,0.029,81.45,19.93
FastDDS,LAN,1,3.461,0.502,0.004,84.58,28.99
FastDDS,LAN,1,3.46,0.249,0.046,86.27,28.89
FastDDS,LAN,1,4.581,0.237,0.01,89.81,19.93
FastDDS,LAN,1,2.548,0.305,0.051,83.22,23.68
FastDDS,LAN,1,2.939,0.387,0.037,84.85,23.03
FastDDS,LAN,1,3.318,0.276,0.069,83.38,23.52
FastDDS,LAN,1,1.965,0.48,0.023,80.4,26.21
FastDDS,LAN,1,3.79,0.457,0.023,90.26,23.88
FastDDS,LAN,1,3.539,0.357,0.019,93.19,23.15
FastDDS,LAN,1,2.43,0.386,0.029,91.17,17.78
FastDDS,LAN,1,3.446,0.401,0.037,88.41,27.72
FastDDS,LAN,1,2.125,0.399,0.057,81.34,21.63
FastDDS,LAN,1,2.735,0.019,0.021,73.32,27.31
FastDDS,LAN,1,3.183,0.489,0.045,90.0,28.21
FastDDS,LAN,1,2.127,0.237,0.029,86.92,28.94
FastDDS,LAN,1,3.409,0.301,0.015,87.33,29.78
FastDDS,LAN,1,3.881,0.037,0.047,77.47,24.15
FastDDS,LAN,1,3.399,0.559,0.038,83.3,27.76
FastDDS,LAN,1,3.478,0.4,0.036,86.62,28.25
FastDDS,LAN,1,3.237,0.631,0.02,77.5,25.27
FastDDS,LAN,1,3.332,0.405,0.025,86.93,29.79
FastDDS,LAN,1,2.733,0.135,0.002,85.26,29.36
FastDDS,LAN,1,2.371,0.511,0.027,88.98,27.31
FastDDS,LAN,1,2.236,0.016,0.048,89.42,20.75
FastDDS,LAN,1,2.193,0.253,0.053,83.05,26.08
FastDDS,LAN,1,1.746,0.419,0.005,89.13,25.61
FastDDS,LAN,1,2.574,0.659,0.012,78.75,29.66
FastDDS,LAN,1,3.864,0.424,0.058,89.41,24.07
FastDDS,LAN,1,3.005,0.513,0.007,79.92,26.44
FastDDS,LAN,1,3.227,0.365,0.03,89.6,20.67
FastDDS,LAN,1,2.958,0.717,0.025,87.98,24.48
FastDDS,LAN,1,2.656,0.463,0.101,81.45,27.81
FastDDS,LAN,1,2.527,0.448,0.034,89.42,23.01
FastDDS,LAN,1,2.864,0.575,0.031,84.07,20.08
FastDDS,LAN,1,2.43,0.515,0.047,81.6,27.1
FastDDS,LAN,1,2.88,0.618,0.003,95.02,23.27
FastDDS,LAN,1,3.239,0.307,0.0,79.9,31.36
FastDDS,LAN,1,3.172,0.335,0.026,85.41,37.08
FastDDS,LAN,1,3.269,0.404,0.05,85.5,27.28
FastDDS,LAN,1,3.335,0.344,0.077,95.14,18.89
FastDDS,LAN,1,2.246,0.476,0.034,83.8,25.61
FastDDS,LAN,1,3.367,0.439,0.051,83.19,27.83
FastDDS,LAN,1,4.037,0.481,0.061,77.92,30.15
FastDDS,LAN,1,3.666,0.27,0.036,84.18,22.02
FastDDS,LAN,1,3.613,0.468,0.024,86.23,26.51
FastDDS,LAN,1,4.483,0.405,0.035,77.13,25.34
FastDDS,LAN,1,3.13,0.373,0.044,88.51,21.25
FastDDS,LAN,1,2.947,0.312,0.007,72.56,30.91
FastDDS,LAN,1,3.547,0.633,0.048,89.08,23.39
FastDDS,LAN,1,2.708,0.449,0.006,80.07,20.03
FastDDS,LAN,1,2.796,0.47,0.003,82.97,25.85
FastDDS,LAN,1,2.715,0.488,0.056,79.57,27.56
FastDDS,LAN,1,3.701,0.467,0.049,76.56,23.3
FastDDS,LAN,1,2.962,0.33,0.026,79.68,30.42
FastDDS,LAN,1,2.128,0.189,0.052,85.82,24.53
FastDDS,LAN,1,2.193,0.571,0.052,80.56,25.08
FastDDS,LAN,1,3.579,0.505,0.042,81.78,26.37
FastDDS,LAN,1,2.533,0.422,0.026,84.35,22.21
FastDDS,LAN,1,3.254,0.478,0.031,82.76,20.51
FastDDS,LAN,1,3.317,0.508,0.027,79.76,28.01
FastDDS,LAN,1,4.227,0.459,0.0,84.15,20.56
FastDDS,LAN,1,3.354,0.061,0.016,86.97,24.43
FastDDS,LAN,1,2.659,0.478,0.032,81.8,29.08
FastDDS,LAN,1,2.816,0.563,0.047,78.09,22.81
FastDDS,LAN,1,3.836,0.455,0.02,82.58,26.98
FastDDS,LAN,1,3.118,0.41,0.07,85.11,22.86
FastDDS,LAN,1,3.293,0.075,0.019,93.76,23.99
FastDDS,LAN,1,1.896,0.403,0.021,85.31,25.26
FastDDS,LAN,1,4.464,0.15,0.036,88.78,20.94
FastDDS,LAN,1,2.119,0.209,0.048,83.23,23.33
FastDDS,LAN,1,2.237,0.295,0.019,80.6,20.0
FastDDS,LAN,1,3.437,0.553,0.038,87.35,31.37
FastDDS,LAN,1,3.548,0.523,0.032,99.38,27.64
FastDDS,LAN,1,3.803,0.397,0.046,82.4,26.1
FastDDS,LAN,1,3.593,0.615,0.016,86.59,34.43
FastDDS,LAN,1,3.285,0.469,0.024,85.51,25.42
FastDDS,LAN,1,2.963,0.298,0.046,84.53,22.69
FastDDS,LAN,1,3.448,0.432,0.033,87.82,23.66
FastDDS,LAN,1,3.021,0.201,0.022,91.33,30.15
FastDDS,LAN,1,3.523,0.321,0.03,89.69,22.39
FastDDS,LAN,1,3.737,0.451,0.024,82.59,23.54
FastDDS,LAN,1,2.77,0.288,0.012,96.63,28.75
FastDDS,LAN,1,3.207,0.334,0.019,93.67,18.15
FastDDS,LAN,1,2.288,0.314,0.048,89.19,32.25
FastDDS,LAN,1,4.284,0.603,0.0,95.99,28.05
FastDDS,LAN,1,2.93,0.199,0.031,77.34,23.64
FastDDS,LAN,1,3.374,0.548,0.028,85.92,24.66
FastDDS,LAN,1,3.116,0.35,0.0,87.08,30.87
FastDDS,LAN,1,2.948,0.572,0.035,88.68,19.15
FastDDS,LAN,1,3.107,0.404,0.005,91.49,29.18
FastDDS,LAN,1,2.885,0.464,0.023,86.06,28.63
FastDDS,LAN,1,2.864,0.271,0.016,77.54,27.36
FastDDS,LAN,1,2.23,0.476,0.043,88.03,24.5
FastDDS,LAN,1,2.957,0.512,0.039,92.79,26.28
FastDDS,LAN,1,3.674,0.538,0.027,81.57,21.02
FastDDS,LAN,1,3.623,0.404,0.038,83.28,24.79
FastDDS,LAN,1,3.605,0.616,0.019,79.4,29.06
FastDDS,LAN,1,4.34,0.28,0.034,83.78,23.25
FastDDS,LAN,1,2.929,0.449,0.029,86.43,18.62
FastDDS,LAN,1,3.888,0.602,0.046,82.21,26.62
FastDDS,LAN,1,3.737,0.262,0.015,83.65,25.11
FastDDS,LAN,1,3.511,0.357,0.049,87.75,26.64
FastDDS,LAN,1,2.457,0.53,0.033,80.68,21.3
FastDDS,LAN,1,3.785,0.148,0.036,84.56,18.25
FastDDS,LAN,1,3.085,0.404,0.0,88.96,24.1
FastDDS,LAN,1,2.649,0.51,0.011,71.86,25.66
FastDDS,LAN,1,1.982,0.309,0.024,85.16,31.77
FastDDS,LAN,1,2.623,0.367,0.048,84.94,34.83
FastDDS,LAN,1,3.003,0.524,0.01,86.14,28.46
FastDDS,LAN,1,2.792,0.513,0.023,85.6,20.78
FastDDS,LAN,1,3.758,0.55,0.008,95.83,34.62
FastDDS,LAN,1,3.035,0.341,0.046,91.56,23.3
FastDDS,LAN,1,2.768,0.65,0.031,82.75,23.25
FastDDS,LAN,1,3.77,0.578,0.055,83.12,18.08
FastDDS,LAN,1,2.095,0.374,0.009,89.97,25.19
FastDDS,LAN,1,3.568,0.579,0.0,81.74,23.48
FastDDS,LAN,1,2.953,0.162,0.036,81.36,27.66
FastDDS,LAN,1,3.388,0.341,0.037,96.18,27.73
FastDDS,LAN,1,2.106,0.345,0.049,83.79,21.06
FastDDS,LAN,1,2.37,0.528,0.005,87.81,27.24
FastDDS,LAN,1,2.745,0.458,0.05,87.31,25.07
FastDDS,LAN,1,2.499,0.168,0.023,90.82,30.09
FastDDS,LAN,1,3.099,0.53,0.029,83.44,21.65
FastDDS,LAN,1,3.218,0.217,0.055,89.12,26.47
FastDDS,LAN,1,3.007,0.541,0.009,79.74,23.88
FastDDS,LAN,1,2.338,0.418,0.047,84.49,24.99
FastDDS,LAN,1,2.635,0.399,0.025,82.97,26.06
FastDDS,LAN,1,3.64,0.317,0.036,87.92,23.08
FastDDS,LAN,1,3.346,0.491,0.032,88.45,27.0
FastDDS,LAN,1,1.94,0.28,0.015,90.0,29.86
FastDDS,LAN,1,2.959,0.396,0.004,75.8,28.24
FastDDS,LAN,1,2.833,0.49,0.024,96.17,21.82
FastDDS,LAN,1,3.369,0.591,0.036,89.38,25.05
FastDDS,LAN,1,2.618,0.542,0.003,87.74,30.9
FastDDS,LAN,1,3.082,0.357,0.052,86.59,25.23
FastDDS,LAN,1,3.597,0.45,0.024,72.52,27.64
FastDDS,LAN,1,2.654,0.421,0.0,73.2,16.86
FastDDS,LAN,1,2.549,0.213,0.029,86.31,27.65
FastDDS,LAN,1,3.062,0.378,0.041,91.21,27.11
FastDDS,LAN,1,3.031,0.306,0.012,87.08,18.91
FastDDS,LAN,1,3.719,0.662,0.0,82.84,27.22
FastDDS,LAN,1,3.107,0.364,0.053,90.64,26.62
FastDDS,LAN,1,3.03,0.125,0.03,92.67,27.48
FastDDS,LAN,1,2.763,0.262,0.012,80.59,27.86
FastDDS,LAN,1,3.303,0.25,0.024,82.5,20.41
FastDDS,LAN,1,2.602,0.353,0.031,83.76,23.46
FastDDS,LAN,1,3.502,0.331,0.044,78.87,22.74
FastDDS,LAN,1,3.086,0.376,0.081,80.25,35.79
FastDDS,LAN,1,2.266,0.39,0.022,82.15,25.98
FastDDS,LAN,1,4.03,0.039,0.048,91.5,28.83
FastDDS,LAN,1,3.186,0.595,0.0,81.77,27.7
FastDDS,LAN,1,3.243,0.342,0.016,85.25,21.1
FastDDS,LAN,1,2.736,0.348,0.0,85.36,19.65
FastDDS,LAN,1,4.147,0.156,0.047,88.83,26.18
FastDDS,LAN,1,4.144,0.53,0.003,91.05,25.02
FastDDS,LAN,1,3.597,0.377,0.036,90.06,21.56
FastDDS,LAN,1,2.509,0.518,0.025,86.38,26.72
FastDDS,LAN,1,3.573,0.257,0.009,82.7,23.49
FastDDS,LAN,1,3.989,0.395,0.038,80.47,22.53
FastDDS,LAN,1,3.037,0.546,0.01,84.51,23.4
FastDDS,LAN,1,2.639,0.236,0.026,94.45,24.16
FastDDS,LAN,1,2.387,0.266,0.041,77.07,22.34
FastDDS,LAN,1,3.872,0.013,0.051,87.25,29.79
FastDDS,LAN,1,3.126,0.323,0.001,86.62,24.7
FastDDS,LAN,1,4.5,0.463,0.026,87.21,21.22
FastDDS,LAN,1,4.092,0.477,0.024,95.83,26.39
FastDDS,LAN,1,3.785,0.388,0.042,75.57,24.0
FastDDS,LAN,1,3.644,0.242,0.061,77.33,19.57
FastDDS,LAN,1,3.198,0.436,0.002,89.46,18.78
FastDDS,LAN,1,2.827,0.452,0.068,83.99,25.46
FastDDS,LAN,1,2.604,0.652,0.021,91.41,24.49
FastDDS,LAN,1,2.471,0.304,0.005,80.59,21.55
FastDDS,LAN,1,2.726,0.503,0.012,86.27,26.8
FastDDS,LAN,1,1.772,0.229,0.005,83.19,26.64
FastDDS,LAN,1,3.498,0.337,0.036,80.4,19.91
FastDDS,LAN,1,2.697,0.394,0.055,81.3,30.54
FastDDS,LAN,1,3.229,0.314,0.001,81.76,19.3
FastDDS,LAN,1,3.305,0.524,0.028,99.5,25.77
FastDDS,LAN,1,2.385,0.333,0.033,74.39,27.31
FastDDS,LAN,1,2.811,0.269,0.021,97.47,24.39
FastDDS,LAN,1,3.972,0.2,0.067,95.4,26.49
FastDDS,LAN,1,2.35,0.629,0.028,95.04,23.34
FastDDS,LAN,1,4.083,0.45,0.021,92.42,15.67
FastDDS,LAN,1,3.318,0.637,0.011,89.44,24.26
FastDDS,LAN,1,2.235,0.222,0.019,87.44,29.71
FastDDS,LAN,1,2.881,0.401,0.006,92.66,23.06
FastDDS,LAN,1,3.746,0.248,0.003,81.51,24.76
FastDDS,LAN,1,2.448,0.434,0.0,88.14,30.21
FastDDS,LAN,1,2.653,0.369,0.022,93.64,23.83
FastDDS,LAN,1,3.158,0.14,0.033,79.03,21.71
FastDDS,LAN,1,2.976,0.305,0.033,76.49,22.98
FastDDS,LAN,1,2.452,0.312,0.082,92.28,21.44
FastDDS,LAN,1,2.978,0.461,0.025,83.8,23.63
FastDDS,LAN,1,2.553,0.456,0.021,87.82,28.05
FastDDS,LAN,1,2.685,0.411,0.0,83.57,22.41
FastDDS,LAN,1,3.569,0.489,0.019,81.84,28.28
FastDDS,LAN,1,3.079,0.587,0.038,88.74,21.23
FastDDS,LAN,1,3.947,0.498,0.037,93.65,25.26
FastDDS,LAN,1,2.737,0.519,0.027,86.68,23.94
FastDDS,LAN,1,3.028,0.534,0.038,82.53,25.69
FastDDS,LAN,1,2.077,0.283,0.028,73.96,20.06
FastDDS,LAN,1,3.398,0.266,0.039,84.24,24.08
FastDDS,LAN,1,2.961,0.353,0.048,82.53,31.69
FastDDS,LAN,1,2.686,0.241,0.0,97.53,20.61
FastDDS,LAN,1,2.259,0.51,0.043,81.98,31.27
FastDDS,LAN,1,3.186,0.153,0.024,70.26,23.42
FastDDS,LAN,1,3.328,0.408,0.0,78.96,24.98
FastDDS,LAN,1,2.867,0.34,0.053,81.32,22.75
FastDDS,LAN,1,2.227,0.397,0.041,90.1,27.5
FastDDS,LAN,1,2.22,0.6,0.018,89.72,28.58
FastDDS,LAN,1,2.536,0.616,0.028,85.34,21.74
FastDDS,LAN,1,3.286,0.261,0.049,85.82,30.86
FastDDS,LAN,1,3.131,0.313,0.016,82.84,20.9
FastDDS,LAN,1,3.106,0.049,0.002,77.74,22.07
FastDDS,LAN,1,3.125,0.236,0.0,90.08,16.42
FastDDS,LAN,1,3.182,0.255,0.032,75.75,22.46
FastDDS,LAN,1,2.403,0.327,0.015,93.25,26.12
FastDDS,LAN,1,2.823,0.292,0.01,86.33,26.04
FastDDS,LAN,1,2.203,0.36,0.049,96.92,23.37
FastDDS,LAN,1,2.814,0.454,0.039,88.79,22.44
FastDDS,LAN,1,2.854,0.36,0.069,99.05,27.74
FastDDS,LAN,1,3.822,0.374,0.042,86.74,23.22
FastDDS,LAN,1,3.522,0.251,0.058,74.37,24.62
FastDDS,LAN,1,2.481,0.142,0.032,82.36,20.04
FastDDS,LAN,1,2.765,0.472,0.001,98.81,17.0
FastDDS,LAN,1,3.686,0.182,0.021,73.76,23.33
FastDDS,LAN,1,3.899,0.593,0.055,99.38,22.49
FastDDS,LAN,1,2.318,0.549,0.0,75.95,30.02
FastDDS,LAN,1,2.272,0.717,0.021,86.16,15.35
FastDDS,LAN,1,3.173,0.54,0.061,80.75,23.23
FastDDS,LAN,1,3.693,0.488,0.046,84.94,23.05
FastDDS,LAN,1,3.263,0.631,0.043,94.9,16.99
FastDDS,LAN,1,2.093,0.532,0.026,91.07,15.95
FastDDS,LAN,1,2.237,0.161,0.037,89.23,28.24
FastDDS,LAN,1,2.929,0.173,0.033,89.63,23.13
FastDDS,LAN,1,2.599,0.436,0.008,91.23,27.69
FastDDS,LAN,1,3.521,0.444,0.006,82.22,18.39
FastDDS,LAN,1,2.368,0.358,0.04,86.2,26.27
FastDDS,LAN,1,2.789,0.385,0.027,91.85,22.89
FastDDS,LAN,1,2.543,0.3,0.064,78.88,22.96
FastDDS,LAN,1,2.766,0.35,0.028,93.41,26.71
FastDDS,LAN,1,2.943,0.269,0.058,93.77,27.69
FastDDS,LAN,1,3.736,0.357,0.014,72.91,29.52
FastDDS,LAN,1,3.309,0.514,0.0,88.67,27.22
FastDDS,LAN,1,3.443,0.397,0.024,82.8,19.95
FastDDS,LAN,1,3.115,0.406,0.021,101.68,23.61
FastDDS,LAN,1,3.686,0.317,0.014,97.49,31.96
FastDDS,LAN,1,2.761,0.422,0.028,83.83,23.52
FastDDS,LAN,1,3.054,0.545,0.051,88.8,26.16
FastDDS,LAN,1,2.778,0.307,0.052,84.19,22.17
FastDDS,LAN,1,2.524,0.48,0.015,81.91,33.11
FastDDS,LAN,1,3.805,0.286,0.006,79.47,18.71
FastDDS,LAN,1,3.265,0.464,0.041,86.21,15.79
FastDDS,LAN,1,2.674,0.196,0.04,94.81,33.74
FastDDS,LAN,1,3.213,0.463,0.008,82.96,25.42
FastDDS,LAN,1,1.641,0.099,0.034,87.65,19.18
FastDDS,LAN,1,3.924,0.419,0.018,87.59,31.21
FastDDS,LAN,1,2.454,0.56,0.047,91.83,23.03
FastDDS,LAN,1,2.333,0.377,0.029,74.58,25.64
FastDDS,LAN,1,3.869,0.485,0.023,76.56,28.15
FastDDS,LAN,1,2.975,0.623,0.003,87.56,22.6
FastDDS,LAN,1,3.241,0.601,0.01,87.09,24.41
FastDDS,LAN,1,3.687,0.222,0.022,96.4,33.51
FastDDS,LAN,1,3.478,0.376,0.037,93.86,23.74
FastDDS,LAN,4,1.75,0.299,0.019,89.87,25.06
FastDDS,LAN,4,2.659,0.471,0.023,81.63,20.72
FastDDS,LAN,4,3.355,0.235,0.043,89.44,29.27
FastDDS,LAN,4,2.906,0.373,0.046,80.48,23.65
FastDDS,LAN,4,2.944,0.186,0.006,81.5,23.53
FastDDS,LAN,4,3.291,0.477,0.067,92.02,23.49
FastDDS,LAN,4,3.593,0.316,0.026,77.69,20.67
FastDDS,LAN,4,2.554,0.382,0.025,79.86,28.99
FastDDS,LAN,4,3.4,0.496,0.039,78.92,23.34
FastDDS,LAN,4,2.533,0.236,0.023,71.95,29.34
FastDDS,LAN,4,3.012,0.647,0.021,84.91,23.06
FastDDS,LAN,4,3.514,0.497,0.039,92.37,23.44
FastDDS,LAN,4,3.42,0.485,0.028,88.75,28.39
FastDDS,LAN,4,3.486,0.419,0.025,102.72,20.46
FastDDS,LAN,4,2.771,0.484,0.017,86.8,30.52
FastDDS,LAN,4,2.709,0.304,0.001,97.05,24.29
FastDDS,LAN,4,2.632,0.387,0.002,86.47,33.31
FastDDS,LAN,4,3.069,0.44,0.042,73.93,26.26
FastDDS,LAN,4,2.568,0.379,0.042,88.08,17.92
FastDDS,LAN,4,2.71,0.51,0.001,94.83,22.07
FastDDS,LAN,4,2.796,0.71,0.034,83.11,25.07
FastDDS,LAN,4,2.75,0.436,0.043,79.29,28.34
FastDDS,LAN,4,3.437,0.05,0.027,87.01,33.52
FastDDS,LAN,4,3.368,0.499,0.04,91.21,20.74
FastDDS,LAN,4,3.042,0.253,0.045,80.88,28.52
FastDDS,LAN,4,1.945,0.382,0.077,96.66,25.0
FastDDS,LAN,4,2.178,0.472,0.015,85.12,27.35
FastDDS,LAN,4,3.249,0.475,0.022,76.71,26.77
FastDDS,LAN,4,4.141,0.515,0.037,91.68,23.11
FastDDS,LAN,4,3.807,0.493,0.017,73.24,23.34
FastDDS,LAN,4,2.741,0.3,0.018,85.56,22.51
FastDDS,LAN,4,3.331,0.484,0.055,94.43,27.97
FastDDS,LAN,4,3.435,0.259,0.048,83.37,25.52
FastDDS,LAN,4,2.651,0.401,0.041,88.42,28.03
FastDDS,LAN,4,3.933,0.683,0.057,83.94,20.05
FastDDS,LAN,4,3.36,0.459,0.055,91.9,29.55
FastDDS,LAN,4,3.019,0.559,0.0,78.83,30.49
FastDDS,LAN,4,3.424,0.449,0.038,95.24,24.42
FastDDS,LAN,4,2.51,0.509,0.033,89.92,27.72
FastDDS,LAN,4,2.699,0.568,0.032,89.94,31.3
FastDDS,LAN,4,4.131,0.268,0.08,91.89,28.33
FastDDS,LAN,4,4.759,0.617,0.068,84.92,25.48
FastDDS,LAN,4,4.109,0.401,0.033,87.86,17.15
FastDDS,LAN,4,3.724,0.435,0.0,88.15,19.89
FastDDS,LAN,4,3.096,0.448,0.058,85.8,18.05
FastDDS,LAN,4,2.822,0.559,0.041,81.27,22.33
FastDDS,LAN,4,2.523,0.385,0.033,75.84,15.15
FastDDS,LAN,4,1.966,0.385,0.065,81.21,23.36
FastDDS,LAN,4,2.643,0.55,0.048,87.28,25.83
FastDDS,LAN,4,2.743,0.221,0.003,84.27,22.64
FastDDS,LAN,4,2.464,0.413,0.022,85.89,25.77
FastDDS,LAN,4,2.172,0.195,0.028,92.9,23.13
FastDDS,LAN,4,2.867,0.745,0.047,92.83,25.47
FastDDS,LAN,4,3.425,0.347,0.033,75.82,26.48
FastDDS,LAN,4,3.148,0.525,0.005,79.01,18.96
FastDDS,LAN,4,3.578,0.551,0.042,88.72,29.38
FastDDS,LAN,4,3.485,0.285,0.021,82.96,22.77
FastDDS,LAN,4,2.724,0.565,0.055,79.91,22.17
FastDDS,LAN,4,3.571,0.246,0.048,88.66,28.96
FastDDS,LAN,4,3.14,0.367,0.015,90.44,22.8
FastDDS,LAN,4,3.564,0.663,0.026,94.87,31.3
FastDDS,LAN,4,3.264,0.464,0.027,92.33,27.39
FastDDS,LAN,4,3.825,0.322,0.047,95.79,21.41
FastDDS,LAN,4,3.576,0.531,0.019,85.48,29.68
FastDDS,LAN,4,4.15,0.47,0.015,97.51,27.85
FastDDS,LAN,4,3.042,0.378,0.041,81.02,22.29
FastDDS,LAN,4,3.912,0.446,0.017,78.45,27.2
FastDDS,LAN,4,3.371,0.522,0.02,91.76,23.48
FastDDS,LAN,4,3.671,0.233,0.058,89.06,21.95
FastDDS,LAN,4,1.8,0.343,0.078,77.38,24.43
FastDDS,LAN,4,2.999,0.51,0.018,88.87,28.84
FastDDS,LAN,4,3.324,0.588,0.051,81.62,24.11
FastDDS,LAN,4,3.692,0.551,0.05,85.27,24.91
FastDDS,LAN,4,3.579,0.467,0.045,76.14,12.62
FastDDS,LAN,4,2.343,0.32,0.0,89.28,29.59
FastDDS,LAN,4,3.247,0.887,0.026,92.93,26.84
FastDDS,LAN,4,4.267,0.345,0.044,91.21,31.07
FastDDS,LAN,4,4.066,0.594,0.054,89.88,15.24
FastDDS,LAN,4,2.889,0.252,0.005,77.04,25.78
FastDDS,LAN,4,3.265,0.248,0.028,92.57,18.4
FastDDS,LAN,4,2.8,0.463,0.017,78.54,27.87
FastDDS,LAN,4,3.148,0.565,0.027,87.3,17.02
FastDDS,LAN,4,3.112,0.51,0.044,86.78,20.54
FastDDS,LAN,4,2.712,0.376,0.046,73.95,31.67
FastDDS,LAN,4,2.475,0.311,0.038,83.26,23.71
FastDDS,LAN,4,3.692,0.517,0.034,84.6,33.45
FastDDS,LAN,4,3.235,0.2,0.004,88.79,24.48
FastDDS,LAN,4,1.79,0.598,0.062,84.35,27.67
FastDDS,LAN,4,4.196,0.221,0.019,76.5,25.37
FastDDS,LAN,4,3.579,0.258,0.065,91.87,13.93
FastDDS,LAN,4,2.468,0.502,0.001,86.28,24.64
FastDDS,LAN,4,2.726,0.393,0.004,81.46,21.37
FastDDS,LAN,4,3.324,0.401,0.004,82.75,21.5
FastDDS,LAN,4,3.405,0.083,0.0,89.26,22.64
FastDDS,LAN,4,3.583,0.517,0.025,79.34,23.41
FastDDS,LAN,4,3.402,0.674,0.029,90.77,29.6
FastDDS,LAN,4,2.459,0.467,0.02,90.6,23.31
FastDDS,LAN,4,3.29,0.149,0.06,79.37,20.93
FastDDS,LAN,4,2.661,0.372,0.049,80.49,28.64
FastDDS,LAN,4,3.205,0.489,0.023,86.04,27.3
FastDDS,LAN,4,2.752,0.428,0.015,81.77,25.68
FastDDS,LAN,4,4.163,0.525,0.004,80.74,25.69
FastDDS,LAN,4,3.331,0.381,0.03,80.41,22.87
FastDDS,LAN,4,3.524,0.366,0.009,95.12,23.76
FastDDS,LAN,4,2.008,0.64,0.03,90.39,30.97
FastDDS,LAN,4,3.232,0.398,0.039,96.1,31.61
FastDDS,LAN,4,2.875,0.406,0.06,83.27,29.28
FastDDS,LAN,4,3.141,0.439,0.0,80.49,25.91
FastDDS,LAN,4,4.152,0.416,0.025,94.29,22.04
FastDDS,LAN,4,3.894,0.428,0.044,91.25,24.84
FastDDS,LAN,4,2.694,0.396,0.0,82.91,23.36
FastDDS,LAN,4,3.404,0.494,0.043,95.8,30.98
FastDDS,LAN,4,3.903,0.525,0.011,94.6,22.8
FastDDS,LAN,4,2.947,0.292,0.037,85.32,27.28
FastDDS,LAN,4,2.749,0.22,0.021,83.57,27.95
FastDDS,LAN,4,4.391,0.51,0.037,78.83,17.78
FastDDS,LAN,4,2.853,0.226,0.004,94.4,23.65
FastDDS,LAN,4,3.233,0.262,0.05,99.12,23.03
FastDDS,LAN,4,2.872,0.491,0.075,85.35,27.2
FastDDS,LAN,4,3.989,0.414,0.042,87.87,29.35
FastDDS,LAN,4,2.764,0.244,0.031,83.87,26.26
FastDDS,LAN,4,3.344,0.273,0.016,93.39,36.74
FastDDS,LAN,4,2.635,0.304,0.009,82.2,22.69
FastDDS,LAN,4,2.948,0.779,0.015,79.13,27.97
FastDDS,LAN,4,2.749,0.535,0.0,80.24,23.33
FastDDS,LAN,4,2.498,0.432,0.073,81.74,32.29
FastDDS,LAN,4,2.783,0.425,0.034,92.27,31.38
FastDDS,LAN,4,3.368,0.253,0.054,88.97,21.12
FastDDS,LAN,4,3.95,0.445,0.0,85.2,19.79
FastDDS,LAN,4,3.684,0.359,0.023,88.97,22.6
FastDDS,LAN,4,1.954,0.425,0.026,89.53,22.37
FastDDS,LAN,4,2.465,0.373,0.024,81.44,20.25
FastDDS,LAN,4,2.276,0.108,0.016,85.64,24.09
FastDDS,LAN,4,4.731,0.458,0.019,79.2,20.98
FastDDS,LAN,4,2.463,0.45,0.062,91.05,24.04
FastDDS,LAN,4,3.21,0.357,0.029,80.85,30.47
FastDDS,LAN,4,3.566,0.487,0.037,78.98,30.24
FastDDS,LAN,4,3.22,0.61,0.007,83.57,20.92
FastDDS,LAN,4,3.165,0.408,0.028,88.17,24.12
FastDDS,LAN,4,3.119,0.328,0.022,89.91,21.62
FastDDS,LAN,4,2.979,0.436,0.037,93.91,20.79
FastDDS,LAN,4,4.176,0.412,0.044,80.86,23.7
FastDDS,LAN,4,2.101,0.418,0.001,88.49,22.21
FastDDS,LAN,4,3.385,0.518,0.055,87.32,22.37
FastDDS,LAN,4,3.207,0.609,0.026,78.27,20.6
FastDDS,LAN,4,3.223,0.354,0.04,90.84,28.12
FastDDS,LAN,4,3.368,0.536,0.025,75.17,17.69
FastDDS,LAN,4,3.56,0.314,0.012,78.89,22.98
FastDDS,LAN,4,3.519,0.404,0.028,92.38,21.8
FastDDS,LAN,4,1.384,0.479,0.035,81.48,32.24
FastDDS,LAN,4,2.732,0.402,0.044,86.02,24.27
FastDDS,LAN,4,3.154,0.477,0.072,79.92,27.39
FastDDS,LAN,4,3.184,0.474,0.015,89.05,23.94
FastDDS,LAN,4,4.131,0.361,0.0,94.35,27.72
FastDDS,LAN,4,3.291,0.41,0.019,92.41,21.78
FastDDS,LAN,4,3.363,0.3,0.0,83.85,22.15
FastDDS,LAN,4,2.344,0.599,0.031,90.28,19.91
FastDDS,LAN,4,3.036,0.578,0.052,85.67,22.27
FastDDS,LAN,4,3.764,0.402,0.065,79.5,30.01
FastDDS,LAN,4,3.637,0.496,0.007,89.7,22.03
FastDDS,LAN,4,2.917,0.377,0.049,86.06,24.91
FastDDS,LAN,4,3.206,0.378,0.003,80.47,36.5
FastDDS,LAN,4,2.448,0.333,0.056,87.71,30.96
FastDDS,LAN,4,2.906,0.31,0.043,84.88,28.46
FastDDS,LAN,4,3.222,0.64,0.043,88.53,22.78
FastDDS,LAN,4,2.912,0.102,0.039,90.88,21.97
FastDDS,LAN,4,2.339,0.571,0.028,93.87,20.94
FastDDS,LAN,4,2.548,0.278,0.0,86.05,32.1
FastDDS,LAN,4,2.983,0.491,0.007,81.93,22.79
FastDDS,LAN,4,4.919,0.184,0.029,82.51,31.98
FastDDS,LAN,4,2.48,0.011,0.008,86.07,26.95
FastDDS,LAN,4,4.57,0.182,0.029,84.76,21.16
FastDDS,LAN,4,2.9,0.3,0.039,90.47,26.54
FastDDS,LAN,4,3.598,0.302,0.065,80.13,35.66
FastDDS,LAN,4,3.609,0.381,0.037,82.37,30.5
FastDDS,LAN,4,3.578,0.125,0.027,86.31,32.39
FastDDS,LAN,4,3.384,0.653,0.0,84.75,23.4
FastDDS,LAN,4,3.245,0.547,0.038,83.54,25.17
FastDDS,LAN,4,2.51,0.418,0.016,76.16,21.6
FastDDS,LAN,4,3.564,0.018,0.042,68.45,21.45
FastDDS,LAN,4,2.89,0.407,0.007,71.28,29.61
FastDDS,LAN,4,3.284,0.508,0.052,86.16,19.62
FastDDS,LAN,4,2.239,0.401,0.018,90.97,24.14
FastDDS,LAN,4,4.011,0.427,0.066,94.28,30.81
FastDDS,LAN,4,4.27,0.547,0.014,92.25,20.01
FastDDS,LAN,4,1.895,0.295,0.03,81.09,31.0
FastDDS,LAN,4,2.767,0.258,0.031,91.73,27.45
FastDDS,LAN,4,2.741,0.346,0.056,79.8,21.57
FastDDS,LAN,4,2.309,0.327,0.044,83.35,23.7
FastDDS,LAN,4,3.976,0.618,0.026,79.52,20.84
FastDDS,LAN,4,2.801,0.673,0.069,91.78,25.98
FastDDS,LAN,4,2.321,0.614,0.019,97.81,26.19
FastDDS,LAN,4,2.209,0.447,0.05,85.27,24.71
FastDDS,LAN,4,3.636,0.467,0.012,81.66,18.57
FastDDS,LAN,4,3.023,0.095,0.0,91.89,24.45
FastDDS,LAN,4,3.135,0.391,0.02,81.69,29.32
FastDDS,LAN,4,4.125,0.614,0.045,91.79,25.71
FastDDS,LAN,4,3.557,0.417,0.0,78.79,19.02
FastDDS,LAN,4,3.479,0.137,0.031,92.67,26.95
FastDDS,LAN,4,3.266,0.352,0.04,98.28,27.58
FastDDS,LAN,4,3.765,0.479,0.037,91.11,25.44
FastDDS,LAN,4,2.521,0.458,0.029,86.21,19.88
FastDDS,LAN,4,3.533,0.413,0.017,86.67,22.15
FastDDS,LAN,4,2.929,0.422,0.036,87.42,28.28
FastDDS,LAN,4,3.281,0.182,0.036,84.68,29.64
FastDDS,LAN,4,3.407,0.59,0.02,89.21,31.72
FastDDS,LAN,4,2.357,0.353,0.049,80.55,22.04
FastDDS,LAN,4,3.512,0.165,0.042,87.81,20.33
FastDDS,LAN,4,2.972,0.273,0.017,84.24,24.06
FastDDS,LAN,4,2.869,0.539,0.048,87.26,20.65
FastDDS,LAN,4,3.852,0.689,0.01,85.86,15.96
FastDDS,LAN,4,3.443,0.322,0.036,86.87,22.46
FastDDS,LAN,4,4.063,0.68,0.021,85.88,27.67
FastDDS,LAN,4,4.482,0.359,0.009,78.36,23.33
FastDDS,LAN,4,2.973,0.459,0.007,78.51,25.52
FastDDS,LAN,4,3.233,0.376,0.071,77.56,16.62
FastDDS,LAN,4,2.614,0.655,0.057,81.29,17.96
FastDDS,LAN,4,3.633,0.501,0.053,92.4,26.27
FastDDS,LAN,4,3.867,0.37,0.033,89.6,22.86
FastDDS,LAN,4,3.982,0.372,0.0,78.89,31.07
FastDDS,LAN,4,3.26,0.28,0.011,85.38,21.61
FastDDS,LAN,4,2.199,0.359,0.008,81.96,21.31
FastDDS,LAN,4,2.819,0.405,0.032,82.18,24.68
FastDDS,LAN,4,3.083,0.376,0.019,83.68,24.27
FastDDS,LAN,4,3.198,0.456,0.005,79.33,29.8
FastDDS,LAN,4,3.239,0.448,0.011,89.11,35.82
FastDDS,LAN,4,3.668,0.558,0.033,85.07,26.34
FastDDS,LAN,4,2.623,0.349,0.013,87.51,32.41
FastDDS,LAN,4,3.406,0.322,0.005,90.06,27.75
FastDDS,LAN,4,3.322,0.271,0.045,84.86,27.23
FastDDS,LAN,4,3.27,0.485,0.063,80.92,26.42
FastDDS,LAN,4,2.801,0.661,0.049,91.72,20.85
FastDDS,LAN,4,3.842,0.37,0.037,90.07,22.24
FastDDS,LAN,4,2.474,0.403,0.005,76.76,28.27
FastDDS,LAN,4,3.357,0.52,0.01,92.84,23.21
FastDDS,LAN,4,3.876,0.418,0.017,81.54,19.63
FastDDS,LAN,4,3.24,0.624,0.023,77.95,26.73
FastDDS,LAN,4,3.261,0.474,0.012,82.06,22.27
FastDDS,LAN,4,2.992,0.269,0.012,87.53,25.02
FastDDS,LAN,4,3.668,0.363,0.052,80.68,32.43
FastDDS,LAN,4,2.264,0.409,0.04,82.82,24.02
FastDDS,LAN,4,3.802,0.197,0.018,87.04,30.93
FastDDS,LAN,4,2.832,0.27,0.008,76.71,20.86
FastDDS,LAN,4,3.507,0.605,0.04,91.8,25.25
FastDDS,LAN,4,2.426,0.492,0.033,82.51,23.06
FastDDS,LAN,4,3.164,0.464,0.027,81.98,24.32
FastDDS,LAN,4,4.065,0.616,0.024,78.55,26.87
FastDDS,LAN,4,2.808,0.512,0.015,80.49,29.62
FastDDS,LAN,4,3.802,0.414,0.011,83.6,25.91
FastDDS,LAN,4,3.974,0.256,0.07,91.0,27.83
FastDDS,LAN,4,3.785,0.231,0.0,89.9,24.15
FastDDS,LAN,4,3.287,0.592,0.008,96.24,28.68
FastDDS,LAN,4,2.779,0.524,0.034,87.88,22.31
FastDDS,LAN,4,3.007,0.601,0.04,84.51,21.93
FastDDS,LAN,4,2.295,0.22,0.067,82.69,19.47
FastDDS,LAN,4,2.398,0.475,0.028,82.0,26.7
FastDDS,LAN,4,3.384,0.621,0.041,83.68,31.99
FastDDS,LAN,4,3.162,0.44,0.054,81.95,26.2
FastDDS,LAN,4,3.712,0.329,0.003,84.04,18.68
FastDDS,LAN,4,3.223,0.246,0.018,96.18,27.89
FastDDS,LAN,4,4.147,0.334,0.037,86.66,25.7
FastDDS,LAN,4,3.05,0.478,0.009,85.37,24.56
FastDDS,LAN,4,2.52,0.463,0.017,95.77,31.05
FastDDS,LAN,4,1.784,0.249,0.05,81.53,24.39
FastDDS,LAN,4,4.616,0.628,0.063,89.32,32.19
FastDDS,LAN,4,2.693,0.296,0.05,99.33,24.8
FastDDS,LAN,4,3.078,0.54,0.076,95.13,25.74
FastDDS,LAN,4,2.96,0.414,0.055,81.61,22.96
FastDDS,LAN,4,2.495,0.269,0.024,78.32,23.19
FastDDS,LAN,4,2.555,0.362,0.021,90.48,23.03
FastDDS,LAN,4,3.728,0.355,0.007,74.76,20.75
FastDDS,LAN,4,3.948,0.2,0.033,92.03,21.63
FastDDS,LAN,4,2.428,0.294,0.001,92.94,22.92
FastDDS,LAN,4,4.123,0.345,0.042,86.76,16.02
FastDDS,LAN,4,2.924,0.517,0.0,87.14,25.18
FastDDS,LAN,4,3.4,0.639,0.046,82.88,19.36
FastDDS,LAN,4,4.02,0.499,0.008,93.62,29.11
FastDDS,LAN,4,2.771,0.191,0.023,95.58,28.3
FastDDS,LAN,4,2.517,0.327,0.032,87.53,28.95
FastDDS,LAN,4,3.16,0.276,0.052,86.15,28.12
FastDDS,LAN,4,3.482,0.48,0.026,82.8,20.23
FastDDS,LAN,4,3.154,0.218,0.033,95.05,22.69
FastDDS,LAN,4,3.366,0.271,0.05,86.29,22.13
FastDDS,LAN,4,2.964,0.333,0.029,91.28,18.34
FastDDS,LAN,4,3.111,0.716,0.034,86.84,18.78
FastDDS,LAN,4,2.822,0.32,0.024,89.59,21.13
FastDDS,LAN,4,2.476,0.313,0.039,88.98,27.36
FastDDS,LAN,4,3.41,0.515,0.024,81.28,25.83
FastDDS,LAN,4,2.932,0.36,0.026,85.1,25.44
FastDDS,LAN,4,3.231,0.308,0.061,81.07,36.14
FastDDS,LAN,4,2.525,0.476,0.027,91.09,22.93
FastDDS,LAN,4,2.46,0.397,0.028,88.89,24.38
FastDDS,LAN,4,3.226,0.398,0.002,73.65,21.04
FastDDS,LAN,4,3.194,0.225,0.046,80.42,27.48
FastDDS,LAN,4,2.927,0.649,0.06,86.59,24.83
FastDDS,LAN,4,4.047,0.354,0.003,86.25,22.67
FastDDS,LAN,4,3.656,0.396,0.015,98.08,28.17
FastDDS,LAN,4,2.721,0.407,0.031,85.67,26.69
FastDDS,LAN,4,2.88,0.332,0.019,81.75,22.69
FastDDS,LAN,4,3.367,0.338,0.004,86.41,24.95
FastDDS,LAN,16,4.678,0.295,0.052,82.57,24.63
FastDDS,LAN,16,4.59,0.329,0.054,81.4,25.31
FastDDS,LAN,16,4.369,0.563,0.014,75.28,29.27
FastDDS,LAN,16,3.912,0.411,0.009,79.88,28.31
FastDDS,LAN,16,4.401,0.505,0.067,75.88,23.9
FastDDS,LAN,16,4.118,0.508,0.034,75.42,25.5
FastDDS,LAN,16,2.552,0.361,0.0,79.1,18.65
FastDDS,LAN,16,3.469,0.213,0.0,89.19,27.5
FastDDS,LAN,16,4.06,0.51,0.034,71.76,20.54
FastDDS,LAN,16,4.179,0.414,0.004,92.7,23.32
FastDDS,LAN,16,3.809,0.249,0.058,76.5,17.28
FastDDS,LAN,16,4.282,0.194,0.012,85.94,20.79
FastDDS,LAN,16,4.276,0.365,0.011,77.27,26.56
FastDDS,LAN,16,4.251,0.463,0.0,89.83,30.69
FastDDS,LAN,16,2.742,0.598,0.069,75.73,26.25
FastDDS,LAN,16,3.992,0.538,0.029,88.27,30.55
FastDDS,LAN,16,3.768,0.147,0.024,82.89,22.85
FastDDS,LAN,16,3.24,0.35,0.049,90.02,23.39
FastDDS,LAN,16,4.105,0.202,0.034,91.85,24.37
FastDDS,LAN,16,2.709,0.302,0.037,81.68,25.89
FastDDS,LAN,16,3.388,0.26,0.024,90.35,25.73
FastDDS,LAN,16,3.685,0.458,0.044,82.82,27.09
FastDDS,LAN,16,4.197,0.529,0.006,89.49,28.24
FastDDS,LAN,16,3.58,0.56,0.012,77.62,31.84
FastDDS,LAN,16,2.491,0.353,0.045,97.15,22.79
FastDDS,LAN,16,3.418,0.714,0.034,87.95,28.86
FastDDS,LAN,16,3.611,0.235,0.008,88.19,32.25
FastDDS,LAN,16,4.128,0.655,0.047,93.81,21.28
FastDDS,LAN,16,2.827,0.3,0.014,75.87,26.46
FastDDS,LAN,16,3.503,0.315,0.009,76.85,27.15
FastDDS,LAN,16,3.785,0.505,0.007,88.3,22.45
FastDDS,LAN,16,4.169,0.551,0.038,74.55,30.98
FastDDS,LAN,16,3.735,0.296,0.0,94.89,27.96
FastDDS,LAN,16,3.688,0.475,0.007,91.08,23.81
FastDDS,LAN,16,3.915,0.097,0.051,74.12,22.06
FastDDS,LAN,16,3.784,0.366,0.045,78.27,21.8
FastDDS,LAN,16,4.436,0.263,0.082,84.99,34.38
FastDDS,LAN,16,3.478,0.388,0.022,83.81,25.97
FastDDS,LAN,16,4.488,0.461,0.035,79.1,30.04
FastDDS,LAN,16,4.091,0.251,0.027,86.57,27.02
FastDDS,LAN,16,4.159,0.362,0.032,85.0,25.9
FastDDS,LAN,16,3.159,0.141,0.015,76.56,23.78
FastDDS,LAN,16,3.491,0.425,0.018,78.98,29.14
FastDDS,LAN,16,3.767,0.237,0.036,97.15,25.38
FastDDS,LAN,16,3.466,0.45,0.043,88.73,23.04
FastDDS,LAN,16,5.227,0.419,0.028,87.91,26.92
FastDDS,LAN,16,2.551,0.255,0.026,88.18,27.22
FastDDS,LAN,16,3.387,0.576,0.022,91.72,24.16
FastDDS,LAN,16,3.151,0.449,0.02,93.58,27.35
FastDDS,LAN,16,3.852,0.419,0.025,88.05,17.07
FastDDS,LAN,16,3.259,0.373,0.035,82.58,27.9
FastDDS,LAN,16,2.288,0.358,0.029,88.7,26.72
FastDDS,LAN,16,3.393,0.288,0.047,80.89,19.44
FastDDS,LAN,16,4.093,0.543,0.055,91.91,31.0
FastDDS,LAN,16,3.603,0.263,0.034,85.55,20.73
FastDDS,LAN,16,3.892,0.66,0.008,89.46,25.54
FastDDS,LAN,16,3.645,0.601,0.027,90.67,27.25
FastDDS,LAN,16,3.524,0.446,0.003,84.25,26.33
FastDDS,LAN,16,4.05,0.361,0.065,82.64,20.44
FastDDS,LAN,16,3.802,0.257,0.042,88.96,32.85
FastDDS,LAN,16,3.341,0.119,0.0,85.39,19.03
FastDDS,LAN,16,4.376,0.396,0.047,76.17,26.72
FastDDS,LAN,16,3.976,0.127,0.004,83.33,22.13
FastDDS,LAN,16,3.293,0.409,0.015,81.52,25.62
FastDDS,LAN,16,4.478,0.349,0.039,82.5,28.64
FastDDS,LAN,16,3.843,0.421,0.0,94.64,18.11
FastDDS,LAN,16,3.549,0.405,0.047,90.23,26.85
FastDDS,LAN,16,3.989,0.329,0.077,79.77,27.73
FastDDS,LAN,16,4.157,0.53,0.011,70.29,31.54
FastDDS,LAN,16,4.551,0.402,0.027,78.78,28.02
FastDDS,LAN,16,4.837,0.566,0.044,96.11,31.31
FastDDS,LAN,16,3.426,0.385,0.053,86.03,19.71
FastDDS,LAN,16,4.003,0.465,0.05,93.01,25.28
FastDDS,LAN,16,3.975,0.303,0.037,84.44,27.66
FastDDS,LAN,16,3.728,0.481,0.003,86.27,23.15
FastDDS,LAN,16,4.048,0.396,0.037,85.63,22.95
FastDDS,LAN,16,4.145,0.239,0.051,76.91,28.43
FastDDS,LAN,16,3.743,0.439,0.027,80.01,20.64
FastDDS,LAN,16,3.431,0.638,0.038,82.1,25.92
FastDDS,LAN,16,3.717,0.468,0.022,85.86,17.75
FastDDS,LAN,16,4.322,0.436,0.016,74.84,27.68
FastDDS,LAN,16,3.247,0.205,0.002,91.21,27.26
FastDDS,LAN,16,2.866,0.478,0.03,86.99,25.74
FastDDS,LAN,16,3.998,0.457,0.023,89.62,21.73
FastDDS,LAN,16,3.636,0.383,0.048,90.41,20.73
FastDDS,LAN,16,3.564,0.109,0.035,78.78,23.06
FastDDS,LAN,16,4.346,0.341,0.058,71.0,24.58
FastDDS,LAN,16,4.732,0.504,0.036,77.31,23.04
FastDDS,LAN,16,3.26,0.208,0.015,83.66,23.09
FastDDS,LAN,16,3.946,0.821,0.035,76.16,25.81
FastDDS,LAN,16,4.145,0.404,0.033,83.57,29.03
FastDDS,LAN,16,4.745,0.502,0.005,86.97,23.9
FastDDS,LAN,16,3.667,0.514,0.0,82.99,27.02
FastDDS,LAN,16,4.567,0.492,0.027,81.93,25.42
FastDDS,LAN,16,3.704,0.556,0.022,78.33,25.87
FastDDS,LAN,16,3.952,0.461,0.015,76.83,23.4
FastDDS,LAN,16,4.063,0.279,0.026,76.31,24.6
FastDDS,LAN,16,3.586,0.328,0.067,88.15,25.56
FastDDS,LAN,16,3.509,0.407,0.025,81.72,22.44
FastDDS,LAN,16,4.334,0.612,0.047,90.39,22.61
FastDDS,LAN,16,4.462,0.596,0.018,79.78,27.93
FastDDS,LAN,16,3.178,0.26,0.052,84.25,29.53
FastDDS,LAN,16,3.718,0.448,0.071,86.23,20.39
FastDDS,LAN,16,4.334,0.598,0.038,88.11,19.36
FastDDS,LAN,16,4.137,0.29,0.052,93.4,28.09
FastDDS,LAN,16,3.112,0.039,0.07,76.15,25.58
FastDDS,LAN,16,4.379,0.565,0.009,95.91,25.2
FastDDS,LAN,16,3.041,0.425,0.036,78.77,19.76
FastDDS,LAN,16,3.301,0.258,0.018,81.07,21.58
FastDDS,LAN,16,5.052,0.332,0.086,85.93,19.67
FastDDS,LAN,16,4.071,0.343,0.028,85.48,22.38
FastDDS,LAN,16,3.74,0.327,0.025,100.39,27.05
FastDDS,LAN,16,3.619,0.301,0.061,76.91,32.72
FastDDS,LAN,16,4.381,0.324,0.032,94.87,18.54
FastDDS,LAN,16,3.247,0.301,0.051,80.82,29.62
FastDDS,LAN,16,2.863,0.463,0.014,98.57,31.29
FastDDS,LAN,16,3.966,0.276,0.021,90.08,25.27
FastDDS,LAN,16,2.808,0.539,0.048,85.04,26.47
FastDDS,LAN,16,3.273,0.468,0.007,89.64,26.35
FastDDS,LAN,16,3.049,0.344,0.034,87.96,28.9
FastDDS,LAN,16,3.266,0.677,0.065,84.46,22.92
FastDDS,LAN,16,4.948,0.333,0.015,74.29,32.09
FastDDS,LAN,16,3.969,0.386,0.036,86.72,31.4
FastDDS,LAN,16,2.887,0.418,0.023,92.22,20.5
FastDDS,LAN,16,4.223,0.303,0.068,79.94,27.31
FastDDS,LAN,16,3.98,0.382,0.009,82.62,24.04
FastDDS,LAN,16,3.831,0.428,0.048,87.06,20.85
FastDDS,LAN,16,3.076,0.486,0.009,82.08,20.59
FastDDS,LAN,16,4.494,0.153,0.037,79.53,23.41
FastDDS,LAN,16,4.142,0.446,0.01,83.54,25.57
FastDDS,LAN,16,4.338,0.567,0.044,80.29,35.39
FastDDS,LAN,16,3.739,0.55,0.016,83.63,15.48
FastDDS,LAN,16,3.744,0.343,0.042,71.06,27.11
FastDDS,LAN,16,3.88,0.448,0.058,85.05,22.32
FastDDS,LAN,16,3.253,0.456,0.07,74.5,25.13
FastDDS,LAN,16,4.294,0.575,0.011,74.99,26.51
FastDDS,LAN,16,3.879,0.449,0.01,78.82,19.27
FastDDS,LAN,16,3.379,0.664,0.038,91.55,22.76
FastDDS,LAN,16,3.161,0.11,0.003,87.43,25.69
FastDDS,LAN,16,4.037,0.359,0.024,80.41,29.38
FastDDS,LAN,16,4.079,0.367,0.011,83.24,24.31
FastDDS,LAN,16,4.067,0.348,0.021,77.84,24.72
FastDDS,LAN,16,4.19,0.421,0.045,82.29,30.0
FastDDS,LAN,16,4.027,0.434,0.034,88.37,26.4
FastDDS,LAN,16,4.333,0.402,0.023,90.84,25.19
FastDDS,LAN,16,3.882,0.416,0.027,86.12,28.69
FastDDS,LAN,16,3.615,0.324,0.065,81.47,20.07
FastDDS,LAN,16,3.876,0.449,0.017,91.55,19.63
FastDDS,LAN,16,3.396,0.3,0.029,87.88,24.45
FastDDS,LAN,16,3.426,0.279,0.039,81.9,22.11
FastDDS,LAN,16,4.329,0.425,0.046,88.79,21.23
FastDDS,LAN,16,3.501,0.092,0.022,88.54,20.18
FastDDS,LAN,16,3.829,0.689,0.03,94.97,30.48
FastDDS,LAN,16,2.514,0.472,0.053,89.82,32.83
FastDDS,LAN,16,4.33,0.224,0.035,90.36,27.41
FastDDS,LAN,16,4.498,0.392,0.034,83.0,22.0
FastDDS,LAN,16,3.115,0.512,0.042,87.37,21.06
FastDDS,LAN,16,3.807,0.554,0.0,80.77,28.56
FastDDS,LAN,16,4.154,0.596,0.007,82.06,25.07
FastDDS,LAN,16,4.1,0.515,0.049,84.82,25.4
FastDDS,LAN,16,3.348,0.429,0.035,83.08,31.05
FastDDS,LAN,16,3.568,0.355,0.019,78.63,29.04
FastDDS,LAN,16,4.445,0.46,0.015,82.98,22.88
FastDDS,LAN,16,3.516,0.531,0.024,87.94,28.99
FastDDS,LAN,16,2.948,0.264,0.029,79.24,32.85
FastDDS,LAN,16,2.817,0.131,0.029,82.75,23.13
FastDDS,LAN,16,4.316,0.144,0.041,71.55,25.56
FastDDS,LAN,16,3.641,0.195,0.067,92.19,19.46
FastDDS,LAN,16,3.528,0.266,0.028,72.73,24.1
FastDDS,LAN,16,4.037,0.338,0.037,84.52,23.63
FastDDS,LAN,16,3.884,0.464,0.018,79.42,24.22
FastDDS,LAN,16,3.893,0.598,0.032,89.46,23.46
FastDDS,LAN,16,3.634,0.365,0.02,75.6,21.44
FastDDS,LAN,16,3.463,0.574,0.024,80.25,19.76
FastDDS,LAN,16,3.357,0.407,0.074,82.06,17.91
FastDDS,LAN,16,2.999,0.372,0.043,88.55,25.71
FastDDS,LAN,16,3.128,0.398,0.034,89.43,24.81
FastDDS,LAN,16,4.957,0.39,0.044,89.98,18.95
FastDDS,LAN,16,3.456,0.571,0.044,76.06,28.71
FastDDS,LAN,16,2.771,0.371,0.01,75.93,21.14
FastDDS,LAN,16,3.51,0.362,0.023,92.81,29.55
FastDDS,LAN,16,3.675,0.098,0.038,78.48,25.43
FastDDS,LAN,16,3.901,0.591,0.046,75.33,28.05
FastDDS,LAN,16,4.606,0.387,0.054,80.47,27.04
FastDDS,LAN,16,4.215,0.377,0.034,73.79,28.22
FastDDS,LAN,16,2.578,0.332,0.008,85.84,25.62
FastDDS,LAN,16,2.157,0.551,0.045,89.34,21.97
FastDDS,LAN,16,3.944,0.399,0.005,81.88,23.05
FastDDS,LAN,16,4.432,0.343,0.017,77.59,27.75
FastDDS,LAN,16,3.447,0.322,0.035,93.25,29.68
FastDDS,LAN,16,3.486,0.551,0.038,90.75,24.27
FastDDS,LAN,16,3.562,0.334,0.0,81.7,21.63
FastDDS,LAN,16,3.357,0.345,0.045,93.41,21.64
FastDDS,LAN,16,3.674,0.462,0.017,71.23,29.12
FastDDS,LAN,16,4.513,0.082,0.015,79.56,32.66
FastDDS,LAN,16,4.297,0.671,0.02,84.79,25.36
FastDDS,LAN,16,3.674,0.451,0.038,83.15,22.6
FastDDS,LAN,16,4.758,0.261,0.066,91.64,25.96
FastDDS,LAN,16,3.178,0.293,0.069,83.03,34.03
FastDDS,LAN,16,3.489,0.228,0.028,93.92,29.45
FastDDS,LAN,16,4.832,0.39,0.003,82.05,17.43
FastDDS,LAN,16,4.935,0.004,0.022,90.85,19.8
FastDDS,LAN,16,3.825,0.421,0.02,82.74,21.75
FastDDS,LAN,16,4.566,0.503,0.002,85.0,27.01
FastDDS,LAN,16,3.268,0.508,0.068,85.91,27.25
FastDDS,LAN,16,3.818,0.576,0.043,95.79,23.84
FastDDS,LAN,16,4.364,0.606,0.07,80.48,26.29
FastDDS,LAN,16,3.572,0.186,0.0,87.52,28.51
FastDDS,LAN,16,4.059,0.497,0.023,82.39,24.44
FastDDS,LAN,16,4.34,0.294,0.017,87.05,19.75
FastDDS,LAN,16,3.499,0.374,0.049,84.5,29.37
FastDDS,LAN,16,3.775,0.49,0.023,84.64,29.7
FastDDS,LAN,16,4.116,0.222,0.035,95.02,22.8
FastDDS,LAN,16,3.801,0.274,0.012,89.11,29.98
FastDDS,LAN,16,4.092,0.582,0.038,89.14,23.24
FastDDS,LAN,16,3.896,0.218,0.069,80.24,25.98
FastDDS,LAN,16,3.543,0.276,0.031,86.38,26.33
FastDDS,LAN,16,3.092,0.658,0.023,83.14,23.54
FastDDS,LAN,16,3.496,0.524,0.0,88.73,17.48
FastDDS,LAN,16,3.445,0.502,0.048,96.91,26.81
FastDDS,LAN,16,4.209,0.406,0.007,80.63,22.68
FastDDS,LAN,16,3.83,0.503,0.05,85.44,27.27
FastDDS,LAN,16,3.371,0.449,0.041,88.91,25.36
FastDDS,LAN,16,3.699,0.416,0.006,78.2,28.58
FastDDS,LAN,16,3.818,0.43,0.074,77.9,22.56
FastDDS,LAN,16,4.276,0.606,0.031,69.6,15.31
FastDDS,LAN,16,4.592,0.359,0.037,86.77,24.06
FastDDS,LAN,16,4.041,0.282,0.051,87.45,26.55
FastDDS,LAN,16,3.813,0.605,0.042,90.97,22.34
FastDDS,LAN,16,4.21,0.621,0.048,92.06,24.06
FastDDS,LAN,16,3.925,0.39,0.072,87.22,24.4
FastDDS,LAN,16,3.93,0.289,0.0,91.48,20.87
FastDDS,LAN,16,4.3,0.295,0.037,80.41,21.93
FastDDS,LAN,16,3.591,0.248,0.011,85.95,22.3
FastDDS,LAN,16,3.113,0.653,0.016,83.67,27.5
FastDDS,LAN,16,5.265,0.485,0.019,89.25,29.6
FastDDS,LAN,16,4.551,0.485,0.027,94.25,28.53
FastDDS,LAN,16,4.211,0.408,0.001,95.34,28.35
FastDDS,LAN,16,4.089,0.705,0.032,87.22,33.01
FastDDS,LAN,16,3.661,0.73,0.06,85.31,31.07
FastDDS,LAN,16,5.451,0.365,0.018,84.62,25.64
FastDDS,LAN,16,4.05,0.406,0.021,77.88,24.87
FastDDS,LAN,16,4.326,0.369,0.06,82.67,24.67
FastDDS,LAN,16,4.451,0.536,0.0,81.65,25.1
FastDDS,LAN,16,3.47,0.615,0.009,81.91,29.93
FastDDS,LAN,16,2.763,0.402,0.034,82.69,22.9
FastDDS,LAN,16,3.669,0.556,0.055,91.53,21.82
FastDDS,LAN,16,4.017,0.383,0.0,84.21,23.64
FastDDS,LAN,16,2.968,0.305,0.031,80.5,28.47
FastDDS,LAN,16,3.672,0.446,0.014,85.39,27.94
FastDDS,LAN,16,3.311,0.57,0.043,79.86,30.37
FastDDS,LAN,16,3.023,0.334,0.039,82.84,23.3
FastDDS,LAN,16,3.309,0.298,0.055,88.59,29.54
FastDDS,LAN,16,3.401,0.282,0.039,97.85,25.34
FastDDS,LAN,16,3.828,0.473,0.046,81.6,28.29
FastDDS,LAN,16,2.949,0.567,0.0,73.58,31.83
FastDDS,LAN,16,3.825,0.34,0.0,78.29,27.45
FastDDS,LAN,16,3.433,0.493,0.021,91.1,24.93
FastDDS,LAN,16,4.101,0.239,0.019,89.13,23.09
FastDDS,LAN,16,3.393,0.57,0.038,90.27,24.22
FastDDS,LAN,16,4.567,0.285,0.079,89.29,23.06
FastDDS,LAN,16,4.163,0.295,0.031,78.28,23.92
FastDDS,LAN,16,3.162,0.466,0.037,86.28,22.45
FastDDS,LAN,16,2.66,0.276,0.025,71.61,24.19
FastDDS,LAN,16,3.582,0.321,0.051,97.22,21.52
FastDDS,LAN,16,4.285,0.374,0.022,79.66,29.12
FastDDS,LAN,16,3.756,0.426,0.036,90.73,25.17
FastDDS,LAN,16,3.853,0.565,0.017,98.97,31.25
FastDDS,LAN,16,4.311,0.367,0.015,88.05,21.7
FastDDS,LAN,16,3.706,0.248,0.07,75.13,21.75
FastDDS,LAN,16,4.228,0.532,0.013,91.02,20.73
FastDDS,LAN,16,3.199,0.419,0.01,86.11,23.89
FastDDS,LAN,16,3.557,0.374,0.012,93.88,25.87
FastDDS,LAN,16,2.912,0.432,0.0,87.85,23.66
FastDDS,LAN,16,3.307,0.31,0.031,92.87,29.36
FastDDS,LAN,16,3.48,0.527,0.026,82.66,26.79
FastDDS,LAN,16,3.525,0.365,0.033,93.07,25.37
FastDDS,LAN,16,3.725,0.258,0.038,82.27,17.41
FastDDS,LAN,16,2.641,0.161,0.01,78.46,25.11
FastDDS,LAN,16,3.678,0.501,0.028,81.12,18.72
FastDDS,LAN,16,2.747,0.476,0.03,82.65,26.84
FastDDS,LAN,16,5.564,0.725,0.004,83.12,15.44
FastDDS,LAN,16,3.547,0.364,0.022,75.48,24.33
FastDDS,LAN,16,4.225,0.407,0.004,90.07,18.42
FastDDS,LAN,16,2.667,0.337,0.029,86.4,26.34
FastDDS,LAN,16,4.466,0.462,0.018,85.74,21.83
FastDDS,LAN,16,3.886,0.652,0.0,86.8,28.21
FastDDS,LAN,16,4.246,0.507,0.003,91.16,29.75
FastDDS,LAN,16,4.81,0.367,0.031,85.12,25.34
FastDDS,LAN,16,3.994,0.522,0.02,76.39,26.91
FastDDS,LAN,16,3.872,0.29,0.069,85.82,24.75
FastDDS,LAN,16,3.565,0.471,0.063,81.52,33.35
FastDDS,LAN,16,4.223,0.535,0.057,73.25,27.25
FastDDS,LAN,16,3.666,0.404,0.029,78.93,28.72
FastDDS,LAN,16,4.307,0.395,0.011,78.89,22.16
FastDDS,LAN,16,3.767,0.154,0.0,75.49,20.57
FastDDS,LAN,16,4.058,0.436,0.027,81.06,24.7
FastDDS,LAN,16,4.779,0.565,0.008,87.52,22.27
FastDDS,LAN,16,2.784,0.541,0.095,90.67,21.03
FastDDS,LAN,16,3.966,0.502,0.037,82.49,28.38
FastDDS,LAN,64,4.931,0.519,0.063,83.17,20.03
FastDDS,LAN,64,5.955,0.476,0.059,83.47,27.85
FastDDS,LAN,64,5.972,0.35,0.056,83.74,28.2
FastDDS,LAN,64,5.964,0.399,0.06,87.32,23.73
FastDDS,LAN,64,5.643,0.412,0.062,77.44,22.4
FastDDS,LAN,64,5.992,0.33,0.021,82.93,28.33
FastDDS,LAN,64,5.467,0.242,0.008,84.01,28.2
FastDDS,LAN,64,6.84,0.429,0.012,87.01,33.95
FastDDS,LAN,64,6.642,0.115,0.011,84.3,16.88
FastDDS,LAN,64,6.239,0.304,0.035,80.26,25.65
FastDDS,LAN,64,6.437,0.043,0.027,93.3,22.68
FastDDS,LAN,64,6.186,0.485,0.038,87.01,23.65
FastDDS,LAN,64,6.421,0.411,0.013,82.5,27.25
FastDDS,LAN,64,6.71,0.335,0.039,77.93,22.8
FastDDS,LAN,64,6.474,0.625,0.001,77.48,28.73
FastDDS,LAN,64,7.515,0.552,0.0,83.1,26.52
FastDDS,LAN,64,5.739,0.095,0.047,70.55,24.02
FastDDS,LAN,64,6.536,0.34,0.068,81.59,32.08
FastDDS,LAN,64,6.184,0.109,0.075,71.93,20.67
FastDDS,LAN,64,6.669,0.691,0.0,73.07,27.15
FastDDS,LAN,64,6.093,0.576,0.018,82.31,22.62
FastDDS,LAN,64,6.998,0.403,0.03,79.93,26.59
FastDDS,LAN,64,6.805,0.499,0.028,80.64,25.97
FastDDS,LAN,64,6.077,0.448,0.052,80.04,20.3
FastDDS,LAN,64,6.829,0.304,0.012,78.53,30.55
FastDDS,LAN,64,7.146,0.499,0.004,74.61,20.61
FastDDS,LAN,64,5.582,0.301,0.067,80.7,27.9
FastDDS,LAN,64,5.788,0.743,0.021,73.43,22.49
FastDDS,LAN,64,6.067,0.211,0.003,72.94,21.31
FastDDS,LAN,64,6.701,0.579,0.03,80.75,29.13
FastDDS,LAN,64,6.294,0.759,0.025,88.16,27.32
FastDDS,LAN,64,6.596,0.385,0.029,78.95,18.57
FastDDS,LAN,64,5.173,0.135,0.002,74.66,24.83
FastDDS,LAN,64,5.787,0.326,0.053,81.21,18.73
FastDDS,LAN,64,7.167,0.435,0.031,72.56,31.37
FastDDS,LAN,64,6.293,0.341,0.057,90.44,27.74
FastDDS,LAN,64,6.524,0.548,0.036,77.66,18.67
FastDDS,LAN,64,5.309,0.412,0.078,83.5,17.87
FastDDS,LAN,64,5.926,0.176,0.022,74.8,26.26
FastDDS,LAN,64,6.839,0.3,0.053,82.56,26.25
FastDDS,LAN,64,6.838,0.317,0.014,82.29,23.23
FastDDS,LAN,64,6.492,0.298,0.019,74.33,20.7
FastDDS,LAN,64,5.766,0.357,0.027,87.76,31.87
FastDDS,LAN,64,6.354,0.546,0.022,83.35,20.93
FastDDS,LAN,64,6.422,0.572,0.018,72.19,27.47
FastDDS,LAN,64,7.971,0.43,0.068,86.55,25.62
FastDDS,LAN,64,6.269,0.373,0.022,78.66,27.42
FastDDS,LAN,64,6.488,0.449,0.041,76.19,28.48
FastDDS,LAN,64,5.749,0.577,0.032,67.5,26.67
FastDDS,LAN,64,5.101,0.272,0.0,84.13,20.34
FastDDS,LAN,64,6.206,0.449,0.038,79.33,25.12
FastDDS,LAN,64,5.608,0.395,0.027,97.64,24.78
FastDDS,LAN,64,7.242,0.417,0.028,84.02,14.97
FastDDS,LAN,64,6.519,0.705,0.033,89.04,28.37
FastDDS,LAN,64,6.4,0.553,0.048,91.07,23.32
FastDDS,LAN,64,6.727,0.429,0.02,83.75,21.63
FastDDS,LAN,64,6.207,0.352,0.017,71.84,24.49
FastDDS,LAN,64,7.058,0.509,0.02,81.02,17.5
FastDDS,LAN,64,6.401,0.385,0.015,75.22,38.2
FastDDS,LAN,64,5.68,0.528,0.034,89.73,24.91
FastDDS,LAN,64,5.547,0.394,0.034,82.83,26.04
FastDDS,LAN,64,5.763,0.629,0.034,63.75,38.48
FastDDS,LAN,64,6.524,0.605,0.0,73.89,20.28
FastDDS,LAN,64,6.583,0.395,0.017,84.42,20.36
FastDDS,LAN,64,6.766,0.436,0.048,73.33,24.28
FastDDS,LAN,64,5.996,0.395,0.047,79.63,25.9
FastDDS,LAN,64,6.572,0.414,0.017,87.74,24.49
FastDDS,LAN,64,6.883,0.519,0.038,89.62,31.49
FastDDS,LAN,64,6.58,0.719,0.035,80.74,29.3
FastDDS,LAN,64,7.165,0.361,0.047,86.78,33.37
FastDDS,LAN,64,5.413,0.359,0.072,78.51,24.44
FastDDS,LAN,64,6.057,0.164,0.007,76.65,25.24
FastDDS,LAN,64,6.484,0.261,0.006,76.23,28.08
FastDDS,LAN,64,7.4,0.863,0.036,80.89,23.11
FastDDS,LAN,64,6.258,0.308,0.0,85.16,27.13
FastDDS,LAN,64,6.693,0.082,0.04,75.34,28.04
FastDDS,LAN,64,6.307,0.366,0.007,85.62,22.64
FastDDS,LAN,64,6.811,0.329,0.031,83.9,26.5
FastDDS,LAN,64,5.788,0.3,0.032,70.04,27.23
FastDDS,LAN,64,6.415,0.366,0.003,74.77,23.24
FastDDS,LAN,64,6.302,0.27,0.023,84.97,23.28
FastDDS,LAN,64,6.106,0.339,0.032,81.57,23.79
FastDDS,LAN,64,6.328,0.634,0.025,82.35,22.43
FastDDS,LAN,64,5.221,0.516,0.0,88.44,23.28
FastDDS,LAN,64,6.33,0.236,0.038,70.46,21.07
FastDDS,LAN,64,6.056,0.435,0.01,73.84,14.76
FastDDS,LAN,64,6.646,0.591,0.052,82.91,23.39
FastDDS,LAN,64,7.371,0.283,0.05,79.83,28.77
FastDDS,LAN,64,6.293,0.548,0.057,81.84,24.89
FastDDS,LAN,64,6.571,0.292,0.057,79.74,26.45
FastDDS,LAN,64,7.102,0.166,0.019,86.5,19.84
FastDDS,LAN,64,6.312,0.38,0.041,77.49,25.07
FastDDS,LAN,64,6.535,0.596,0.043,75.1,26.01
FastDDS,LAN,64,6.05,0.692,0.027,76.85,32.87
FastDDS,LAN,64,6.07,0.439,0.007,70.69,31.3
FastDDS,LAN,64,5.709,0.625,0.045,67.94,22.74
FastDDS,LAN,64,6.624,0.221,0.011,89.25,24.73
FastDDS,LAN,64,5.907,0.217,0.039,88.95,28.1
FastDDS,LAN,64,6.89,0.441,0.025,85.44,28.61
FastDDS,LAN,64,5.763,0.413,0.034,84.04,20.29
FastDDS,LAN,64,5.944,0.226,0.017,72.1,29.58
FastDDS,LAN,64,5.488,0.461,0.006,86.1,30.1
FastDDS,LAN,64,7.76,0.509,0.035,86.18,25.81
FastDDS,LAN,64,6.396,0.192,0.03,83.77,17.52
FastDDS,LAN,64,5.998,0.453,0.006,80.11,20.01
FastDDS,LAN,64,6.306,0.358,0.018,81.97,22.85
FastDDS,LAN,64,6.285,0.283,0.018,88.02,20.88
FastDDS,LAN,64,5.995,0.333,0.052,76.98,25.29
FastDDS,LAN,64,7.218,0.421,0.037,81.8,24.46
FastDDS,LAN,64,5.746,0.486,0.033,83.61,24.54
FastDDS,LAN,64,5.825,0.769,0.024,89.3,31.18
FastDDS,LAN,64,5.758,0.572,0.007,75.5,25.83
FastDDS,LAN,64,6.45,0.433,0.033,82.19,24.29
FastDDS,LAN,64,5.643,0.583,0.023,84.98,25.98
FastDDS,LAN,64,6.585,0.394,0.009,84.4,18.46
FastDDS,LAN,64,5.433,0.152,0.012,79.2,25.12
FastDDS,LAN,64,6.16,0.359,0.022,73.0,17.77
FastDDS,LAN,64,5.471,0.411,0.031,89.36,27.64
FastDDS,LAN,64,6.248,0.572,0.02,84.14,22.03
FastDDS,LAN,64,5.882,0.315,0.022,83.92,27.57
FastDDS,LAN,64,5.943,0.458,0.0,87.94,24.35
FastDDS,LAN,64,6.417,0.68,0.031,74.02,21.32
FastDDS,LAN,64,5.971,0.43,0.029,79.78,26.01
FastDDS,LAN,64,5.963,0.323,0.018,86.41,26.62
FastDDS,LAN,64,6.053,0.341,0.009,72.01,27.27
FastDDS,LAN,64,6.135,0.182,0.007,83.25,23.46
FastDDS,LAN,64,6.597,0.318,0.028,81.83,25.29
FastDDS,LAN,64,6.168,0.821,0.032,95.42,19.13
FastDDS,LAN,64,6.569,0.37,0.042,76.38,25.03
FastDDS,LAN,64,5.995,0.37,0.063,88.41,35.33
FastDDS,LAN,64,6.295,0.435,0.006,76.02,27.91
FastDDS,LAN,64,6.472,0.45,0.051,80.0,26.53
FastDDS,LAN,64,6.119,0.415,0.041,84.01,20.55
FastDDS,LAN,64,6.021,0.445,0.061,90.73,25.38
FastDDS,LAN,64,6.098,0.305,0.025,77.07,28.4
FastDDS,LAN,64,6.597,0.234,0.007,82.61,27.28
FastDDS,LAN,64,6.996,0.428,0.005,98.95,28.31
FastDDS,LAN,64,6.583,0.459,0.03,85.98,26.34
FastDDS,LAN,64,5.44,0.34,0.042,70.66,20.37
FastDDS,LAN,64,7.4,0.306,0.017,76.84,29.23
FastDDS,LAN,64,6.005,0.395,0.056,69.0,26.02
FastDDS,LAN,64,5.92,0.438,0.012,79.49,25.04
FastDDS,LAN,64,6.233,0.525,0.035,67.61,33.35
FastDDS,LAN,64,6.269,0.526,0.029,85.57,28.21
FastDDS,LAN,64,5.526,0.653,0.023,71.44,29.43
FastDDS,LAN,64,5.559,0.373,0.042,80.77,21.67
FastDDS,LAN,64,5.967,0.265,0.073,80.29,28.87
FastDDS,LAN,64,6.337,0.394,0.003,83.09,21.18
FastDDS,LAN,64,6.558,0.503,0.044,80.45,25.87
FastDDS,LAN,64,5.792,0.412,0.043,80.65,15.51
FastDDS,LAN,64,5.917,0.39,0.04,88.52,27.4
FastDDS,LAN,64,5.792,0.398,0.02,81.51,28.98
FastDDS,LAN,64,6.501,0.245,0.016,82.44,26.62
FastDDS,LAN,64,5.751,0.619,0.065,75.08,26.19
FastDDS,LAN,64,6.414,0.384,0.042,75.07,23.0
FastDDS,LAN,64,5.644,0.137,0.027,73.07,33.91
FastDDS,LAN,64,5.683,0.077,0.062,74.41,25.51
FastDDS,LAN,64,6.52,0.612,0.038,78.27,33.47
FastDDS,LAN,64,6.47,0.265,0.017,74.8,23.38
FastDDS,LAN,64,7.012,0.28,0.02,74.03,27.67
FastDDS,LAN,64,6.139,0.367,0.02,80.75,17.37
FastDDS,LAN,64,6.813,0.319,0.063,77.71,25.04
FastDDS,LAN,64,6.049,0.36,0.038,76.49,24.25
FastDDS,LAN,64,6.61,0.303,0.042,73.68,24.37
FastDDS,LAN,64,5.861,0.45,0.047,72.88,30.47
FastDDS,LAN,64,6.061,0.281,0.032,76.44,25.31
FastDDS,LAN,64,5.149,0.635,0.0,90.17,22.35
FastDDS,LAN,64,6.946,0.594,0.037,81.72,27.04
FastDDS,LAN,64,6.036,0.463,0.049,75.78,22.51
FastDDS,LAN,64,7.168,0.431,0.049,75.58,25.26
FastDDS,LAN,64,6.1,0.496,0.014,84.61,27.75
FastDDS,LAN,64,6.783,0.435,0.041,82.99,23.48
FastDDS,LAN,64,6.334,0.317,0.001,82.56,26.4
FastDDS,LAN,64,5.29,0.416,0.001,87.33,27.92
FastDDS,LAN,64,6.607,0.348,0.026,79.68,24.0
FastDDS,LAN,64,6.181,0.321,0.001,70.1,26.05
FastDDS,LAN,64,5.285,0.369,0.027,87.02,30.85
FastDDS,LAN,64,5.772,0.462,0.022,74.29,22.56
FastDDS,LAN,64,6.425,0.166,0.053,79.49,23.96
FastDDS,LAN,64,6.936,0.574,0.01,85.94,32.58
FastDDS,LAN,64,6.225,0.52,0.006,84.47,23.0
FastDDS,LAN,64,4.816,0.368,0.01,95.89,31.3
FastDDS,LAN,64,6.845,0.446,0.051,83.18,20.06
FastDDS,LAN,64,6.762,0.452,0.049,81.05,29.13
FastDDS,LAN,64,6.085,0.433,0.03,79.39,23.35
FastDDS,LAN,64,6.213,0.338,0.049,87.82,25.37
FastDDS,LAN,64,6.974,0.24,0.05,86.74,24.36
FastDDS,LAN,64,6.538,0.401,0.052,80.06,25.6
FastDDS,LAN,64,6.921,0.272,0.025,75.95,22.79
FastDDS,LAN,64,5.936,0.469,0.021,78.32,27.1
FastDDS,LAN,64,6.257,0.274,0.036,77.35,32.23
FastDDS,LAN,64,6.394,0.172,0.07,68.97,26.06
FastDDS,LAN,64,6.153,0.246,0.031,68.74,25.83
FastDDS,LAN,64,6.699,0.446,0.0,86.56,16.44
FastDDS,LAN,64,6.253,0.458,0.061,90.4,30.39
FastDDS,LAN,64,6.657,0.495,0.037,92.94,22.85
FastDDS,LAN,64,5.986,0.633,0.047,88.39,29.65
FastDDS,LAN,64,5.867,0.579,0.05,77.88,19.06
FastDDS,LAN,64,7.001,0.534,0.032,70.97,23.26
FastDDS,LAN,64,5.745,0.367,0.023,83.52,28.66
FastDDS,LAN,64,6.191,0.328,0.053,77.4,25.2
FastDDS,LAN,64,5.983,0.405,0.056,83.07,28.06
FastDDS,LAN,64,6.036,0.481,0.0,79.04,23.22
FastDDS,LAN,64,5.732,0.509,0.035,77.19,27.97
FastDDS,LAN,64,6.461,0.321,0.031,69.26,23.39
FastDDS,LAN,64,5.99,0.443,0.058,77.1,25.6
FastDDS,LAN,64,6.366,0.429,0.046,74.44,27.87
FastDDS,LAN,64,5.648,0.661,0.019,78.18,23.66
FastDDS,LAN,64,6.857,0.117,0.023,78.12,26.27
FastDDS,LAN,64,5.374,0.274,0.023,69.72,29.19
FastDDS,LAN,64,6.748,0.36,0.022,88.84,21.13
FastDDS,LAN,64,6.249,0.479,0.016,83.32,22.91
FastDDS,LAN,64,6.362,0.422,0.05,77.24,20.47
FastDDS,LAN,64,5.497,0.47,0.03,75.55,23.23
FastDDS,LAN,64,6.365,0.43,0.025,75.11,23.26
FastDDS,LAN,64,6.451,0.529,0.056,80.48,26.75
FastDDS,LAN,64,5.576,0.423,0.016,74.96,27.64
FastDDS,LAN,64,5.769,0.396,0.056,76.68,20.88
FastDDS,LAN,64,6.214,0.578,0.022,81.69,22.94
FastDDS,LAN,64,6.652,0.603,0.019,75.39,16.29
FastDDS,LAN,64,5.565,0.22,0.0,82.55,15.18
FastDDS,LAN,64,6.301,0.537,0.033,73.67,24.6
FastDDS,LAN,64,6.9,0.185,0.04,84.35,23.54
FastDDS,LAN,64,6.237,0.241,0.0,78.26,19.78
FastDDS,LAN,64,6.356,0.454,0.008,81.94,18.0
FastDDS,LAN,64,6.063,0.331,0.002,78.45,32.58
FastDDS,LAN,64,6.192,0.38,0.051,79.26,27.39
FastDDS,LAN,64,5.52,0.496,0.028,75.34,18.74
FastDDS,LAN,64,6.476,0.211,0.016,76.24,26.84
FastDDS,LAN,64,7.096,0.363,0.095,85.63,17.01
FastDDS,LAN,64,6.376,0.36,0.055,76.2,20.29
FastDDS,LAN,64,6.315,0.473,0.029,78.97,21.97
FastDDS,LAN,64,5.708,0.387,0.0,76.84,26.09
FastDDS,LAN,64,6.71,0.656,0.009,78.66,33.48
FastDDS,LAN,64,6.045,0.378,0.022,71.42,29.45
FastDDS,LAN,64,6.667,0.511,0.02,79.17,26.53
FastDDS,LAN,64,6.46,0.248,0.007,85.14,22.75
FastDDS,LAN,64,5.8,0.633,0.036,85.64,23.75
FastDDS,LAN,64,5.771,0.623,0.003,86.8,22.24
FastDDS,LAN,64,5.737,0.356,0.019,80.28,25.85
FastDDS,LAN,64,5.783,0.387,0.047,68.27,27.81
FastDDS,LAN,64,6.341,0.545,0.017,71.23,28.82
FastDDS,LAN,64,5.724,0.475,0.007,75.96,25.98
FastDDS,LAN,64,5.349,0.429,0.049,78.22,34.63
FastDDS,LAN,64,6.318,0.19,0.029,79.75,29.96
FastDDS,LAN,64,6.571,0.731,0.023,78.3,23.68
FastDDS,LAN,64,5.863,0.481,0.025,91.58,22.11
FastDDS,LAN,64,5.741,0.288,0.037,74.79,33.97
FastDDS,LAN,64,6.297,0.406,0.006,83.78,26.59
FastDDS,LAN,64,5.491,0.431,0.046,77.95,27.62
FastDDS,LAN,64,5.931,0.1,0.027,87.55,22.34
FastDDS,LAN,64,5.276,0.531,0.037,75.55,26.55
FastDDS,LAN,64,5.726,0.711,0.016,83.04,29.89
FastDDS,LAN,64,6.783,0.616,0.01,87.37,20.24
FastDDS,LAN,64,5.907,0.436,0.039,75.01,17.12
FastDDS,LAN,64,5.934,0.279,0.037,88.08,24.21
FastDDS,LAN,64,5.024,0.655,0.03,89.9,23.1
FastDDS,LAN,64,5.195,0.382,0.021,82.43,30.29
FastDDS,LAN,64,6.673,0.271,0.019,78.24,26.01
FastDDS,LAN,64,7.09,0.635,0.011,87.45,25.52
FastDDS,LAN,64,7.044,0.159,0.024,84.67,28.61
FastDDS,LAN,64,5.772,0.454,0.057,79.38,19.27
FastDDS,LAN,64,6.852,0.424,0.045,84.16,25.88
FastDDS,LAN,64,6.695,0.317,0.052,85.66,16.57
FastDDS,LAN,64,5.864,0.568,0.0,75.46,25.42
FastDDS,LAN,64,5.755,0.315,0.053,80.13,25.66
FastDDS,LAN,64,5.525,0.395,0.035,76.86,29.83
FastDDS,LAN,64,6.093,0.439,0.031,86.23,28.02
FastDDS,LAN,64,5.453,0.365,0.07,79.29,21.85
FastDDS,LAN,64,6.007,0.481,0.054,77.42,26.53
FastDDS,LAN,64,5.992,0.215,0.028,77.46,20.91
FastDDS,LAN,64,5.735,0.666,0.018,76.11,19.07
FastDDS,LAN,64,5.342,0.3,0.031,84.85,23.35
FastDDS,LAN,64,5.946,0.232,0.0,82.7,28.17
FastDDS,LAN,64,6.937,0.216,0.058,82.27,23.14
FastDDS,LAN,64,6.502,0.508,0.017,73.1,19.98
FastDDS,LAN,64,6.256,0.384,0.032,80.83,28.03
FastDDS,LAN,64,6.132,0.478,0.038,79.53,26.21
FastDDS,LAN,64,6.046,0.323,0.027,79.02,25.95
FastDDS,LAN,64,6.625,0.594,0.013,72.33,29.38
FastDDS,LAN,64,6.746,0.136,0.023,78.07,26.72
FastDDS,LAN,64,6.666,0.606,0.041,75.51,26.79
FastDDS,LAN,64,5.944,0.408,0.024,91.11,20.49
FastDDS,LAN,64,7.166,0.542,0.052,73.23,21.06
FastDDS,LAN,64,6.822,0.286,0.028,79.73,25.7
FastDDS,LAN,64,6.66,0.371,0.033,83.61,23.52
FastDDS,LAN,64,6.175,0.323,0.022,76.65,23.47
FastDDS,LAN,64,6.109,0.454,0.037,82.36,27.96
FastDDS,LAN,64,7.223,0.35,0.027,66.49,19.19
FastDDS,LAN,64,6.035,0.4,0.007,73.66,22.18
FastDDS,LAN,64,5.687,0.405,0.021,78.46,27.31
FastDDS,LAN,64,6.578,0.305,0.005,80.58,28.01
FastDDS,LAN,64,5.726,0.53,0.018,72.61,24.69
FastDDS,LAN,64,6.329,0.522,0.038,71.88,21.86
FastDDS,LAN,64,5.975,0.725,0.065,81.82,27.15
FastDDS,LAN,64,5.713,0.421,0.028,90.43,22.35
FastDDS,LAN,64,6.714,0.181,0.042,74.65,25.77
FastDDS,LAN,64,6.915,0.635,0.021,82.88,29.08
FastDDS,LAN,64,5.788,0.469,0.037,84.36,29.71
FastDDS,LAN,64,5.699,0.399,0.055,66.74,21.69
FastDDS,WAN,1,7.79,0.747,0.903,61.76,27.88
FastDDS,WAN,1,6.806,0.779,1.423,73.17,30.2
FastDDS,WAN,1,6.897,0.347,0.379,70.0,27.02
FastDDS,WAN,1,8.022,0.399,1.099,71.83,28.16
FastDDS,WAN,1,6.836,0.561,1.591,71.73,19.83
FastDDS,WAN,1,7.762,0.596,1.197,70.54,25.99
FastDDS,WAN,1,6.848,0.466,1.026,63.19,27.79
FastDDS,WAN,1,6.876,0.583,1.444,64.76,30.47
FastDDS,WAN,1,6.786,0.583,0.793,66.8,22.16
FastDDS,WAN,1,7.661,0.608,1.283,86.49,23.89
FastDDS,WAN,1,6.756,0.763,0.698,76.89,28.78
FastDDS,WAN,1,7.848,0.6,0.236,77.5,25.48
FastDDS,WAN,1,6.221,0.51,0.673,65.22,26.12
FastDDS,WAN,1,7.041,0.781,0.937,64.9,19.97
FastDDS,WAN,1,7.078,0.432,0.76,66.37,28.64
FastDDS,WAN,1,7.46,0.535,0.581,66.5,28.04
FastDDS,WAN,1,7.401,0.819,1.585,61.96,25.16
FastDDS,WAN,1,7.663,0.81,0.569,56.55,24.62
FastDDS,WAN,1,6.679,0.346,1.2,66.59,18.17
FastDDS,WAN,1,7.055,0.805,1.303,81.41,27.7
FastDDS,WAN,1,8.164,0.554,1.273,75.01,21.53
FastDDS,WAN,1,7.884,0.717,1.351,78.22,25.56
FastDDS,WAN,1,7.326,0.657,1.43,72.26,20.96
FastDDS,WAN,1,6.662,0.324,1.199,62.02,32.98
FastDDS,WAN,1,7.946,0.635,1.03,76.32,29.0
FastDDS,WAN,1,7.482,0.575,0.614,71.99,26.55
FastDDS,WAN,1,7.541,0.702,1.468,70.99,24.92
FastDDS,WAN,1,7.474,0.411,1.207,59.33,19.76
FastDDS,WAN,1,7.379,0.513,1.896,72.19,24.46
FastDDS,WAN,1,6.491,0.76,2.087,58.89,31.04
FastDDS,WAN,1,8.002,0.564,1.485,65.44,27.54
FastDDS,WAN,1,6.936,0.746,1.627,61.43,24.75
FastDDS,WAN,1,6.317,0.556,0.906,67.47,18.72
FastDDS,WAN,1,7.831,0.774,1.632,67.71,27.61
FastDDS,WAN,1,6.987,0.508,0.973,72.55,22.72
FastDDS,WAN,1,7.594,0.393,1.398,75.27,23.31
FastDDS,WAN,1,7.765,0.711,1.021,67.16,21.47
FastDDS,WAN,1,7.926,0.688,1.383,48.52,26.94
FastDDS,WAN,1,7.588,0.583,1.108,73.82,27.02
FastDDS,WAN,1,7.054,0.787,1.118,67.7,25.28
FastDDS,WAN,1,8.363,0.756,1.214,69.39,30.19
FastDDS,WAN,1,6.859,0.641,1.809,80.47,25.31
FastDDS,WAN,1,7.41,0.683,1.559,74.58,29.26
FastDDS,WAN,1,6.11,0.699,1.094,71.38,21.46
FastDDS,WAN,1,7.536,0.452,1.043,75.16,16.93
FastDDS,WAN,1,7.341,0.164,1.449,70.02,25.0
FastDDS,WAN,1,7.613,0.744,1.286,67.93,21.67
FastDDS,WAN,1,7.645,0.615,0.742,76.0,26.32
FastDDS,WAN,1,8.387,0.772,1.376,60.46,23.6
FastDDS,WAN,1,7.76,0.655,0.731,72.4,24.85
FastDDS,WAN,1,7.452,0.602,0.946,73.86,26.29
FastDDS,WAN,1,7.985,0.434,0.63,63.66,22.66
FastDDS,WAN,1,6.777,0.452,0.692,70.54,32.67
FastDDS,WAN,1,7.401,0.442,1.743,78.63,27.03
FastDDS,WAN,1,8.652,0.588,1.094,62.54,23.96
FastDDS,WAN,1,6.655,0.519,0.881,61.56,20.02
FastDDS,WAN,1,7.189,0.331,1.551,61.67,21.78
FastDDS,WAN,1,7.054,0.473,1.719,67.46,26.78
FastDDS,WAN,1,7.596,0.551,0.859,61.44,30.27
FastDDS,WAN,1,7.975,0.557,1.029,67.08,30.2
FastDDS,WAN,1,7.242,0.717,0.808,66.13,27.65
FastDDS,WAN,1,6.357,0.217,1.04,70.9,28.98
FastDDS,WAN,1,7.79,0.518,0.746,72.22,26.38
FastDDS,WAN,1,7.198,0.857,1.232,55.21,27.61
FastDDS,WAN,1,7.555,0.983,0.525,71.68,26.63
FastDDS,WAN,1,6.365,0.806,2.032,65.53,19.14
FastDDS,WAN,1,7.633,0.492,1.958,73.31,19.99
FastDDS,WAN,1,8.396,0.631,1.167,76.18,22.5
FastDDS,WAN,1,7.537,0.561,0.607,70.55,24.03
FastDDS,WAN,1,6.641,0.476,0.919,69.35,25.3
FastDDS,WAN,1,6.566,0.506,0.768,63.05,25.42
FastDDS,WAN,1,7.387,0.648,1.555,79.73,22.68
FastDDS,WAN,1,6.961,0.656,0.934,60.69,25.86
FastDDS,WAN,1,6.798,0.596,1.089,60.46,25.01
FastDDS,WAN,1,6.898,0.41,0.996,66.74,21.46
FastDDS,WAN,1,7.309,0.49,2.071,79.48,25.3
FastDDS,WAN,1,7.907,0.828,2.099,74.57,26.61
FastDDS,WAN,1,6.874,0.706,1.041,63.75,25.77
FastDDS,WAN,1,6.789,0.682,0.912,72.07,26.63
FastDDS,WAN,1,6.49,0.683,1.288,62.37,20.48
FastDDS,WAN,1,7.386,0.486,1.349,58.71,27.23
FastDDS,WAN,1,6.736,0.857,0.932,74.13,22.29
FastDDS,WAN,1,7.729,0.859,0.788,68.56,27.44
FastDDS,WAN,1,7.248,0.824,1.773,68.49,22.94
FastDDS,WAN,1,7.125,0.584,1.252,76.19,21.08
FastDDS,WAN,1,7.553,0.52,1.203,63.7,30.58
FastDDS,WAN,1,7.99,0.557,0.77,63.6,19.55
FastDDS,WAN,1,7.421,0.22,0.902,70.12,24.39
FastDDS,WAN,1,7.625,0.609,1.273,65.94,31.01
FastDDS,WAN,1,7.553,0.505,0.584,68.4,21.63
FastDDS,WAN,1,6.412,0.391,1.509,58.05,33.97
FastDDS,WAN,1,7.404,0.642,2.242,66.85,24.01
FastDDS,WAN,1,7.523,0.726,0.833,68.79,18.15
FastDDS,WAN,1,7.645,0.583,1.609,75.33,23.45
FastDDS,WAN,1,7.346,0.756,1.667,85.19,18.22
FastDDS,WAN,1,7.904,0.67,0.625,72.22,23.95
FastDDS,WAN,1,7.07,0.61,1.491,69.86,20.94
FastDDS,WAN,1,7.588,0.684,1.154,69.3,30.24
FastDDS,WAN,1,6.987,0.266,0.331,63.6,31.94
FastDDS,WAN,1,6.445,0.651,1.253,83.28,23.24
FastDDS,WAN,1,7.138,0.63,0.722,74.97,22.96
FastDDS,WAN,1,6.956,0.518,1.363,69.82,30.35
FastDDS,WAN,1,7.764,0.611,1.749,71.05,21.51
FastDDS,WAN,1,7.29,0.458,2.077,64.32,19.64
FastDDS,WAN,1,6.409,0.445,1.323,58.8,24.25
FastDDS,WAN,1,7.383,0.413,1.25,76.46,23.89
FastDDS,WAN,1,8.547,0.441,0.82,58.79,23.97
FastDDS,WAN,1,7.697,0.578,1.868,73.01,29.77
FastDDS,WAN,1,6.758,0.53,0.926,62.26,24.85
FastDDS,WAN,1,7.507,0.617,1.09,55.82,30.27
FastDDS,WAN,1,8.186,0.301,0.671,57.66,21.03
FastDDS,WAN,1,6.436,0.924,1.152,74.07,21.45
FastDDS,WAN,1,6.592,0.529,0.57,57.66,17.42
FastDDS,WAN,1,7.292,0.489,1.144,69.64,26.23
FastDDS,WAN,1,7.493,0.672,1.023,63.14,22.99
FastDDS,WAN,1,8.17,0.37,1.221,61.46,34.12
FastDDS,WAN,1,7.003,0.477,1.129,71.75,26.84
FastDDS,WAN,1,7.265,0.425,1.581,73.26,26.89
FastDDS,WAN,1,7.771,0.511,0.778,75.54,22.26
FastDDS,WAN,1,7.279,0.686,2.146,63.88,29.09
FastDDS,WAN,1,7.708,0.535,1.152,71.17,30.0
FastDDS,WAN,1,8.577,0.908,1.381,50.58,24.45
FastDDS,WAN,1,6.766,0.926,1.036,62.9,27.96
FastDDS,WAN,1,7.901,0.803,1.424,61.93,25.83
FastDDS,WAN,1,7.314,0.578,1.099,64.45,23.05
FastDDS,WAN,1,6.88,0.407,1.177,69.4,23.86
FastDDS,WAN,1,8.197,0.827,1.994,66.05,28.94
FastDDS,WAN,1,7.124,0.44,1.099,81.41,27.39
FastDDS,WAN,1,8.028,0.586,0.625,69.11,21.44
FastDDS,WAN,1,7.308,0.661,1.082,65.86,21.02
FastDDS,WAN,1,8.293,0.611,1.175,69.68,23.17
FastDDS,WAN,1,7.94,0.768,1.593,65.1,26.54
FastDDS,WAN,1,7.365,0.319,1.016,73.83,27.08
FastDDS,WAN,1,7.595,0.69,1.438,70.39,20.94
FastDDS,WAN,1,7.203,0.724,1.653,56.11,26.94
FastDDS,WAN,1,6.984,0.416,1.134,70.52,30.67
FastDDS,WAN,1,7.001,0.763,1.672,63.66,17.12
FastDDS,WAN,1,7.013,0.447,1.037,57.84,22.18
FastDDS,WAN,1,7.218,0.549,1.435,58.38,23.72
FastDDS,WAN,1,7.484,0.512,1.346,66.65,29.3
FastDDS,WAN,1,7.245,0.441,0.888,73.34,22.76
FastDDS,WAN,1,7.186,0.821,1.547,75.33,20.87
FastDDS,WAN,1,7.28,0.467,1.179,64.0,23.93
FastDDS,WAN,1,8.104,0.675,1.18,69.82,23.04
FastDDS,WAN,1,8.025,0.875,1.247,60.65,25.8
FastDDS,WAN,1,7.517,0.401,1.802,59.54,31.17
FastDDS,WAN,1,8.432,0.072,1.386,64.01,30.11
FastDDS,WAN,1,7.332,0.778,1.165,75.33,22.73
FastDDS,WAN,1,7.006,0.736,0.183,64.55,13.71
FastDDS,WAN,1,6.866,0.65,0.924,69.84,22.92
FastDDS,WAN,1,7.337,0.44,1.333,65.85,18.65
FastDDS,WAN,1,7.969,0.342,1.523,59.03,24.51
FastDDS,WAN,1,7.094,0.505,1.119,72.8,25.89
FastDDS,WAN,1,7.329,0.407,1.326,68.05,20.24
FastDDS,WAN,1,7.105,0.627,1.446,66.81,10.19
FastDDS,WAN,1,7.642,0.453,1.121,62.84,26.14
FastDDS,WAN,1,7.528,0.483,1.116,68.79,29.73
FastDDS,WAN,1,7.478,0.572,0.756,61.05,22.81
FastDDS,WAN,1,7.057,0.4,0.991,67.05,28.56
FastDDS,WAN,1,7.788,0.922,0.586,66.54,24.28
FastDDS,WAN,1,6.784,0.561,0.843,66.48,28.43
FastDDS,WAN,1,7.022,0.614,1.17,65.29,22.18
FastDDS,WAN,1,7.533,0.7,1.993,66.05,22.08
FastDDS,WAN,1,6.148,0.615,1.471,64.09,23.13
FastDDS,WAN,1,7.315,0.34,0.822,58.38,28.93
FastDDS,WAN,1,6.614,0.401,1.051,75.5,36.43
FastDDS,WAN,1,6.195,0.472,1.469,67.04,24.36
FastDDS,WAN,1,6.935,0.869,1.543,74.03,26.76
FastDDS,WAN,1,7.519,0.544,1.108,76.79,20.62
FastDDS,WAN,1,7.362,0.136,0.955,62.93,24.74
FastDDS,WAN,1,7.514,0.6,1.63,72.14,25.08
FastDDS,WAN,1,7.231,0.544,1.335,69.91,29.32
FastDDS,WAN,1,6.451,0.701,1.316,76.17,25.63
FastDDS,WAN,1,7.894,0.655,1.285,61.95,30.07
FastDDS,WAN,1,7.112,0.396,1.106,64.52,25.67
FastDDS,WAN,1,7.276,0.653,1.208,75.62,16.39
FastDDS,WAN,1,7.201,0.658,1.009,60.62,21.84
FastDDS,WAN,1,7.614,0.933,0.369,71.93,30.32
FastDDS,WAN,1,6.541,0.802,1.606,63.36,19.74
FastDDS,WAN,1,7.363,0.444,1.122,59.14,29.61
FastDDS,WAN,1,7.532,0.636,0.833,66.79,20.26
FastDDS,WAN,1,8.091,0.522,1.722,64.29,22.65
FastDDS,WAN,1,6.643,0.593,1.095,55.75,21.54
FastDDS,WAN,1,7.341,0.343,0.977,72.6,19.68
FastDDS,WAN,1,6.255,0.491,0.511,64.84,25.87
FastDDS,WAN,1,6.366,0.799,1.762,76.17,28.49
FastDDS,WAN,1,7.465,0.387,0.738,72.85,23.5
FastDDS,WAN,1,6.904,0.396,0.988,67.45,22.5
FastDDS,WAN,1,7.307,0.491,1.704,72.46,24.3
FastDDS,WAN,1,7.721,0.371,0.642,73.75,28.05
FastDDS,WAN,1,6.969,0.522,1.357,60.28,18.28
FastDDS,WAN,1,7.334,0.282,1.28,61.14,23.55
FastDDS,WAN,1,7.704,0.802,1.427,79.28,29.62
FastDDS,WAN,1,6.868,0.393,1.515,75.97,18.67
FastDDS,WAN,1,7.477,0.513,1.154,82.09,23.1
FastDDS,WAN,1,6.751,0.6,1.345,65.91,27.68
FastDDS,WAN,1,7.441,0.278,0.334,67.74,23.07
FastDDS,WAN,1,6.363,0.363,1.702,62.26,22.15
FastDDS,WAN,1,7.225,0.567,1.824,72.24,20.32
FastDDS,WAN,1,7.118,0.64,0.944,65.94,22.59
FastDDS,WAN,1,6.948,0.708,1.181,63.63,26.34
FastDDS,WAN,1,7.559,0.477,1.381,66.98,27.7
FastDDS,WAN,1,7.154,0.571,0.261,64.04,26.07
FastDDS,WAN,1,5.724,0.343,1.728,64.69,24.9
FastDDS,WAN,1,7.254,0.58,0.785,76.01,28.81
FastDDS,WAN,1,7.654,0.673,2.16,70.35,26.35
FastDDS,WAN,1,7.715,0.521,0.662,73.87,27.99
FastDDS,WAN,1,6.986,0.572,1.493,68.11,21.98
FastDDS,WAN,1,6.336,0.726,0.589,81.54,30.32
FastDDS,WAN,1,5.927,0.591,0.906,61.77,24.19
FastDDS,WAN,1,7.907,0.559,1.33,64.61,21.58
FastDDS,WAN,1,6.64,0.509,1.316,66.4,25.98
FastDDS,WAN,1,6.721,0.469,1.545,82.83,19.71
FastDDS,WAN,1,8.485,0.671,0.935,77.19,22.14
FastDDS,WAN,1,7.575,0.734,1.474,71.58,21.06
FastDDS,WAN,1,6.378,0.697,1.136,73.32,27.61
FastDDS,WAN,1,7.583,0.435,1.086,68.29,27.59
FastDDS,WAN,1,8.002,0.79,1.208,67.15,22.87
FastDDS,WAN,1,7.538,0.65,0.734,72.95,23.87
FastDDS,WAN,1,8.553,0.705,1.224,69.56,21.75
FastDDS,WAN,1,7.767,0.53,0.847,68.23,22.51
FastDDS,WAN,1,7.144,0.586,1.687,62.69,27.11
FastDDS,WAN,1,7.295,0.769,1.25,61.94,24.35
FastDDS,WAN,1,6.407,0.615,1.219,75.85,25.23
FastDDS,WAN,1,7.147,0.42,0.999,58.32,29.52
FastDDS,WAN,1,7.376,0.394,1.387,60.9,15.84
FastDDS,WAN,1,6.454,0.886,0.987,68.87,23.63
FastDDS,WAN,1,7.505,0.46,0.681,63.15,23.59
FastDDS,WAN,1,7.368,0.592,0.822,68.58,28.43
FastDDS,WAN,1,6.843,0.528,0.791,67.14,18.89
FastDDS,WAN,1,7.227,0.618,1.041,65.63,24.23
FastDDS,WAN,1,7.944,0.517,0.825,65.97,26.46
FastDDS,WAN,1,7.808,0.752,0.83,72.02,25.27
FastDDS,WAN,1,7.565,0.358,0.582,65.43,26.71
FastDDS,WAN,1,7.554,0.691,1.18,68.15,21.85
FastDDS,WAN,1,7.814,0.547,1.334,73.52,31.63
FastDDS,WAN,1,7.687,0.452,1.663,69.06,30.44
FastDDS,WAN,1,6.753,0.61,1.4,54.0,22.57
FastDDS,WAN,1,7.807,0.489,1.252,76.16,12.2
FastDDS,WAN,1,7.111,0.376,1.424,67.58,25.26
FastDDS,WAN,1,6.67,0.575,1.423,64.29,21.75
FastDDS,WAN,1,7.377,0.692,1.247,55.63,27.51
FastDDS,WAN,1,8.365,0.532,0.958,77.97,24.93
FastDDS,WAN,1,7.535,0.436,0.761,65.16,18.86
FastDDS,WAN,1,7.14,0.65,1.992,55.89,30.54
FastDDS,WAN,1,7.499,0.595,1.21,73.5,27.39
FastDDS,WAN,1,7.815,0.515,2.265,58.0,24.86
FastDDS,WAN,1,6.714,0.673,0.805,59.54,29.74
FastDDS,WAN,1,7.375,0.517,1.131,57.06,20.35
FastDDS,WAN,1,8.628,0.662,0.485,57.28,28.03
FastDDS,WAN,1,7.966,0.581,1.409,66.17,31.75
FastDDS,WAN,1,8.149,1.0,0.936,54.6,28.31
FastDDS,WAN,1,7.938,0.709,1.434,70.52,23.48
FastDDS,WAN,1,7.24,0.823,0.968,64.61,20.5
FastDDS,WAN,1,7.19,0.471,1.577,68.41,30.04
FastDDS,WAN,1,7.659,0.993,0.891,66.98,35.55
FastDDS,WAN,1,7.264,0.582,0.736,61.98,24.91
FastDDS,WAN,1,8.019,1.044,1.356,72.54,26.23
FastDDS,WAN,1,7.153,0.627,0.751,64.34,26.77
FastDDS,WAN,1,7.552,0.527,1.135,53.81,22.31
FastDDS,WAN,1,6.367,0.679,1.603,66.07,30.79
FastDDS,WAN,1,7.305,0.764,0.765,79.85,31.35
FastDDS,WAN,1,7.289,0.602,1.674,87.35,27.82
FastDDS,WAN,1,7.766,0.206,1.298,66.35,27.53
FastDDS,WAN,1,7.658,0.657,0.962,50.03,23.63
FastDDS,WAN,1,7.915,0.463,1.752,77.04,16.49
FastDDS,WAN,1,8.504,0.417,0.934,70.2,26.94
FastDDS,WAN,1,7.228,0.4,0.787,61.68,21.56
FastDDS,WAN,1,6.453,0.465,1.204,75.85,19.83
FastDDS,WAN,1,7.404,0.492,1.283,64.53,23.33
FastDDS,WAN,1,7.769,0.449,1.927,79.9,26.54
FastDDS,WAN,1,7.478,0.714,1.126,60.87,24.82
FastDDS,WAN,1,6.836,0.621,1.685,66.29,27.77
FastDDS,WAN,1,7.787,0.613,1.314,74.99,20.07
FastDDS,WAN,1,6.96,0.476,1.228,60.18,22.02
FastDDS,WAN,1,7.08,0.829,1.19,67.99,29.54
FastDDS,WAN,1,7.2,0.684,1.475,68.71,23.21
FastDDS,WAN,1,7.622,0.942,1.156,70.95,30.78
FastDDS,WAN,1,7.737,0.588,0.33,68.22,21.59
FastDDS,WAN,1,7.795,0.818,0.992,76.05,29.73
FastDDS,WAN,1,7.553,0.783,1.186,60.01,20.99
FastDDS,WAN,1,7.012,0.41,1.173,65.69,17.94
FastDDS,WAN,1,7.228,0.605,1.187,62.23,23.97
FastDDS,WAN,1,7.628,0.69,0.593,55.25,26.51
FastDDS,WAN,1,6.941,0.633,0.95,67.19,28.54
FastDDS,WAN,1,8.113,0.78,1.115,65.47,28.92
FastDDS,WAN,1,7.377,0.516,1.081,75.02,37.27
FastDDS,WAN,1,6.865,0.351,1.161,68.05,19.27
FastDDS,WAN,1,7.128,0.659,1.15,74.33,22.25
FastDDS,WAN,1,7.466,0.553,1.262,80.51,20.18
FastDDS,WAN,1,7.006,0.672,1.155,72.1,20.04
FastDDS,WAN,1,7.308,0.857,1.43,63.34,31.14
FastDDS,WAN,1,7.704,0.606,0.883,67.33,19.31
FastDDS,WAN,1,7.09,0.743,1.184,67.14,31.7
FastDDS,WAN,1,7.784,0.245,1.612,63.37,27.0
FastDDS,WAN,1,7.953,0.878,1.446,60.21,22.03
FastDDS,WAN,1,7.391,0.589,1.023,66.24,25.24
FastDDS,WAN,1,7.122,0.339,0.973,72.92,23.44
FastDDS,WAN,1,7.001,0.68,1.179,58.96,25.8
FastDDS,WAN,1,7.993,0.725,0.741,72.81,22.15
FastDDS,WAN,4,8.066,0.589,1.211,77.28,20.51
FastDDS,WAN,4,7.73,0.447,1.308,74.87,29.31
FastDDS,WAN,4,7.585,0.601,1.476,58.66,21.38
FastDDS,WAN,4,7.882,0.735,1.22,69.48,22.1
FastDDS,WAN,4,6.996,0.444,1.217,53.76,24.26
FastDDS,WAN,4,7.336,0.744,1.132,71.81,20.64
FastDDS,WAN,4,8.201,0.458,1.967,57.66,21.58
FastDDS,WAN,4,8.115,0.666,1.111,67.08,27.44
FastDDS,WAN,4,7.672,0.827,1.139,58.88,28.83
FastDDS,WAN,4,7.515,0.673,1.308,70.13,27.4
FastDDS,WAN,4,7.474,0.556,1.001,79.25,33.73
FastDDS,WAN,4,8.078,0.289,0.574,61.32,17.32
FastDDS,WAN,4,8.131,0.472,1.92,65.09,24.01
FastDDS,WAN,4,6.764,0.38,1.327,65.96,23.46
FastDDS,WAN,4,7.916,0.769,1.076,73.38,23.38
FastDDS,WAN,4,7.978,0.379,1.351,58.53,16.22
FastDDS,WAN,4,7.617,0.45,0.976,51.83,24.95
FastDDS,WAN,4,7.864,0.66,1.799,72.31,24.72
FastDDS,WAN,4,7.674,0.923,1.625,69.73,29.85
FastDDS,WAN,4,6.969,0.518,1.367,64.66,23.85
FastDDS,WAN,4,7.348,0.585,1.889,63.19,30.62
FastDDS,WAN,4,8.393,0.683,1.28,73.99,30.03
FastDDS,WAN,4,8.546,0.64,0.778,78.78,19.56
FastDDS,WAN,4,7.094,0.494,0.221,69.9,23.83
FastDDS,WAN,4,8.281,0.42,1.03,64.64,25.68
FastDDS,WAN,4,7.279,0.68,0.729,56.55,29.23
FastDDS,WAN,4,8.185,0.39,1.242,65.56,25.94
FastDDS,WAN,4,7.487,0.536,0.918,73.41,27.32
FastDDS,WAN,4,7.178,0.673,2.067,66.68,27.23
FastDDS,WAN,4,7.92,0.704,1.169,66.08,29.34
FastDDS,WAN,4,8.227,0.137,1.486,64.86,19.85
FastDDS,WAN,4,7.115,0.806,1.189,75.58,24.37
FastDDS,WAN,4,8.23,0.434,1.228,78.32,30.3
FastDDS,WAN,4,7.092,0.336,0.617,65.12,29.44
FastDDS,WAN,4,7.348,0.39,0.887,79.04,31.51
FastDDS,WAN,4,6.479,0.518,2.285,51.35,20.13
FastDDS,WAN,4,6.817,0.736,1.238,63.71,22.59
FastDDS,WAN,4,7.492,0.767,1.459,70.84,22.67
FastDDS,WAN,4,7.634,0.662,1.329,67.6,23.43
FastDDS,WAN,4,7.682,0.688,0.904,62.43,32.87
FastDDS,WAN,4,6.61,0.519,0.283,65.87,27.62
FastDDS,WAN,4,7.076,0.716,1.182,58.84,22.52
FastDDS,WAN,4,6.72,0.631,0.816,61.87,19.37
FastDDS,WAN,4,8.649,0.734,1.535,75.08,25.05
FastDDS,WAN,4,6.903,0.603,0.325,53.29,26.96
FastDDS,WAN,4,7.779,0.799,1.265,55.26,22.8
FastDDS,WAN,4,7.534,0.72,0.385,58.18,28.26
FastDDS,WAN,4,7.657,0.506,0.301,64.49,29.25
FastDDS,WAN,4,7.885,0.73,0.972,67.46,23.6
FastDDS,WAN,4,7.297,0.754,0.473,71.68,24.53
FastDDS,WAN,4,7.208,0.831,1.421,80.53,23.14
FastDDS,WAN,4,8.1,0.574,0.966,76.7,25.16
FastDDS,WAN,4,7.898,0.962,1.092,58.73,24.77
FastDDS,WAN,4,7.821,0.523,1.251,75.16,21.68
FastDDS,WAN,4,7.99,0.556,1.642,44.65,21.17
FastDDS,WAN,4,8.41,0.758,1.466,65.31,26.06
FastDDS,WAN,4,8.809,0.25,0.865,59.86,27.07
FastDDS,WAN,4,8.228,0.756,1.1,63.97,29.85
FastDDS,WAN,4,7.72,0.639,0.759,75.0,24.41
FastDDS,WAN,4,6.975,0.467,0.973,62.6,26.14
FastDDS,WAN,4,7.852,0.554,1.399,71.23,21.37
FastDDS,WAN,4,7.358,0.479,1.257,75.02,26.19
FastDDS,WAN,4,8.344,0.542,0.824,72.23,24.33
FastDDS,WAN,4,8.208,0.638,1.499,62.37,31.23
FastDDS,WAN,4,8.438,0.583,0.993,65.98,23.82
FastDDS,WAN,4,6.997,0.492,2.183,75.62,29.16
FastDDS,WAN,4,6.237,0.832,0.811,63.95,21.49
FastDDS,WAN,4,6.885,0.518,0.909,64.84,28.31
FastDDS,WAN,4,7.444,0.803,1.419,72.33,25.75
FastDDS,WAN,4,7.769,0.707,1.121,66.0,30.62
FastDDS,WAN,4,8.278,0.411,0.764,73.55,21.21
FastDDS,WAN,4,8.448,0.423,0.372,67.82,25.17
FastDDS,WAN,4,8.088,0.524,0.489,77.58,26.85
FastDDS,WAN,4,7.065,0.336,1.126,81.42,19.56
FastDDS,WAN,4,6.891,0.848,1.546,84.07,20.04
FastDDS,WAN,4,8.424,0.727,1.963,67.36,24.6
FastDDS,WAN,4,7.496,0.784,1.262,66.37,24.95
FastDDS,WAN,4,7.522,0.538,1.625,75.65,27.5
FastDDS,WAN,4,7.775,0.684,1.465,66.24,24.87
FastDDS,WAN,4,6.926,0.446,1.535,67.71,25.77
FastDDS,WAN,4,6.963,0.683,0.878,72.16,21.04
FastDDS,WAN,4,7.597,1.155,1.351,63.27,23.34
FastDDS,WAN,4,7.942,0.506,1.218,67.49,27.25
FastDDS,WAN,4,8.287,0.455,1.889,72.09,28.93
FastDDS,WAN,4,7.333,0.483,1.54,79.4,28.78
FastDDS,WAN,4,7.33,0.724,0.321,70.67,18.46
FastDDS,WAN,4,8.236,0.561,0.218,61.83,27.62
FastDDS,WAN,4,7.134,0.295,1.103,61.43,28.62
FastDDS,WAN,4,7.014,0.667,1.493,73.22,25.51
FastDDS,WAN,4,6.63,0.577,0.977,75.57,28.09
FastDDS,WAN,4,8.622,0.592,1.759,70.49,18.97
FastDDS,WAN,4,7.657,0.711,1.696,66.21,22.22
FastDDS,WAN,4,7.813,0.39,0.669,79.68,20.99
FastDDS,WAN,4,7.815,0.736,1.591,67.07,24.72
FastDDS,WAN,4,8.285,0.618,0.917,70.36,24.62
FastDDS,WAN,4,8.334,0.434,0.8,64.24,29.55
FastDDS,WAN,4,7.951,0.53,1.574,65.53,24.62
FastDDS,WAN,4,8.18,0.759,1.342,62.57,25.59
FastDDS,WAN,4,6.702,0.543,0.889,56.08,26.54
FastDDS,WAN,4,7.292,0.753,1.605,69.84,23.78
FastDDS,WAN,4,7.023,0.573,1.704,72.43,19.92
FastDDS,WAN,4,7.424,0.502,0.819,63.78,23.62
FastDDS,WAN,4,8.233,0.551,0.96,81.12,22.46
FastDDS,WAN,4,7.015,0.651,1.825,72.27,22.15
FastDDS,WAN,4,8.4,0.7,1.805,49.47,15.96
FastDDS,WAN,4,7.284,0.444,1.694,69.97,21.09
FastDDS,WAN,4,7.118,0.424,1.311,67.19,21.8
FastDDS,WAN,4,7.362,0.657,0.847,62.51,27.23
FastDDS,WAN,4,6.458,0.529,1.018,66.61,21.35
FastDDS,WAN,4,8.044,0.626,1.727,73.69,20.95
FastDDS,WAN,4,8.079,0.785,0.63,62.45,27.88
FastDDS,WAN,4,7.998,0.659,0.909,66.7,27.55
FastDDS,WAN,4,7.133,0.718,1.758,78.01,26.83
FastDDS,WAN,4,7.56,0.81,1.451,60.21,23.31
FastDDS,WAN,4,7.725,0.52,0.871,70.45,24.1
FastDDS,WAN,4,7.762,0.299,1.346,77.02,33.45
FastDDS,WAN,4,7.407,0.637,1.184,76.31,21.33
FastDDS,WAN,4,7.853,0.478,1.382,63.61,22.67
FastDDS,WAN,4,7.279,0.604,1.12,69.89,19.15
FastDDS,WAN,4,7.268,0.526,0.99,66.19,23.84
FastDDS,WAN,4,9.252,0.626,1.473,65.55,26.62
FastDDS,WAN,4,6.844,0.705,0.0,60.76,26.96
FastDDS,WAN,4,7.852,0.279,1.022,79.58,26.13
FastDDS,WAN,4,8.257,0.4,0.642,68.3,25.21
FastDDS,WAN,4,7.474,0.731,0.885,65.27,23.56
FastDDS,WAN,4,7.041,0.223,0.744,59.96,21.92
FastDDS,WAN,4,7.855,0.571,1.262,69.38,18.26
FastDDS,WAN,4,7.476,0.729,1.214,72.65,25.39
FastDDS,WAN,4,8.239,0.496,1.415,75.04,20.32
FastDDS,WAN,4,7.446,0.527,1.162,62.74,20.63
FastDDS,WAN,4,7.75,0.679,1.225,61.51,22.62
FastDDS,WAN,4,8.655,0.592,0.921,69.33,29.28
FastDDS,WAN,4,7.918,0.402,0.731,71.69,21.84
FastDDS,WAN,4,7.553,0.701,2.008,63.81,18.85
FastDDS,WAN,4,7.52,0.471,1.275,56.58,23.84
FastDDS,WAN,4,7.506,0.531,1.12,54.32,31.92
FastDDS,WAN,4,8.237,0.436,1.127,70.49,26.16
FastDDS,WAN,4,7.357,0.759,1.191,65.05,28.94
FastDDS,WAN,4,7.932,0.63,1.809,61.12,27.4
FastDDS,WAN,4,7.52,0.501,1.119,71.25,25.07
FastDDS,WAN,4,8.055,0.655,1.116,67.99,23.69
FastDDS,WAN,4,8.063,0.551,0.127,75.6,29.83
FastDDS,WAN,4,8.492,0.665,1.249,76.46,26.2
FastDDS,WAN,4,7.436,0.62,1.58,60.71,25.89
FastDDS,WAN,4,8.24,0.464,1.483,56.32,29.42
FastDDS,WAN,4,8.126,0.562,1.514,69.66,27.52
FastDDS,WAN,4,7.484,0.765,0.533,52.65,21.49
FastDDS,WAN,4,7.495,0.721,1.692,66.94,27.35
FastDDS,WAN,4,8.031,0.496,1.499,73.36,33.39
FastDDS,WAN,4,8.277,0.48,1.507,65.53,23.36
FastDDS,WAN,4,8.149,0.714,0.847,79.21,33.61
FastDDS,WAN,4,6.786,0.422,0.888,54.5,24.76
FastDDS,WAN,4,8.444,0.469,1.124,67.2,20.65
FastDDS,WAN,4,8.355,0.851,0.517,55.44,28.93
FastDDS,WAN,4,8.133,0.827,1.536,64.2,21.72
FastDDS,WAN,4,7.334,0.373,1.199,71.33,20.0
FastDDS,WAN,4,8.149,0.844,1.249,58.49,27.87
FastDDS,WAN,4,8.566,0.616,1.348,61.11,12.79
FastDDS,WAN,4,7.691,0.637,1.179,69.17,25.07
FastDDS,WAN,4,7.283,0.675,1.359,68.93,25.85
FastDDS,WAN,4,7.22,0.618,0.995,71.65,20.64
FastDDS,WAN,4,7.127,0.561,0.784,66.72,27.07
FastDDS,WAN,4,8.013,0.475,1.39,57.77,17.51
FastDDS,WAN,4,6.721,0.575,1.382,68.94,26.92
FastDDS,WAN,4,7.822,0.511,0.996,69.63,23.92
FastDDS,WAN,4,7.303,0.594,0.804,68.62,32.37
FastDDS,WAN,4,7.467,0.778,0.995,68.06,22.83
FastDDS,WAN,4,7.803,0.806,1.272,67.86,27.09
FastDDS,WAN,4,7.385,0.597,1.231,66.62,28.32
FastDDS,WAN,4,6.428,0.861,1.479,74.35,24.46
FastDDS,WAN,4,7.668,0.618,1.621,78.76,28.55
FastDDS,WAN,4,7.964,0.643,1.226,79.06,23.91
FastDDS,WAN,4,6.84,0.407,1.165,79.58,21.62
FastDDS,WAN,4,7.72,0.831,1.313,71.76,20.38
FastDDS,WAN,4,7.02,0.383,0.631,66.3,17.11
FastDDS,WAN,4,7.194,0.615,1.335,61.89,21.07
FastDDS,WAN,4,7.486,0.515,0.867,57.7,28.66
FastDDS,WAN,4,8.388,0.675,1.787,63.05,25.14
FastDDS,WAN,4,8.144,0.546,1.456,78.46,28.06
FastDDS,WAN,4,7.428,0.926,1.365,78.97,31.29
FastDDS,WAN,4,7.694,0.543,0.982,66.24,31.4
FastDDS,WAN,4,7.572,0.521,1.62,80.91,26.9
FastDDS,WAN,4,8.734,0.619,1.351,66.64,27.92
FastDDS,WAN,4,8.046,0.777,0.823,63.91,19.12
FastDDS,WAN,4,8.025,0.386,1.292,68.39,25.15
FastDDS,WAN,4,7.744,0.699,1.185,76.06,24.25
FastDDS,WAN,4,7.545,0.591,0.655,56.36,24.05
FastDDS,WAN,4,8.045,0.816,0.948,70.6,23.6
FastDDS,WAN,4,7.711,0.776,0.858,69.06,29.28
FastDDS,WAN,4,7.602,0.671,1.507,63.66,20.5
FastDDS,WAN,4,7.75,0.648,1.789,70.72,24.62
FastDDS,WAN,4,8.303,0.736,1.775,61.77,30.42
FastDDS,WAN,4,8.514,0.448,0.961,73.74,16.59
FastDDS,WAN,4,7.378,0.494,1.012,75.12,16.16
FastDDS,WAN,4,7.993,0.372,1.287,67.18,16.82
FastDDS,WAN,4,6.973,0.673,0.456,78.64,23.1
FastDDS,WAN,4,7.85,0.441,0.671,66.2,19.99
FastDDS,WAN,4,8.318,0.687,0.495,63.61,22.72
FastDDS,WAN,4,7.408,0.325,0.933,77.06,26.18
FastDDS,WAN,4,7.543,0.58,1.242,54.83,24.91
FastDDS,WAN,4,7.543,0.845,1.032,74.32,18.03
FastDDS,WAN,4,8.464,0.751,0.5,72.57,25.34
FastDDS,WAN,4,7.428,0.698,0.673,83.63,25.09
FastDDS,WAN,4,7.732,0.765,0.839,55.13,29.06
FastDDS,WAN,4,7.015,0.703,1.65,72.26,14.83
FastDDS,WAN,4,8.307,0.556,1.061,70.56,31.46
FastDDS,WAN,4,7.644,0.816,1.237,61.07,24.92
FastDDS,WAN,4,7.449,0.65,1.383,73.77,22.95
FastDDS,WAN,4,7.675,0.699,1.597,77.76,26.93
FastDDS,WAN,4,8.2,0.522,1.004,71.28,22.52
FastDDS,WAN,4,9.354,0.627,1.193,61.02,26.4
FastDDS,WAN,4,9.442,0.693,1.354,69.01,25.79
FastDDS,WAN,4,8.278,0.692,1.368,61.58,22.24
FastDDS,WAN,4,7.684,0.655,1.366,73.69,27.1
FastDDS,WAN,4,7.985,0.378,1.322,64.67,22.59
FastDDS,WAN,4,7.097,0.81,1.036,61.18,30.1
FastDDS,WAN,4,7.838,0.749,1.891,63.33,27.33
FastDDS,WAN,4,6.815,0.526,1.604,69.88,30.4
FastDDS,WAN,4,7.685,0.68,0.826,50.9,23.74
FastDDS,WAN,4,7.743,0.661,0.837,60.05,19.4
FastDDS,WAN,4,7.683,0.557,1.077,68.69,23.31
FastDDS,WAN,4,8.115,0.64,1.356,69.31,14.01
FastDDS,WAN,4,7.428,0.811,1.713,79.61,21.32
FastDDS,WAN,4,7.459,0.649,0.909,76.66,21.23
FastDDS,WAN,4,7.676,0.767,1.158,66.45,28.21
FastDDS,WAN,4,6.825,0.596,1.059,55.6,22.49
FastDDS,WAN,4,8.022,0.645,0.613,71.64,27.62
FastDDS,WAN,4,8.387,0.609,1.337,66.29,21.58
FastDDS,WAN,4,8.297,0.295,1.173,61.48,26.92
FastDDS,WAN,4,8.165,0.402,1.363,62.2,20.84
FastDDS,WAN,4,6.898,0.961,2.026,75.5,22.29
FastDDS,WAN,4,7.171,0.198,0.655,63.79,28.05
FastDDS,WAN,4,7.928,0.729,1.884,72.31,21.67
FastDDS,WAN,4,7.192,0.872,2.199,76.12,30.29
FastDDS,WAN,4,7.55,0.924,1.293,71.62,29.08
FastDDS,WAN,4,7.337,0.834,1.272,72.48,22.24
FastDDS,WAN,4,7.18,0.709,1.102,70.5,23.48
FastDDS,WAN,4,8.391,0.44,0.877,69.54,25.75
FastDDS,WAN,4,8.904,0.284,1.426,75.24,23.48
FastDDS,WAN,4,7.25,0.706,1.325,62.68,31.91
FastDDS,WAN,4,7.386,0.585,0.943,72.71,26.62
FastDDS,WAN,4,8.204,0.764,1.567,69.93,18.79
FastDDS,WAN,4,7.92,0.618,1.468,81.79,19.99
FastDDS,WAN,4,7.882,0.808,0.939,70.0,25.99
FastDDS,WAN,4,7.542,0.687,0.975,63.33,24.15
FastDDS,WAN,4,7.61,0.617,1.087,72.03,17.55
FastDDS,WAN,4,8.12,0.478,0.338,70.53,19.69
FastDDS,WAN,4,6.911,0.693,1.567,69.62,22.01
FastDDS,WAN,4,7.608,0.68,1.205,59.1,22.15
FastDDS,WAN,4,6.52,0.454,0.725,69.55,24.78
FastDDS,WAN,4,8.269,0.352,1.339,64.09,24.5
FastDDS,WAN,4,7.427,0.365,0.653,71.27,29.24
FastDDS,WAN,4,7.255,0.446,0.76,59.06,29.99
FastDDS,WAN,4,7.896,0.528,1.099,58.14,27.63
FastDDS,WAN,4,9.333,0.784,1.325,62.91,20.68
FastDDS,WAN,4,7.284,0.578,1.369,63.29,21.56
FastDDS,WAN,4,7.046,0.499,0.103,73.03,29.39
FastDDS,WAN,4,7.162,0.758,1.6,72.41,20.01
FastDDS,WAN,4,7.883,0.952,0.934,73.68,27.72
FastDDS,WAN,4,8.777,0.38,1.272,65.03,23.09
FastDDS,WAN,4,8.049,0.284,0.936,61.73,31.99
FastDDS,WAN,4,6.622,0.868,0.948,74.07,25.54
FastDDS,WAN,4,7.655,0.789,0.858,61.76,25.57
FastDDS,WAN,4,8.056,0.81,0.796,69.35,24.23
FastDDS,WAN,4,7.365,0.641,0.998,59.82,25.93
FastDDS,WAN,4,8.392,0.451,0.924,70.32,23.66
FastDDS,WAN,4,8.157,0.655,0.53,71.87,23.65
FastDDS,WAN,4,7.626,0.462,1.266,57.33,24.62
FastDDS,WAN,4,8.08,0.835,1.395,71.68,30.0
FastDDS,WAN,4,7.783,0.635,1.427,75.96,21.57
FastDDS,WAN,4,6.527,0.703,1.532,79.14,18.28
FastDDS,WAN,4,8.13,0.683,1.121,70.73,28.0
FastDDS,WAN,4,7.368,0.643,1.938,79.19,22.66
FastDDS,WAN,4,7.384,0.447,1.394,69.1,22.39
FastDDS,WAN,4,7.309,0.408,0.697,58.71,24.64
FastDDS,WAN,4,7.223,0.514,1.392,73.77,26.65
FastDDS,WAN,4,7.597,0.669,0.578,65.58,26.41
FastDDS,WAN,4,7.013,0.562,1.225,50.18,16.92
FastDDS,WAN,4,6.793,0.485,0.689,63.88,29.96
FastDDS,WAN,4,8.17,0.296,0.874,76.65,25.73
FastDDS,WAN,4,7.915,0.645,1.441,59.88,28.1
FastDDS,WAN,4,7.889,0.552,0.729,78.26,22.22
FastDDS,WAN,4,8.566,0.588,1.236,58.92,25.63
FastDDS,WAN,4,8.325,0.631,1.623,61.2,22.98
FastDDS,WAN,4,7.799,0.827,1.342,65.21,25.34
FastDDS,WAN,4,7.764,0.636,0.887,66.5,26.92
FastDDS,WAN,4,7.508,0.608,1.47,64.37,27.49
FastDDS,WAN,4,8.605,0.665,0.699,61.01,28.4
FastDDS,WAN,4,8.088,0.595,1.181,71.52,17.24
FastDDS,WAN,4,7.255,0.615,0.365,82.25,21.68
FastDDS,WAN,4,7.044,0.635,1.333,71.91,22.48
FastDDS,WAN,4,7.984,0.378,1.505,68.03,25.3
FastDDS,WAN,4,6.527,0.311,1.177,64.93,25.24
FastDDS,WAN,4,8.713,0.542,1.144,70.38,20.46
FastDDS,WAN,4,7.404,0.499,1.419,61.89,22.59
FastDDS,WAN,4,7.137,0.478,1.215,66.25,16.75
FastDDS,WAN,4,6.662,0.865,1.404,77.48,19.61
FastDDS,WAN,4,7.498,0.655,1.547,67.37,31.68
FastDDS,WAN,4,7.1,0.483,1.15,47.18,24.88
FastDDS,WAN,4,7.889,0.645,0.821,77.89,33.4
FastDDS,WAN,16,8.429,0.66,0.736,63.37,27.78
FastDDS,WAN,16,8.472,0.644,1.715,68.68,25.95
FastDDS,WAN,16,7.967,0.633,1.29,61.37,29.04
FastDDS,WAN,16,9.315,0.649,1.167,70.64,26.75
FastDDS,WAN,16,10.178,0.551,1.231,76.12,22.14
FastDDS,WAN,16,8.396,0.363,0.534,79.45,20.98
FastDDS,WAN,16,9.584,0.487,0.807,71.65,25.18
FastDDS,WAN,16,8.549,0.851,1.26,71.17,31.8
FastDDS,WAN,16,8.49,0.536,0.542,66.15,24.31
FastDDS,WAN,16,9.632,0.608,0.806,64.93,24.2
FastDDS,WAN,16,9.108,0.36,0.882,68.31,20.11
FastDDS,WAN,16,9.303,0.395,2.21,63.66,19.02
FastDDS,WAN,16,9.307,0.306,1.429,63.65,18.21
FastDDS,WAN,16,9.698,0.434,1.322,71.85,28.08
FastDDS,WAN,16,9.15,0.587,1.019,65.31,23.87
FastDDS,WAN,16,9.73,0.638,1.224,72.8,24.82
FastDDS,WAN,16,8.648,0.546,1.083,63.94,20.06
FastDDS,WAN,16,8.951,0.97,1.61,70.15,35.64
FastDDS,WAN,16,9.523,0.559,1.323,74.63,19.88
FastDDS,WAN,16,8.95,0.538,1.983,62.75,31.33
FastDDS,WAN,16,8.578,0.551,1.784,71.13,32.16
FastDDS,WAN,16,8.433,0.68,1.691,59.36,26.62
FastDDS,WAN,16,8.667,0.636,1.369,68.09,20.65
FastDDS,WAN,16,8.863,0.626,0.579,74.96,18.95
FastDDS,WAN,16,9.236,0.657,1.572,63.68,23.78
FastDDS,WAN,16,9.48,0.508,1.393,59.55,25.81
FastDDS,WAN,16,9.86,0.437,1.263,70.12,20.9
FastDDS,WAN,16,7.813,0.797,1.723,72.99,21.89
FastDDS,WAN,16,8.857,0.453,0.386,67.56,20.3
FastDDS,WAN,16,9.817,0.521,1.223,58.71,28.89
FastDDS,WAN,16,8.774,0.373,0.982,61.65,22.56
FastDDS,WAN,16,9.195,0.618,0.258,67.38,26.99
FastDDS,WAN,16,9.222,0.617,1.423,71.61,21.3
FastDDS,WAN,16,8.31,0.475,1.331,66.88,29.37
FastDDS,WAN,16,9.991,0.471,0.267,60.28,27.4
FastDDS,WAN,16,8.526,0.634,1.029,63.28,26.86
FastDDS,WAN,16,8.637,0.786,0.587,72.82,24.51
FastDDS,WAN,16,9.572,0.977,0.989,67.19,16.69
FastDDS,WAN,16,9.593,0.611,1.752,77.68,16.82
FastDDS,WAN,16,9.031,0.394,1.275,65.8,24.0
FastDDS,WAN,16,9.287,0.672,1.68,58.58,30.51
FastDDS,WAN,16,8.904,0.808,0.942,69.68,31.57
FastDDS,WAN,16,9.023,0.47,0.915,64.77,23.13
FastDDS,WAN,16,9.757,0.933,1.036,62.98,26.58
FastDDS,WAN,16,9.084,0.484,1.141,55.03,23.9
FastDDS,WAN,16,9.769,0.586,1.439,66.27,26.02
FastDDS,WAN,16,9.446,0.475,1.867,69.95,36.98
FastDDS,WAN,16,9.104,0.688,1.374,72.92,21.38
FastDDS,WAN,16,8.8,0.66,1.019,63.71,27.73
FastDDS,WAN,16,9.118,0.462,1.165,79.89,28.32
FastDDS,WAN,16,8.038,0.746,0.873,77.95,31.32
FastDDS,WAN,16,9.484,0.733,1.969,80.42,19.02
FastDDS,WAN,16,9.755,0.549,0.636,58.96,22.56
FastDDS,WAN,16,8.296,0.576,1.764,78.65,20.6
FastDDS,WAN,16,8.871,0.769,1.333,59.14,25.74
FastDDS,WAN,16,10.09,0.577,0.593,58.56,22.28
FastDDS,WAN,16,8.921,0.526,0.614,58.75,30.67
FastDDS,WAN,16,8.98,0.272,0.976,63.43,21.07
FastDDS,WAN,16,9.544,0.636,1.138,64.24,23.49
FastDDS,WAN,16,8.72,0.689,1.534,61.67,25.11
FastDDS,WAN,16,9.834,0.431,1.717,60.03,26.74
FastDDS,WAN,16,8.462,0.917,1.191,64.73,22.5
FastDDS,WAN,16,8.836,0.725,0.945,60.03,20.36
FastDDS,WAN,16,9.452,0.809,1.603,69.59,29.73
FastDDS,WAN,16,8.91,0.536,0.845,68.3,20.27
FastDDS,WAN,16,8.439,0.574,0.629,65.35,29.03
FastDDS,WAN,16,8.974,0.626,1.136,59.93,27.87
FastDDS,WAN,16,9.807,0.705,0.973,64.36,27.55
FastDDS,WAN,16,9.42,0.856,1.665,65.14,19.53
FastDDS,WAN,16,8.617,0.526,1.227,76.03,26.44
FastDDS,WAN,16,8.984,0.542,1.573,56.33,28.52
FastDDS,WAN,16,9.608,0.504,1.377,61.41,23.94
FastDDS,WAN,16,8.16,0.523,1.05,67.25,25.2
FastDDS,WAN,16,9.893,0.564,1.903,59.55,23.92
FastDDS,WAN,16,8.258,0.898,0.947,67.22,23.92
FastDDS,WAN,16,9.282,0.577,0.834,66.61,26.93
FastDDS,WAN,16,9.704,0.424,0.434,76.39,22.99
FastDDS,WAN,16,8.639,0.342,1.944,73.65,23.51
FastDDS,WAN,16,8.533,0.685,1.616,70.89,23.33
FastDDS,WAN,16,8.78,0.764,1.602,75.44,27.9
FastDDS,WAN,16,9.297,0.607,1.588,65.84,29.03
FastDDS,WAN,16,8.535,0.653,1.329,59.07,28.52
FastDDS,WAN,16,9.691,0.301,1.362,79.71,27.51
FastDDS,WAN,16,8.533,0.416,1.557,63.21,15.3
FastDDS,WAN,16,8.671,0.432,1.044,73.57,22.4
FastDDS,WAN,16,9.536,0.486,0.622,63.47,26.76
FastDDS,WAN,16,9.281,0.464,0.996,68.77,25.66
FastDDS,WAN,16,9.737,0.463,1.672,63.38,26.59
FastDDS,WAN,16,8.907,0.528,1.722,66.77,25.82
FastDDS,WAN,16,9.098,0.666,1.158,58.68,25.43
FastDDS,WAN,16,8.744,0.633,0.695,63.22,29.51
FastDDS,WAN,16,9.727,0.445,1.19,59.99,22.58
FastDDS,WAN,16,9.576,0.71,1.166,60.38,26.91
FastDDS,WAN,16,9.49,0.625,0.617,58.95,30.34
FastDDS,WAN,16,9.251,0.383,1.599,63.29,18.62
FastDDS,WAN,16,8.537,0.728,1.242,69.82,27.43
FastDDS,WAN,16,8.625,0.312,0.933,70.34,21.47
FastDDS,WAN,16,9.017,0.806,1.602,62.52,29.59
FastDDS,WAN,16,9.445,0.61,1.558,64.8,25.96
FastDDS,WAN,16,8.827,0.357,1.339,64.78,19.75
FastDDS,WAN,16,8.903,0.461,1.233,60.01,30.7
FastDDS,WAN,16,9.64,0.839,1.249,67.54,23.96
FastDDS,WAN,16,8.908,0.603,1.227,82.5,27.6
FastDDS,WAN,16,9.666,0.793,1.153,78.29,25.41
FastDDS,WAN,16,8.54,0.673,1.314,64.46,24.87
FastDDS,WAN,16,9.801,0.67,1.013,69.24,20.7
FastDDS,WAN,16,8.544,0.263,1.176,77.81,31.85
FastDDS,WAN,16,8.857,0.374,1.586,69.98,28.29
FastDDS,WAN,16,9.7,0.651,1.291,75.28,31.39
FastDDS,WAN,16,9.767,0.748,1.523,59.07,23.37
FastDDS,WAN,16,10.247,0.486,1.154,54.66,17.71
FastDDS,WAN,16,9.326,0.501,1.457,69.24,26.28
FastDDS,WAN,16,9.599,0.961,1.219,74.4,19.06
FastDDS,WAN,16,9.111,0.827,0.987,62.41,24.43
FastDDS,WAN,16,9.122,0.812,0.83,68.75,31.02
FastDDS,WAN,16,9.306,0.51,1.756,58.61,27.41
FastDDS,WAN,16,9.178,0.799,1.282,69.54,21.98
FastDDS,WAN,16,9.659,0.534,1.233,65.49,22.33
FastDDS,WAN,16,8.261,0.542,1.038,67.99,21.04
FastDDS,WAN,16,8.789,0.67,1.175,64.52,22.21
FastDDS,WAN,16,9.246,0.77,1.231,73.31,22.17
FastDDS,WAN,16,8.951,0.662,0.924,64.17,19.41
FastDDS,WAN,16,8.661,0.791,1.146,61.25,24.63
FastDDS,WAN,16,9.47,0.464,1.004,64.3,29.2
FastDDS,WAN,16,9.611,0.69,1.405,62.42,24.83
FastDDS,WAN,16,9.754,0.707,1.014,62.46,31.28
FastDDS,WAN,16,9.602,0.432,1.581,64.28,25.82
FastDDS,WAN,16,8.715,0.816,0.352,75.29,21.25
FastDDS,WAN,16,8.93,0.436,1.715,66.69,21.12
FastDDS,WAN,16,8.947,0.687,1.456,83.77,28.34
FastDDS,WAN,16,8.41,0.26,1.393,65.34,21.58
FastDDS,WAN,16,8.761,0.585,1.488,66.12,19.75
FastDDS,WAN,16,9.312,0.814,1.512,69.8,31.15
FastDDS,WAN,16,9.054,0.572,0.758,62.98,17.9
FastDDS,WAN,16,9.324,0.492,1.184,58.33,25.6
FastDDS,WAN,16,8.173,0.517,1.048,57.63,28.8
FastDDS,WAN,16,8.946,0.798,0.964,81.17,20.0
FastDDS,WAN,16,9.76,0.521,0.97,60.64,28.08
FastDDS,WAN,16,9.652,0.565,1.128,79.07,19.61
FastDDS,WAN,16,8.94,0.723,1.242,62.05,18.89
FastDDS,WAN,16,9.602,0.591,1.362,57.59,35.27
FastDDS,WAN,16,9.074,0.765,0.564,72.32,28.67
FastDDS,WAN,16,10.169,0.755,1.83,66.81,26.44
FastDDS,WAN,16,9.068,0.496,0.847,51.67,23.82
FastDDS,WAN,16,8.693,0.414,1.292,71.92,29.26
FastDDS,WAN,16,8.969,0.271,1.022,63.17,31.63
FastDDS,WAN,16,9.535,0.721,1.19,62.22,23.73
FastDDS,WAN,16,8.85,0.53,1.646,66.47,23.57
FastDDS,WAN,16,9.751,0.425,0.684,62.57,28.54
FastDDS,WAN,16,9.282,0.685,0.0,71.16,26.95
FastDDS,WAN,16,9.107,0.542,1.277,64.3,20.88
FastDDS,WAN,16,8.58,0.494,0.754,73.97,22.75
FastDDS,WAN,16,8.859,0.83,1.425,70.87,16.32
FastDDS,WAN,16,8.697,0.767,0.366,66.52,17.21
FastDDS,WAN,16,9.075,0.681,0.526,63.35,34.9
FastDDS,WAN,16,8.586,0.479,0.902,55.09,26.69
FastDDS,WAN,16,8.736,0.78,0.979,63.73,30.07
FastDDS,WAN,16,10.648,0.694,1.274,75.13,22.26
FastDDS,WAN,16,8.7,0.672,1.336,51.37,30.19
FastDDS,WAN,16,9.044,0.88,0.737,53.48,26.32
FastDDS,WAN,16,9.683,0.834,1.034,60.01,24.58
FastDDS,WAN,16,8.801,0.487,0.926,65.78,20.69
FastDDS,WAN,16,8.773,0.727,1.112,68.19,33.93
FastDDS,WAN,16,9.612,0.579,1.413,57.5,26.79
FastDDS,WAN,16,8.951,0.754,0.93,65.91,27.33
FastDDS,WAN,16,8.742,0.753,1.782,60.29,15.45
FastDDS,WAN,16,10.209,0.718,0.643,58.97,29.84
FastDDS,WAN,16,8.45,0.534,1.383,62.42,27.23
FastDDS,WAN,16,9.173,0.796,1.367,60.48,20.73
FastDDS,WAN,16,9.001,0.501,1.38,66.21,25.7
FastDDS,WAN,16,9.357,0.668,0.423,62.16,33.35
FastDDS,WAN,16,10.248,0.44,1.626,70.8,23.56
FastDDS,WAN,16,8.961,0.452,1.487,65.83,26.83
FastDDS,WAN,16,9.587,0.752,1.467,67.79,19.61
FastDDS,WAN,16,10.276,0.824,0.681,70.67,22.47
FastDDS,WAN,16,7.894,0.538,1.459,65.33,14.3
FastDDS,WAN,16,10.075,0.41,1.63,62.33,28.26
FastDDS,WAN,16,9.027,0.426,0.983,71.2,24.92
FastDDS,WAN,16,8.456,0.566,1.303,59.57,22.62
FastDDS,WAN,16,9.472,0.666,1.331,81.29,36.74
FastDDS,WAN,16,9.473,0.257,1.456,68.72,33.77
FastDDS,WAN,16,8.733,0.555,1.674,59.72,28.07
FastDDS,WAN,16,8.348,0.683,0.768,65.68,29.66
FastDDS,WAN,16,9.845,0.541,1.222,78.94,29.21
FastDDS,WAN,16,9.647,0.374,1.206,75.07,16.97
FastDDS,WAN,16,9.159,0.572,0.88,71.79,15.34
FastDDS,WAN,16,9.138,0.404,1.183,64.16,21.12
FastDDS,WAN,16,9.269,0.454,0.974,60.77,24.37
FastDDS,WAN,16,8.863,0.59,0.292,56.83,23.22
FastDDS,WAN,16,8.997,0.562,1.068,67.61,20.2
FastDDS,WAN,16,9.218,0.595,1.327,55.29,26.31
FastDDS,WAN,16,8.805,0.647,1.142,68.53,22.35
FastDDS,WAN,16,9.016,0.629,0.431,58.86,23.0
FastDDS,WAN,16,8.763,0.422,1.506,62.1,21.09
FastDDS,WAN,16,9.449,0.73,1.833,68.44,17.43
FastDDS,WAN,16,7.337,0.441,1.798,73.32,31.24
FastDDS,WAN,16,9.004,0.746,1.169,73.97,26.66
FastDDS,WAN,16,9.295,0.592,0.452,77.23,28.92
FastDDS,WAN,16,9.563,0.461,1.138,72.16,31.83
FastDDS,WAN,16,8.974,0.623,1.468,62.99,25.25
FastDDS,WAN,16,10.142,0.817,0.222,67.79,19.47
FastDDS,WAN,16,8.71,0.551,1.338,66.57,30.21
FastDDS,WAN,16,8.045,0.494,1.182,62.02,25.68
FastDDS,WAN,16,9.378,0.73,1.337,59.98,21.1
FastDDS,WAN,16,9.028,0.456,1.178,61.54,25.34
FastDDS,WAN,16,9.255,0.809,1.434,58.86,20.48
FastDDS,WAN,16,8.715,0.368,0.462,61.91,22.75
FastDDS,WAN,16,8.213,0.716,1.611,64.4,22.02
FastDDS,WAN,16,8.677,0.852,1.033,70.24,26.82
FastDDS,WAN,16,9.33,0.705,1.372,67.46,26.68
FastDDS,WAN,16,9.913,0.61,1.426,67.42,23.1
FastDDS,WAN,16,8.819,0.49,1.682,66.35,25.96
FastDDS,WAN,16,9.533,0.625,0.591,67.82,23.49
FastDDS,WAN,16,9.106,0.512,1.156,54.85,24.45
FastDDS,WAN,16,8.693,0.475,0.578,67.49,27.49
FastDDS,WAN,16,9.412,0.393,1.71,72.61,29.18
FastDDS,WAN,16,9.627,0.584,2.299,70.86,23.81
FastDDS,WAN,16,9.197,0.555,0.985,69.36,27.19
FastDDS,WAN,16,9.473,0.776,1.235,65.94,20.94
FastDDS,WAN,16,9.897,0.895,1.219,71.42,21.06
FastDDS,WAN,16,8.684,0.856,0.926,66.97,25.28
FastDDS,WAN,16,9.798,0.692,0.664,71.38,22.95
FastDDS,WAN,16,8.125,0.663,1.568,60.9,30.33
FastDDS,WAN,16,9.171,0.368,1.016,61.68,23.62
FastDDS,WAN,16,9.334,0.457,1.373,53.61,19.42
FastDDS,WAN,16,9.445,0.734,1.295,57.9,19.94
FastDDS,WAN,16,8.973,0.601,1.605,72.88,26.53
FastDDS,WAN,16,9.241,0.727,1.214,68.6,18.15
FastDDS,WAN,16,9.177,0.608,1.14,66.68,24.92
FastDDS,WAN,16,9.288,0.667,1.86,81.68,21.28
FastDDS,WAN,16,8.874,0.673,1.047,72.99,23.55
FastDDS,WAN,16,9.498,0.753,1.332,65.57,26.4
FastDDS,WAN,16,10.393,0.491,1.189,67.89,23.1
FastDDS,WAN,16,9.301,0.483,1.636,74.9,28.41
FastDDS,WAN,16,8.824,0.536,1.121,58.13,24.49
FastDDS,WAN,16,8.95,0.433,0.986,67.31,22.2
FastDDS,WAN,16,8.54,0.659,0.778,64.03,21.02
FastDDS,WAN,16,8.088,0.497,0.958,69.32,23.64
FastDDS,WAN,16,8.456,0.504,1.197,64.72,23.95
FastDDS,WAN,16,9.388,0.538,1.479,59.74,26.73
FastDDS,WAN,16,8.759,0.39,0.759,64.64,24.32
FastDDS,WAN,16,9.117,0.685,1.049,67.25,33.83
FastDDS,WAN,16,8.683,0.595,0.68,68.68,25.73
FastDDS,WAN,16,9.435,0.485,1.287,64.38,21.59
FastDDS,WAN,16,9.655,0.552,1.916,62.83,25.58
FastDDS,WAN,16,9.123,0.843,0.813,64.08,23.86
FastDDS,WAN,16,9.678,0.611,1.813,68.55,38.26
FastDDS,WAN,16,8.983,0.7,1.087,65.79,28.8
FastDDS,WAN,16,8.931,0.542,0.723,65.9,25.71
FastDDS,WAN,16,8.421,0.786,1.104,81.41,26.81
FastDDS,WAN,16,8.11,0.442,1.42,73.99,25.43
FastDDS,WAN,16,8.873,0.608,1.542,68.42,22.27
FastDDS,WAN,16,8.835,0.564,1.649,84.76,34.62
FastDDS,WAN,16,9.36,0.589,1.152,71.25,23.38
FastDDS,WAN,16,7.377,0.778,1.71,51.15,29.74
FastDDS,WAN,16,9.572,0.719,1.169,69.8,27.49
FastDDS,WAN,16,9.044,0.65,1.26,73.23,22.56
FastDDS,WAN,16,9.647,0.75,1.63,57.29,27.06
FastDDS,WAN,16,8.915,0.776,1.273,61.01,23.19
FastDDS,WAN,16,9.535,0.582,0.678,67.73,25.62
FastDDS,WAN,16,9.598,0.775,1.651,63.77,32.44
FastDDS,WAN,16,9.111,0.434,0.717,50.98,27.09
FastDDS,WAN,16,8.492,0.611,1.847,61.24,26.76
FastDDS,WAN,16,9.447,0.811,0.677,60.25,30.8
FastDDS,WAN,16,8.982,0.478,0.601,71.1,22.34
FastDDS,WAN,16,8.722,0.667,1.387,62.13,30.28
FastDDS,WAN,16,8.944,0.544,0.919,68.91,22.93
FastDDS,WAN,16,8.818,0.887,1.407,54.4,28.87
FastDDS,WAN,16,9.786,0.531,1.629,67.69,22.25
FastDDS,WAN,16,8.661,0.732,1.12,76.14,25.88
FastDDS,WAN,16,8.5,0.521,1.298,51.46,26.1
FastDDS,WAN,16,10.407,0.94,1.434,63.87,19.8
FastDDS,WAN,16,9.396,0.734,1.237,55.36,21.54
FastDDS,WAN,16,8.175,0.597,1.006,71.77,30.22
FastDDS,WAN,16,9.251,0.649,1.339,59.75,20.32
FastDDS,WAN,16,8.65,0.314,1.442,58.71,29.85
FastDDS,WAN,16,8.936,0.627,1.208,59.27,17.89
FastDDS,WAN,16,10.002,0.441,1.66,75.57,30.9
FastDDS,WAN,16,8.359,0.723,1.794,57.48,25.66
FastDDS,WAN,16,9.179,0.658,1.533,66.24,20.42
FastDDS,WAN,16,9.657,0.802,0.76,62.01,26.45
FastDDS,WAN,16,8.899,0.532,0.505,63.92,23.1
FastDDS,WAN,16,9.984,0.427,0.683,65.72,22.37
FastDDS,WAN,16,8.728,0.82,1.339,64.21,25.2
FastDDS,WAN,16,9.785,0.56,1.226,76.24,33.86
FastDDS,WAN,16,8.876,0.369,0.86,52.35,23.6
FastDDS,WAN,16,10.01,0.572,2.049,61.58,15.43
FastDDS,WAN,16,9.528,0.524,0.598,69.67,27.14
FastDDS,WAN,16,9.912,0.578,0.425,70.65,13.71
FastDDS,WAN,16,9.296,0.84,1.468,56.87,29.48
FastDDS,WAN,16,8.317,0.353,1.099,67.23,23.83
FastDDS,WAN,16,8.557,0.485,1.065,58.6,27.85
FastDDS,WAN,16,9.775,0.415,1.172,62.08,28.69
FastDDS,WAN,16,9.188,0.803,1.373,79.79,29.59
FastDDS,WAN,16,8.647,0.512,1.515,48.01,22.82
FastDDS,WAN,16,8.687,0.691,1.313,70.2,23.74
FastDDS,WAN,16,8.07,0.555,1.226,69.66,28.38
FastDDS,WAN,16,8.986,0.779,0.856,72.95,18.38
FastDDS,WAN,16,9.933,0.613,1.193,67.61,28.56
FastDDS,WAN,16,9.555,0.765,1.797,72.06,25.96
FastDDS,WAN,64,15.138,1.16,0.739,59.44,24.84
FastDDS,WAN,64,14.998,0.67,1.803,66.03,26.29
FastDDS,WAN,64,14.656,0.551,0.779,48.65,21.81
FastDDS,WAN,64,15.363,0.517,1.063,69.43,24.97
FastDDS,WAN,64,15.045,0.654,1.652,57.62,14.94
FastDDS,WAN,64,15.773,0.501,0.685,59.5,19.43
FastDDS,WAN,64,14.895,0.742,1.666,55.27,23.49
FastDDS,WAN,64,15.017,0.668,0.909,56.56,23.74
FastDDS,WAN,64,14.813,0.763,1.466,57.68,28.0
FastDDS,WAN,64,15.544,0.588,1.145,71.86,31.8
FastDDS,WAN,64,15.902,0.782,1.209,65.58,29.43
FastDDS,WAN,64,15.177,0.621,1.038,53.54,33.74
FastDDS,WAN,64,13.309,0.569,1.937,69.85,25.6
FastDDS,WAN,64,14.056,0.548,0.904,62.96,25.5
FastDDS,WAN,64,15.091,0.729,0.857,60.13,23.85
FastDDS,WAN,64,14.877,0.42,2.008,70.87,24.89
FastDDS,WAN,64,16.01,0.498,1.346,57.07,18.36
FastDDS,WAN,64,14.622,0.439,0.806,69.65,33.89
FastDDS,WAN,64,14.23,0.324,1.171,65.69,29.97
FastDDS,WAN,64,14.007,0.695,0.93,47.71,25.95
FastDDS,WAN,64,14.711,0.662,1.022,58.34,28.64
FastDDS,WAN,64,14.745,0.754,1.288,63.27,28.49
FastDDS,WAN,64,14.778,0.513,1.002,73.4,22.9
FastDDS,WAN,64,14.522,0.574,1.062,60.94,15.05
FastDDS,WAN,64,15.424,0.717,0.825,60.33,26.17
FastDDS,WAN,64,16.065,0.651,0.755,59.93,28.48
FastDDS,WAN,64,15.223,0.848,0.728,84.28,29.36
FastDDS,WAN,64,15.556,0.598,1.677,59.37,21.87
FastDDS,WAN,64,15.39,0.664,0.678,60.19,31.93
FastDDS,WAN,64,14.556,0.655,1.069,51.22,22.26
FastDDS,WAN,64,14.723,0.577,1.769,59.99,29.33
FastDDS,WAN,64,15.585,0.763,1.086,66.09,18.42
FastDDS,WAN,64,13.711,0.496,1.542,58.41,32.42
FastDDS,WAN,64,14.754,0.661,1.332,63.78,24.25
FastDDS,WAN,64,14.989,0.51,1.361,57.71,25.57
FastDDS,WAN,64,15.502,0.525,1.528,60.61,27.77
FastDDS,WAN,64,15.3,0.589,2.061,55.12,22.2
FastDDS,WAN,64,14.686,0.66,0.82,65.06,21.17
FastDDS,WAN,64,15.202,0.222,0.925,62.69,28.62
FastDDS,WAN,64,16.219,0.543,1.767,64.01,26.11
FastDDS,WAN,64,15.059,0.799,1.506,55.27,25.12
FastDDS,WAN,64,15.563,0.496,1.186,66.28,22.19
FastDDS,WAN,64,13.473,0.447,1.727,59.41,25.2
FastDDS,WAN,64,15.12,0.601,0.894,67.23,29.32
FastDDS,WAN,64,14.024,0.68,1.464,72.75,22.78
FastDDS,WAN,64,14.72,0.933,1.279,68.37,23.07
FastDDS,WAN,64,14.751,0.872,1.756,57.02,30.18
FastDDS,WAN,64,15.042,0.54,1.114,62.3,25.22
FastDDS,WAN,64,14.389,0.526,1.389,69.34,24.1
FastDDS,WAN,64,14.903,0.407,1.029,56.64,19.42
FastDDS,WAN,64,14.86,0.577,1.339,63.49,24.95
FastDDS,WAN,64,15.209,0.654,1.778,59.99,28.28
FastDDS,WAN,64,14.531,0.654,0.814,54.37,32.49
FastDDS,WAN,64,15.798,0.528,1.462,52.32,24.41
FastDDS,WAN,64,15.214,0.803,1.286,62.28,30.25
FastDDS,WAN,64,15.475,0.64,0.794,63.33,25.07
FastDDS,WAN,64,14.815,0.575,2.126,64.65,27.44
FastDDS,WAN,64,15.079,0.81,1.052,57.39,24.65
FastDDS,WAN,64,13.668,0.733,1.303,64.42,27.3
FastDDS,WAN,64,15.341,0.758,1.275,57.4,25.47
FastDDS,WAN,64,15.005,0.638,0.746,57.82,30.57
FastDDS,WAN,64,14.707,0.555,1.774,65.95,31.06
FastDDS,WAN,64,14.577,0.513,0.533,65.97,19.66
FastDDS,WAN,64,15.096,0.522,0.989,68.06,31.68
FastDDS,WAN,64,13.853,0.664,1.257,67.68,21.49
FastDDS,WAN,64,15.03,0.443,0.963,55.21,23.86
FastDDS,WAN,64,14.536,0.632,1.611,51.37,21.77
FastDDS,WAN,64,14.744,0.795,0.887,68.99,23.15
FastDDS,WAN,64,15.205,0.795,2.035,66.21,27.28
FastDDS,WAN,64,15.02,0.747,1.337,57.31,22.39
FastDDS,WAN,64,14.904,0.925,1.209,51.57,27.66
FastDDS,WAN,64,14.839,0.769,0.806,64.78,25.75
FastDDS,WAN,64,15.513,1.091,0.55,61.19,23.55
FastDDS,WAN,64,14.276,0.337,1.107,63.77,24.59
FastDDS,WAN,64,15.558,0.758,1.082,60.67,24.12
FastDDS,WAN,64,15.005,0.383,1.49,65.72,24.83
FastDDS,WAN,64,16.047,0.486,1.205,67.43,25.82
FastDDS,WAN,64,15.328,0.565,1.088,60.63,32.01
FastDDS,WAN,64,15.8,0.528,1.119,63.49,20.83
FastDDS,WAN,64,14.514,0.792,1.429,81.36,25.05
FastDDS,WAN,64,14.939,0.621,1.754,64.51,22.26
FastDDS,WAN,64,15.799,0.674,1.935,61.78,35.26
FastDDS,WAN,64,15.851,0.689,1.464,50.91,22.91
FastDDS,WAN,64,14.906,0.506,0.391,63.32,25.18
FastDDS,WAN,64,14.568,0.89,1.571,61.79,28.45
FastDDS,WAN,64,14.647,0.553,1.797,74.76,25.42
FastDDS,WAN,64,14.203,0.557,1.539,60.82,32.96
FastDDS,WAN,64,14.353,0.535,1.098,60.07,28.63
FastDDS,WAN,64,15.606,0.288,1.849,50.83,24.38
FastDDS,WAN,64,14.394,0.809,0.759,60.1,20.56
FastDDS,WAN,64,14.871,0.757,1.481,70.11,22.84
FastDDS,WAN,64,14.305,0.778,0.453,64.5,24.84
FastDDS,WAN,64,14.908,0.602,1.681,77.04,21.22
FastDDS,WAN,64,14.551,0.345,1.936,71.49,20.87
FastDDS,WAN,64,13.88,0.411,0.0,70.39,27.72
FastDDS,WAN,64,14.718,0.648,0.886,60.44,24.72
FastDDS,WAN,64,15.566,0.563,1.433,58.35,29.48
FastDDS,WAN,64,14.027,0.673,1.859,72.14,27.32
FastDDS,WAN,64,15.295,0.515,0.926,58.92,23.87
FastDDS,WAN,64,14.42,0.755,1.574,55.69,21.19
FastDDS,WAN,64,14.334,0.52,1.068,67.28,28.96
FastDDS,WAN,64,15.049,0.703,0.286,53.68,27.16
FastDDS,WAN,64,14.489,0.793,0.776,60.09,29.82
FastDDS,WAN,64,13.679,0.562,1.238,55.78,26.21
FastDDS,WAN,64,13.941,0.858,0.942,59.58,31.19
FastDDS,WAN,64,15.637,0.485,1.61,70.12,26.35
FastDDS,WAN,64,16.006,0.676,1.069,57.29,20.86
FastDDS,WAN,64,14.489,0.552,1.023,54.94,19.94
FastDDS,WAN,64,15.126,0.555,0.843,56.76,21.1
FastDDS,WAN,64,13.99,0.745,1.372,79.52,30.17
FastDDS,WAN,64,14.39,0.499,1.44,63.52,26.32
FastDDS,WAN,64,14.603,0.693,2.35,68.96,28.45
FastDDS,WAN,64,15.449,0.663,1.106,77.95,25.79
FastDDS,WAN,64,15.088,0.928,0.982,63.18,28.17
FastDDS,WAN,64,14.723,0.564,1.143,77.15,17.03
FastDDS,WAN,64,14.874,0.705,1.706,59.97,30.5
FastDDS,WAN,64,15.404,0.712,1.474,64.49,20.53
FastDDS,WAN,64,15.634,0.496,0.998,55.17,23.37
FastDDS,WAN,64,15.069,0.54,0.476,65.72,26.97
FastDDS,WAN,64,15.393,0.668,1.778,68.89,21.66
FastDDS,WAN,64,15.192,0.538,1.049,63.2,19.44
FastDDS,WAN,64,14.706,0.521,0.946,56.26,20.75
FastDDS,WAN,64,15.091,0.469,1.698,68.81,24.98
FastDDS,WAN,64,15.337,0.636,1.473,63.63,20.48
FastDDS,WAN,64,14.66,0.629,0.942,68.4,28.31
FastDDS,WAN,64,14.622,0.595,0.996,66.77,21.81
FastDDS,WAN,64,14.467,0.725,1.403,53.97,23.88
FastDDS,WAN,64,15.669,0.515,1.797,68.02,28.04
FastDDS,WAN,64,14.701,0.634,0.834,60.85,24.27
FastDDS,WAN,64,15.69,0.778,0.306,57.95,24.99
FastDDS,WAN,64,14.193,0.691,1.25,58.37,20.06
FastDDS,WAN,64,15.108,0.819,1.498,56.24,25.56
FastDDS,WAN,64,14.787,0.9,0.811,60.66,24.22
FastDDS,WAN,64,14.97,0.621,1.432,59.23,19.77
FastDDS,WAN,64,14.81,0.46,1.292,64.26,15.72
FastDDS,WAN,64,14.98,0.458,1.112,68.23,21.27
FastDDS,WAN,64,14.987,0.697,0.99,62.89,28.58
FastDDS,WAN,64,15.524,0.481,1.309,65.94,19.71
FastDDS,WAN,64,14.092,0.53,0.602,64.5,26.39
FastDDS,WAN,64,15.7,0.466,1.662,59.38,17.42
FastDDS,WAN,64,15.304,0.202,0.745,53.29,26.67
FastDDS,WAN,64,15.143,0.455,0.691,69.04,25.01
FastDDS,WAN,64,14.604,0.525,0.575,74.91,24.36
FastDDS,WAN,64,15.033,0.671,1.118,56.93,27.51
FastDDS,WAN,64,15.493,0.858,1.368,70.09,27.62
FastDDS,WAN,64,15.041,0.924,1.26,70.51,24.04
FastDDS,WAN,64,15.374,0.694,1.503,58.02,24.53
FastDDS,WAN,64,14.255,0.28,1.71,64.45,23.15
FastDDS,WAN,64,15.036,0.515,1.106,66.83,26.47
FastDDS,WAN,64,15.097,0.051,1.468,64.68,20.09
FastDDS,WAN,64,13.99,0.587,1.738,65.61,23.28
FastDDS,WAN,64,15.181,0.684,0.974,69.15,27.68
FastDDS,WAN,64,15.483,0.537,1.213,60.33,26.18
FastDDS,WAN,64,15.294,0.878,1.097,56.44,19.42
FastDDS,WAN,64,15.727,0.677,0.846,64.48,30.58
FastDDS,WAN,64,15.444,0.74,1.286,67.21,21.35
FastDDS,WAN,64,13.867,0.568,0.986,50.55,24.45
FastDDS,WAN,64,15.276,0.607,0.498,59.76,24.41
FastDDS,WAN,64,14.672,0.779,1.636,67.48,24.64
FastDDS,WAN,64,14.713,0.692,0.0,70.45,27.59
FastDDS,WAN,64,14.823,0.462,1.228,59.58,24.37
FastDDS,WAN,64,15.196,0.585,1.127,60.33,17.95
FastDDS,WAN,64,14.257,0.883,0.727,48.02,27.88
FastDDS,WAN,64,14.247,0.537,1.461,54.56,24.24
FastDDS,WAN,64,14.553,0.744,1.216,60.22,17.98
FastDDS,WAN,64,14.588,0.832,1.441,72.4,25.89
FastDDS,WAN,64,13.87,0.663,1.245,50.45,22.92
FastDDS,WAN,64,14.162,0.789,1.1,51.45,18.0
FastDDS,WAN,64,14.712,0.77,1.009,63.11,18.4
FastDDS,WAN,64,14.983,0.487,1.562,69.93,18.95
FastDDS,WAN,64,15.913,0.57,0.891,67.39,28.67
FastDDS,WAN,64,15.024,0.546,1.128,76.31,24.71
FastDDS,WAN,64,15.633,0.547,1.807,69.14,18.7
FastDDS,WAN,64,14.674,0.803,1.073,63.29,25.56
FastDDS,WAN,64,15.201,0.883,0.965,56.0,18.25
FastDDS,WAN,64,15.743,0.423,0.756,53.19,23.58
FastDDS,WAN,64,14.396,0.75,0.547,74.67,26.36
FastDDS,WAN,64,14.965,0.623,0.692,64.62,15.68
FastDDS,WAN,64,15.006,0.689,1.597,53.27,25.99
FastDDS,WAN,64,15.244,0.289,1.475,55.95,23.15
FastDDS,WAN,64,15.42,0.698,1.687,55.15,21.14
FastDDS,WAN,64,15.479,0.68,1.225,51.21,22.2
FastDDS,WAN,64,14.694,0.245,1.112,63.77,21.75
FastDDS,WAN,64,14.337,0.537,1.356,70.64,27.8
FastDDS,WAN,64,14.487,0.477,0.822,53.63,25.91
FastDDS,WAN,64,14.727,0.36,1.309,63.57,26.16
FastDDS,WAN,64,14.917,0.526,1.119,63.47,23.71
FastDDS,WAN,64,14.696,0.648,1.294,62.05,25.06
FastDDS,WAN,64,15.067,0.512,1.574,54.96,25.05
FastDDS,WAN,64,14.687,0.758,0.944,51.4,23.3
FastDDS,WAN,64,14.936,0.613,1.116,59.78,27.18
FastDDS,WAN,64,14.439,0.444,0.806,62.67,30.4
FastDDS,WAN,64,14.682,0.624,0.775,75.95,31.19
FastDDS,WAN,64,14.388,0.565,1.787,69.5,28.58
FastDDS,WAN,64,15.728,0.693,0.729,57.02,26.87
FastDDS,WAN,64,15.398,0.661,1.527,67.53,25.75
FastDDS,WAN,64,15.06,0.494,1.886,64.67,26.86
FastDDS,WAN,64,14.892,0.533,1.571,69.18,27.34
FastDDS,WAN,64,15.036,0.531,1.081,62.5,28.76
FastDDS,WAN,64,14.736,0.627,1.108,75.03,25.47
FastDDS,WAN,64,14.493,0.849,1.937,57.88,23.7
FastDDS,WAN,64,14.412,0.396,0.94,60.22,18.25
FastDDS,WAN,64,15.026,0.353,1.138,62.9,24.16
FastDDS,WAN,64,14.985,0.588,0.906,56.85,26.68
FastDDS,WAN,64,15.275,0.565,1.418,56.72,26.17
FastDDS,WAN,64,13.723,0.571,1.66,64.42,18.24
FastDDS,WAN,64,14.466,0.591,0.965,70.85,21.24
FastDDS,WAN,64,14.421,0.512,0.099,67.35,24.07
FastDDS,WAN,64,14.558,0.327,0.822,61.6,27.35
FastDDS,WAN,64,15.464,0.844,1.907,65.43,33.07
FastDDS,WAN,64,15.327,0.799,0.994,68.83,27.47
FastDDS,WAN,64,14.108,0.593,1.149,50.33,24.91
FastDDS,WAN,64,15.104,0.796,0.842,55.56,19.09
FastDDS,WAN,64,15.625,0.635,2.037,69.3,26.86
FastDDS,WAN,64,15.424,0.653,1.311,68.93,31.62
FastDDS,WAN,64,15.489,0.47,1.718,65.4,25.9
FastDDS,WAN,64,14.957,0.685,1.318,58.62,23.97
FastDDS,WAN,64,14.982,0.723,1.875,77.58,30.94
FastDDS,WAN,64,15.858,0.596,0.74,52.5,30.54
FastDDS,WAN,64,14.726,0.648,0.819,56.39,28.13
FastDDS,WAN,64,15.904,0.898,1.235,71.48,23.46
FastDDS,WAN,64,14.936,0.793,1.221,73.49,26.49
FastDDS,WAN,64,15.603,0.68,0.831,68.79,24.87
FastDDS,WAN,64,14.704,0.509,1.822,51.18,25.44
FastDDS,WAN,64,15.455,0.542,1.228,64.29,29.36
FastDDS,WAN,64,15.827,0.538,0.655,63.77,20.41
FastDDS,WAN,64,13.81,0.667,2.024,71.03,25.02
FastDDS,WAN,64,14.856,0.546,1.081,57.06,29.23
FastDDS,WAN,64,13.664,0.592,1.718,75.45,26.67
FastDDS,WAN,64,15.448,0.726,1.135,60.7,29.42
FastDDS,WAN,64,15.227,0.653,1.441,73.11,24.65
FastDDS,WAN,64,15.172,0.778,1.014,61.63,27.89
FastDDS,WAN,64,14.662,0.464,0.43,73.99,22.98
FastDDS,WAN,64,14.138,0.209,1.775,53.92,25.8
FastDDS,WAN,64,14.403,0.628,1.433,62.31,27.16
FastDDS,WAN,64,14.873,0.476,1.587,59.54,22.43
FastDDS,WAN,64,16.046,0.723,1.054,62.94,23.55
FastDDS,WAN,64,15.969,0.601,0.898,56.59,31.21
FastDDS,WAN,64,14.566,0.659,1.7,65.18,27.62
FastDDS,WAN,64,14.862,0.64,1.432,62.93,17.72
FastDDS,WAN,64,15.864,0.782,1.434,69.14,26.68
FastDDS,WAN,64,15.538,0.623,1.265,60.55,28.47
FastDDS,WAN,64,15.43,0.809,0.564,59.79,33.56
FastDDS,WAN,64,14.298,0.444,0.674,62.71,25.81
FastDDS,WAN,64,15.752,0.501,1.172,68.37,20.12
FastDDS,WAN,64,14.724,0.681,1.031,72.72,33.54
FastDDS,WAN,64,15.214,0.669,1.128,64.47,29.08
FastDDS,WAN,64,14.258,0.37,1.438,70.01,27.78
FastDDS,WAN,64,15.318,0.7,1.106,66.37,23.09
FastDDS,WAN,64,15.272,0.334,1.48,58.15,22.8
FastDDS,WAN,64,14.51,0.679,1.369,62.97,23.72
FastDDS,WAN,64,14.038,0.723,1.326,54.86,28.81
FastDDS,WAN,64,14.643,0.537,0.779,58.91,24.73
FastDDS,WAN,64,15.266,0.671,0.755,53.79,27.02
FastDDS,WAN,64,15.176,0.472,0.769,58.52,30.78
FastDDS,WAN,64,15.462,0.544,1.236,62.36,32.18
FastDDS,WAN,64,15.824,0.767,1.416,70.08,30.77
FastDDS,WAN,64,14.762,0.944,1.562,60.12,32.15
FastDDS,WAN,64,14.99,0.647,0.394,72.32,24.52
FastDDS,WAN,64,15.339,0.632,1.348,59.02,38.36
FastDDS,WAN,64,14.371,0.67,1.839,68.7,18.36
FastDDS,WAN,64,15.456,0.867,1.51,64.52,18.74
FastDDS,WAN,64,15.031,0.834,0.47,60.38,28.01
FastDDS,WAN,64,15.41,0.756,0.625,52.16,26.72
FastDDS,WAN,64,14.062,0.467,0.626,65.46,29.87
FastDDS,WAN,64,15.759,0.355,1.322,69.14,29.85
FastDDS,WAN,64,14.743,0.716,0.837,66.77,26.31
FastDDS,WAN,64,14.945,0.676,2.04,77.37,15.36
FastDDS,WAN,64,15.003,0.731,1.105,57.51,31.57
FastDDS,WAN,64,15.223,0.53,0.982,58.51,19.79
FastDDS,WAN,64,14.606,0.839,1.464,62.58,19.8
FastDDS,WAN,64,14.778,0.522,0.714,73.53,25.98
FastDDS,WAN,64,13.877,0.669,0.926,64.6,13.87
FastDDS,WAN,64,15.551,0.808,1.073,56.31,27.33
FastDDS,WAN,64,15.318,0.438,0.95,63.36,19.11
FastDDS,WAN,64,14.609,0.486,1.726,66.63,29.75
FastDDS,WAN,64,15.712,0.858,1.63,49.85,27.22
FastDDS,WAN,64,14.31,0.941,1.211,58.6,24.36
FastDDS,WAN,64,14.782,0.494,0.883,75.69,19.61
FastDDS,WAN,64,15.218,0.355,1.133,67.39,27.01
FastDDS,WAN,64,14.171,0.547,1.305,70.22,27.14
FastDDS,WAN,64,15.689,0.463,0.753,62.45,33.36
FastDDS,WAN,64,14.258,0.264,1.248,63.64,26.09
FastDDS,WAN,64,14.595,0.578,1.378,80.36,28.59
FastDDS,WAN,64,16.078,0.959,1.107,63.24,16.86
FastDDS,WAN,64,15.062,0.517,1.39,53.49,23.1
FastDDS,WAN,64,15.642,0.224,0.971,56.49,32.93
FastDDS,WAN,64,16.068,0.741,1.038,59.75,23.44
FastDDS,WAN,64,16.149,0.339,1.704,72.5,28.33
FastDDS,WAN,64,15.29,0.604,1.124,63.02,23.14
FastDDS,WAN,64,15.251,0.485,1.079,58.48,22.0
FastDDS,WAN,64,13.535,0.508,1.188,62.96,20.59
FastDDS,WAN,64,15.619,0.525,0.616,61.64,27.53
FastDDS,WAN,64,14.987,0.524,1.358,62.8,27.21
FastDDS,WAN,64,15.681,0.509,1.288,53.88,23.63
FastDDS,WAN,64,14.69,0.534,0.725,60.28,25.58
FastDDS,WAN,64,14.195,0.463,0.99,72.23,18.34
FastDDS,WAN,64,15.335,0.754,1.736,74.98,21.3
FastDDS,WAN,64,15.079,0.6,0.876,63.99,23.59
FastDDS,WAN,64,15.108,0.623,1.862,57.68,28.49
CycloneDDS,LAN,1,1.937,0.22,0.018,89.95,16.0
CycloneDDS,LAN,1,1.927,0.259,0.004,92.15,20.05
CycloneDDS,LAN,1,2.745,0.188,0.024,93.52,16.95
CycloneDDS,LAN,1,2.268,0.092,0.022,91.65,19.51
CycloneDDS,LAN,1,2.491,0.213,0.063,91.92,17.9
CycloneDDS,LAN,1,1.749,0.172,0.015,91.55,16.37
CycloneDDS,LAN,1,2.001,0.322,0.058,98.66,16.03
CycloneDDS,LAN,1,2.518,0.258,0.057,96.79,15.23
CycloneDDS,LAN,1,1.828,0.296,0.044,84.23,15.13
CycloneDDS,LAN,1,2.036,0.172,0.016,92.82,20.03
CycloneDDS,LAN,1,1.689,0.193,0.007,95.68,22.95
CycloneDDS,LAN,1,2.209,0.35,0.065,101.99,16.48
CycloneDDS,LAN,1,2.266,0.331,0.042,95.91,19.45
CycloneDDS,LAN,1,1.866,0.235,0.061,92.17,16.54
CycloneDDS,LAN,1,2.055,0.286,0.023,87.33,20.48
CycloneDDS,LAN,1,2.021,0.353,0.007,83.92,16.63
CycloneDDS,LAN,1,2.589,0.149,0.041,91.27,15.56
CycloneDDS,LAN,1,2.216,0.212,0.02,95.1,17.38
CycloneDDS,LAN,1,1.66,0.278,0.006,103.98,13.98
CycloneDDS,LAN,1,1.382,0.236,0.065,94.05,22.12
CycloneDDS,LAN,1,1.524,0.158,0.062,87.45,16.91
CycloneDDS,LAN,1,2.522,0.307,0.06,86.22,15.36
CycloneDDS,LAN,1,2.426,0.149,0.0,101.37,15.77
CycloneDDS,LAN,1,2.21,0.353,0.0,98.55,16.34
CycloneDDS,LAN,1,2.271,0.255,0.0,96.47,14.78
CycloneDDS,LAN,1,2.359,0.151,0.019,96.33,25.83
CycloneDDS,LAN,1,2.283,0.05,0.027,87.42,16.15
CycloneDDS,LAN,1,1.97,0.29,0.008,94.78,17.83
CycloneDDS,LAN,1,1.554,0.249,0.071,90.37,16.93
CycloneDDS,LAN,1,1.909,0.346,0.042,98.39,17.76
CycloneDDS,LAN,1,1.817,0.192,0.031,84.16,20.59
CycloneDDS,LAN,1,1.949,0.205,0.059,90.22,16.82
CycloneDDS,LAN,1,2.304,0.197,0.037,96.97,22.2
CycloneDDS,LAN,1,2.372,0.205,0.037,95.94,15.08
CycloneDDS,LAN,1,1.893,0.262,0.042,94.62,23.71
CycloneDDS,LAN,1,2.481,0.232,0.018,89.28,20.1
CycloneDDS,LAN,1,1.613,0.189,0.037,88.16,21.16
CycloneDDS,LAN,1,2.294,0.104,0.025,86.79,23.88
CycloneDDS,LAN,1,2.026,0.109,0.005,94.78,16.83
CycloneDDS,LAN,1,2.343,0.297,0.019,90.68,21.03
CycloneDDS,LAN,1,2.193,0.241,0.057,91.36,17.48
CycloneDDS,LAN,1,2.726,0.106,0.031,81.34,16.92
CycloneDDS,LAN,1,1.619,0.122,0.06,92.38,21.23
CycloneDDS,LAN,1,2.205,0.157,0.012,93.56,19.72
CycloneDDS,LAN,1,2.145,0.306,0.044,83.78,19.24
CycloneDDS,LAN,1,1.815,0.258,0.022,86.5,23.95
CycloneDDS,LAN,1,1.739,0.11,0.045,86.44,19.54
CycloneDDS,LAN,1,2.024,0.229,0.035,91.53,20.31
CycloneDDS,LAN,1,2.846,0.332,0.055,94.36,25.83
CycloneDDS,LAN,1,1.89,0.237,0.056,93.32,18.32
CycloneDDS,LAN,1,2.614,0.273,0.018,89.77,14.32
CycloneDDS,LAN,1,1.122,0.361,0.047,94.75,19.26
CycloneDDS,LAN,1,1.55,0.322,0.034,98.15,20.4
CycloneDDS,LAN,1,2.029,0.185,0.028,93.1,20.38
CycloneDDS,LAN,1,1.714,0.239,0.024,89.47,22.19
CycloneDDS,LAN,1,1.979,0.205,0.039,89.28,14.92
CycloneDDS,LAN,1,1.92,0.212,0.054,91.05,23.61
CycloneDDS,LAN,1,1.596,0.11,0.0,94.84,16.7
CycloneDDS,LAN,1,2.114,0.29,0.069,91.34,16.96
CycloneDDS,LAN,1,2.11,0.28,0.003,91.33,18.54
CycloneDDS,LAN,1,2.221,0.241,0.022,89.55,19.13
CycloneDDS,LAN,1,2.784,0.281,0.02,100.14,21.83
CycloneDDS,LAN,1,1.681,0.144,0.047,89.91,16.47
CycloneDDS,LAN,1,1.762,0.198,0.039,85.51,15.25
CycloneDDS,LAN,1,2.606,0.153,0.004,96.31,20.81
CycloneDDS,LAN,1,2.057,0.334,0.054,95.67,15.97
CycloneDDS,LAN,1,2.052,0.243,0.044,90.94,18.62
CycloneDDS,LAN,1,2.135,0.177,0.049,91.08,20.18
CycloneDDS,LAN,1,1.515,0.263,0.086,94.09,16.09
CycloneDDS,LAN,1,2.376,0.195,0.018,87.4,15.66
CycloneDDS,LAN,1,2.208,0.103,0.03,91.55,15.95
CycloneDDS,LAN,1,1.905,0.218,0.016,87.44,18.24
CycloneDDS,LAN,1,2.12,0.263,0.015,91.68,19.9
CycloneDDS,LAN,1,2.954,0.101,0.044,87.34,13.72
CycloneDDS,LAN,1,2.019,0.23,0.034,89.2,14.48
CycloneDDS,LAN,1,2.2,0.229,0.028,98.21,18.7
CycloneDDS,LAN,1,1.826,0.348,0.015,88.42,16.63
CycloneDDS,LAN,1,1.876,0.252,0.038,94.49,19.75
CycloneDDS,LAN,1,2.212,0.199,0.027,90.62,14.52
CycloneDDS,LAN,1,1.421,0.181,0.004,100.2,18.99
CycloneDDS,LAN,1,2.026,0.218,0.021,92.92,15.2
CycloneDDS,LAN,1,2.379,0.371,0.005,103.35,18.88
CycloneDDS,LAN,1,2.182,0.142,0.009,87.55,15.91
CycloneDDS,LAN,1,1.902,0.188,0.023,93.57,24.6
CycloneDDS,LAN,1,2.515,0.285,0.032,90.53,13.74
CycloneDDS,LAN,1,2.191,0.108,0.039,84.35,22.8
CycloneDDS,LAN,1,2.173,0.056,0.063,85.59,19.72
CycloneDDS,LAN,1,1.951,0.249,0.036,101.51,18.39
CycloneDDS,LAN,1,2.342,0.084,0.0,100.35,21.11
CycloneDDS,LAN,1,2.226,0.248,0.034,93.35,19.56
CycloneDDS,LAN,1,2.195,0.003,0.029,93.56,20.17
CycloneDDS,LAN,1,2.329,0.216,0.049,89.03,25.71
CycloneDDS,LAN,1,2.164,0.222,0.05,81.61,27.24
CycloneDDS,LAN,1,1.363,0.211,0.011,91.64,17.04
CycloneDDS,LAN,1,2.581,0.209,0.049,86.89,14.98
CycloneDDS,LAN,1,1.314,0.247,0.0,91.51,18.67
CycloneDDS,LAN,1,1.658,0.235,0.055,89.21,9.21
CycloneDDS,LAN,1,1.9,0.321,0.017,82.62,19.18
CycloneDDS,LAN,1,2.391,0.292,0.022,96.29,20.68
CycloneDDS,LAN,1,1.844,0.323,0.016,93.14,20.81
CycloneDDS,LAN,1,2.384,0.156,0.068,92.64,16.84
CycloneDDS,LAN,1,1.763,0.103,0.029,95.76,17.33
CycloneDDS,LAN,1,1.911,0.252,0.009,93.46,23.33
CycloneDDS,LAN,1,2.067,0.249,0.031,101.12,17.41
CycloneDDS,LAN,1,1.827,0.221,0.048,91.63,20.16
CycloneDDS,LAN,1,1.948,0.23,0.043,84.77,21.67
CycloneDDS,LAN,1,2.602,0.239,0.042,104.44,15.44
CycloneDDS,LAN,1,2.088,0.256,0.028,93.88,20.67
CycloneDDS,LAN,1,2.592,0.211,0.025,99.34,16.88
CycloneDDS,LAN,1,2.045,0.167,0.042,92.63,19.87
CycloneDDS,LAN,1,1.954,0.174,0.027,94.62,15.09
CycloneDDS,LAN,1,1.659,0.146,0.036,72.19,19.16
CycloneDDS,LAN,1,1.446,0.226,0.029,86.1,16.15
CycloneDDS,LAN,1,1.906,0.198,0.051,84.73,19.55
CycloneDDS,LAN,1,1.621,0.162,0.047,94.18,15.6
CycloneDDS,LAN,1,1.4,0.185,0.017,97.46,19.3
CycloneDDS,LAN,1,2.001,0.07,0.041,87.74,16.51
CycloneDDS,LAN,1,1.996,0.209,0.031,100.98,16.79
CycloneDDS,LAN,1,1.935,0.352,0.042,93.4,17.79
CycloneDDS,LAN,1,2.41,0.254,0.054,90.94,19.37
CycloneDDS,LAN,1,2.406,0.312,0.039,92.17,19.42
CycloneDDS,LAN,1,2.724,0.257,0.049,88.55,25.64
CycloneDDS,LAN,1,1.567,0.229,0.03,94.56,12.44
CycloneDDS,LAN,1,1.41,0.166,0.055,91.35,17.54
CycloneDDS,LAN,1,2.233,0.215,0.028,94.53,19.51
CycloneDDS,LAN,1,2.334,0.317,0.011,90.5,15.0
CycloneDDS,LAN,1,2.176,0.284,0.025,89.74,17.58
CycloneDDS,LAN,1,2.482,0.172,0.037,89.52,18.67
CycloneDDS,LAN,1,2.124,0.189,0.034,98.95,14.85
CycloneDDS,LAN,1,2.164,0.193,0.019,99.74,18.01
CycloneDDS,LAN,1,2.216,0.136,0.031,90.7,14.79
CycloneDDS,LAN,1,1.84,0.244,0.03,86.2,16.56
CycloneDDS,LAN,1,1.835,0.097,0.021,88.46,18.78
CycloneDDS,LAN,1,1.944,0.234,0.009,92.12,19.64
CycloneDDS,LAN,1,1.985,0.118,0.063,89.81,16.33
CycloneDDS,LAN,1,2.796,0.241,0.023,93.91,19.65
CycloneDDS,LAN,1,2.186,0.125,0.05,87.92,20.98
CycloneDDS,LAN,1,2.131,0.094,0.066,90.22,13.36
CycloneDDS,LAN,1,2.13,0.269,0.07,96.28,12.78
CycloneDDS,LAN,1,3.013,0.243,0.0,80.89,18.43
CycloneDDS,LAN,1,2.118,0.25,0.041,91.81,16.64
CycloneDDS,LAN,1,2.182,0.223,0.037,91.22,12.32
CycloneDDS,LAN,1,1.698,0.066,0.009,79.27,21.5
CycloneDDS,LAN,1,2.258,0.122,0.003,100.12,15.82
CycloneDDS,LAN,1,2.188,0.169,0.028,84.29,19.4
CycloneDDS,LAN,1,1.804,0.093,0.0,93.89,13.97
CycloneDDS,LAN,1,1.809,0.339,0.005,93.81,16.59
CycloneDDS,LAN,1,2.422,0.26,0.049,91.48,15.95
CycloneDDS,LAN,1,1.545,0.236,0.081,88.95,16.11
CycloneDDS,LAN,1,1.922,0.29,0.0,87.75,17.65
CycloneDDS,LAN,1,2.594,0.281,0.023,87.29,16.58
CycloneDDS,LAN,1,2.214,0.192,0.005,93.59,19.0
CycloneDDS,LAN,1,2.058,0.249,0.012,98.52,21.61
CycloneDDS,LAN,1,2.238,0.194,0.0,85.23,22.27
CycloneDDS,LAN,1,2.824,0.29,0.029,95.62,23.08
CycloneDDS,LAN,1,2.715,0.312,0.061,96.83,20.84
CycloneDDS,LAN,1,1.945,0.307,0.037,92.82,16.18
CycloneDDS,LAN,1,2.125,0.214,0.03,91.39,20.17
CycloneDDS,LAN,1,2.142,0.219,0.025,87.88,19.19
CycloneDDS,LAN,1,1.601,0.312,0.055,88.7,16.32
CycloneDDS,LAN,1,2.029,0.127,0.043,88.52,19.58
CycloneDDS,LAN,1,2.421,0.23,0.016,90.19,19.12
CycloneDDS,LAN,1,1.717,0.274,0.0,92.31,22.1
CycloneDDS,LAN,1,2.384,0.171,0.054,88.43,17.16
CycloneDDS,LAN,1,2.58,0.146,0.03,88.42,15.85
CycloneDDS,LAN,1,1.984,0.115,0.056,86.59,15.05
CycloneDDS,LAN,1,2.62,0.336,0.005,90.09,19.15
CycloneDDS,LAN,1,1.525,0.291,0.002,94.45,20.73
CycloneDDS,LAN,1,2.247,0.097,0.0,90.01,15.48
CycloneDDS,LAN,1,1.89,0.236,0.046,91.29,18.22
CycloneDDS,LAN,1,2.032,0.162,0.023,97.26,21.29
CycloneDDS,LAN,1,2.617,0.223,0.045,95.79,15.64
CycloneDDS,LAN,1,2.177,0.43,0.004,89.0,16.54
CycloneDDS,LAN,1,2.446,0.214,0.027,92.78,17.59
CycloneDDS,LAN,1,2.113,0.222,0.021,90.06,16.53
CycloneDDS,LAN,1,1.576,0.329,0.008,91.82,19.59
CycloneDDS,LAN,1,1.645,0.233,0.059,90.07,15.5
CycloneDDS,LAN,1,1.581,0.257,0.051,95.12,16.51
CycloneDDS,LAN,1,2.243,0.145,0.026,89.21,15.38
CycloneDDS,LAN,1,1.611,0.256,0.037,95.83,15.09
CycloneDDS,LAN,1,2.305,0.219,0.018,84.04,22.12
CycloneDDS,LAN,1,2.694,0.211,0.01,92.57,13.3
CycloneDDS,LAN,1,2.363,0.21,0.052,91.21,18.84
CycloneDDS,LAN,1,1.869,0.271,0.019,84.3,14.31
CycloneDDS,LAN,1,1.741,0.297,0.055,88.4,26.39
CycloneDDS,LAN,1,2.333,0.184,0.022,87.2,17.33
CycloneDDS,LAN,1,1.835,0.219,0.072,82.9,16.79
CycloneDDS,LAN,1,2.229,0.338,0.052,92.8,17.06
CycloneDDS,LAN,1,2.386,0.168,0.031,78.95,19.62
CycloneDDS,LAN,1,1.872,0.311,0.049,95.32,15.59
CycloneDDS,LAN,1,1.48,0.291,0.047,86.68,18.52
CycloneDDS,LAN,1,1.792,0.22,0.019,92.4,13.17
CycloneDDS,LAN,1,2.934,0.156,0.049,96.46,18.92
CycloneDDS,LAN,1,1.582,0.172,0.0,87.98,21.94
CycloneDDS,LAN,1,1.92,0.071,0.034,94.2,19.26
CycloneDDS,LAN,1,2.092,0.284,0.005,93.05,14.48
CycloneDDS,LAN,1,1.806,0.185,0.01,83.98,18.21
CycloneDDS,LAN,1,1.22,0.177,0.0,92.58,17.87
CycloneDDS,LAN,1,2.15,0.256,0.05,86.17,22.89
CycloneDDS,LAN,1,1.885,0.152,0.061,88.67,23.36
CycloneDDS,LAN,1,2.528,0.224,0.036,89.13,16.57
CycloneDDS,LAN,1,1.567,0.266,0.027,88.74,18.32
CycloneDDS,LAN,1,2.203,0.201,0.005,88.94,16.37
CycloneDDS,LAN,1,2.206,0.166,0.023,95.08,22.39
CycloneDDS,LAN,1,2.147,0.104,0.006,93.03,20.74
CycloneDDS,LAN,1,2.237,0.296,0.02,89.61,15.5
CycloneDDS,LAN,1,2.135,0.31,0.02,87.08,15.01
CycloneDDS,LAN,1,1.654,0.312,0.029,97.48,20.8
CycloneDDS,LAN,1,2.128,0.252,0.031,90.44,14.8
CycloneDDS,LAN,1,2.574,0.24,0.048,97.2,14.29
CycloneDDS,LAN,1,2.165,0.118,0.017,91.9,14.91
CycloneDDS,LAN,1,2.389,0.232,0.03,84.13,20.48
CycloneDDS,LAN,1,1.548,0.25,0.0,99.23,20.19
CycloneDDS,LAN,1,2.402,0.126,0.025,86.61,20.27
CycloneDDS,LAN,1,2.482,0.136,0.031,89.91,17.59
CycloneDDS,LAN,1,2.06,0.278,0.0,84.86,24.18
CycloneDDS,LAN,1,2.47,0.108,0.042,94.46,18.51
CycloneDDS,LAN,1,2.206,0.241,0.048,88.32,19.67
CycloneDDS,LAN,1,2.223,0.302,0.008,80.65,19.95
CycloneDDS,LAN,1,1.804,0.253,0.0,98.24,21.62
CycloneDDS,LAN,1,2.456,0.366,0.019,85.32,15.17
CycloneDDS,LAN,1,1.657,0.354,0.059,91.43,21.06
CycloneDDS,LAN,1,1.794,0.323,0.066,96.14,26.5
CycloneDDS,LAN,1,2.502,0.226,0.004,81.64,16.53
CycloneDDS,LAN,1,2.417,0.205,0.043,96.02,18.37
CycloneDDS,LAN,1,2.502,0.167,0.003,94.77,19.78
CycloneDDS,LAN,1,2.166,0.261,0.076,101.18,18.32
CycloneDDS,LAN,1,1.808,0.254,0.019,91.89,19.94
CycloneDDS,LAN,1,2.46,0.273,0.05,96.97,18.16
CycloneDDS,LAN,1,2.078,0.171,0.012,97.84,10.65
CycloneDDS,LAN,1,1.598,0.267,0.057,95.51,16.28
CycloneDDS,LAN,1,1.899,0.227,0.037,87.53,21.01
CycloneDDS,LAN,1,2.353,0.094,0.009,89.09,19.37
CycloneDDS,LAN,1,2.749,0.113,0.057,86.07,18.9
CycloneDDS,LAN,1,1.936,0.118,0.027,85.77,19.56
CycloneDDS,LAN,1,2.093,0.282,0.008,98.22,15.67
CycloneDDS,LAN,1,2.054,0.282,0.032,77.51,20.9
CycloneDDS,LAN,1,2.242,0.399,0.024,90.21,21.39
CycloneDDS,LAN,1,1.75,0.285,0.036,94.2,18.77
CycloneDDS,LAN,1,2.002,0.281,0.041,94.74,19.75
CycloneDDS,LAN,1,2.355,0.303,0.022,88.25,22.37
CycloneDDS,LAN,1,2.016,0.244,0.069,90.79,15.7
CycloneDDS,LAN,1,2.507,0.329,0.033,92.05,19.71
CycloneDDS,LAN,1,2.072,0.261,0.033,85.6,16.64
CycloneDDS,LAN,1,1.221,0.357,0.051,88.11,17.78
CycloneDDS,LAN,1,1.706,0.097,0.045,95.11,19.98
CycloneDDS,LAN,1,2.433,0.157,0.082,99.68,20.18
CycloneDDS,LAN,1,1.836,0.19,0.0,89.51,18.67
CycloneDDS,LAN,1,1.903,0.207,0.054,91.67,20.68
CycloneDDS,LAN,1,1.878,0.282,0.053,86.57,19.11
CycloneDDS,LAN,1,1.327,0.173,0.054,90.79,22.42
CycloneDDS,LAN,1,2.596,0.218,0.023,90.05,13.17
CycloneDDS,LAN,1,1.826,0.237,0.026,94.79,18.98
CycloneDDS,LAN,1,1.604,0.257,0.003,101.91,19.48
CycloneDDS,LAN,1,2.477,0.329,0.029,105.33,19.87
CycloneDDS,LAN,1,2.612,0.012,0.025,99.02,17.21
CycloneDDS,LAN,1,1.808,0.297,0.058,93.09,15.42
CycloneDDS,LAN,1,1.633,0.436,0.014,94.78,16.58
CycloneDDS,LAN,1,1.748,0.193,0.073,90.06,18.6
CycloneDDS,LAN,1,2.24,0.376,0.014,92.96,17.27
CycloneDDS,LAN,1,2.382,0.149,0.046,90.77,12.87
CycloneDDS,LAN,1,2.197,0.265,0.016,84.8,18.95
CycloneDDS,LAN,1,1.818,0.147,0.05,92.07,19.96
CycloneDDS,LAN,1,1.467,0.23,0.051,79.6,14.09
CycloneDDS,LAN,1,2.289,0.363,0.06,86.66,17.8
CycloneDDS,LAN,1,2.095,0.29,0.036,91.96,19.51
CycloneDDS,LAN,1,1.985,0.236,0.007,98.75,15.94
CycloneDDS,LAN,1,1.94,0.213,0.024,96.34,21.22
CycloneDDS,LAN,1,2.186,0.209,0.032,84.51,17.31
CycloneDDS,LAN,1,2.028,0.286,0.044,92.76,19.94
CycloneDDS,LAN,1,1.895,0.201,0.072,100.16,19.57
CycloneDDS,LAN,1,1.747,0.214,0.035,93.08,21.08
CycloneDDS,LAN,1,2.081,0.352,0.026,94.72,17.01
CycloneDDS,LAN,1,1.874,0.253,0.051,96.2,14.53
CycloneDDS,LAN,1,2.273,0.326,0.055,101.02,20.37
CycloneDDS,LAN,1,1.989,0.157,0.013,86.89,16.44
CycloneDDS,LAN,1,1.791,0.174,0.015,94.2,18.73
CycloneDDS,LAN,1,2.005,0.236,0.0,88.67,16.56
CycloneDDS,LAN,1,1.487,0.085,0.059,90.49,22.96
CycloneDDS,LAN,1,2.061,0.173,0.033,91.67,14.49
CycloneDDS,LAN,1,1.552,0.159,0.041,96.91,18.35
CycloneDDS,LAN,1,1.961,0.238,0.025,102.34,15.23
CycloneDDS,LAN,1,2.306,0.289,0.003,93.45,15.24
CycloneDDS,LAN,1,2.34,0.1,0.022,93.53,20.49
CycloneDDS,LAN,1,2.23,0.108,0.038,89.99,20.43
CycloneDDS,LAN,1,1.999,0.235,0.027,91.71,14.14
CycloneDDS,LAN,1,2.001,0.036,0.061,99.74,21.42
CycloneDDS,LAN,1,1.744,0.126,0.023,90.31,18.89
CycloneDDS,LAN,1,2.826,0.246,0.024,92.65,17.71
CycloneDDS,LAN,1,2.005,0.191,0.062,92.98,20.83
CycloneDDS,LAN,1,2.375,0.315,0.049,94.2,21.09
CycloneDDS,LAN,1,1.518,0.299,0.004,91.47,12.21
CycloneDDS,LAN,1,2.057,0.228,0.057,87.15,18.32
CycloneDDS,LAN,1,2.322,0.133,0.045,98.59,18.78
CycloneDDS,LAN,1,1.721,0.2,0.032,86.54,19.87
CycloneDDS,LAN,1,2.4,0.332,0.031,97.87,14.75
CycloneDDS,LAN,1,2.274,0.232,0.036,100.35,19.52
CycloneDDS,LAN,1,2.378,0.208,0.041,92.6,16.59
CycloneDDS,LAN,1,2.442,0.26,0.019,90.1,16.97
CycloneDDS,LAN,1,1.746,0.311,0.038,83.36,19.7
CycloneDDS,LAN,4,2.618,0.138,0.015,85.93,15.83
CycloneDDS,LAN,4,2.321,0.175,0.028,90.12,14.84
CycloneDDS,LAN,4,1.673,0.309,0.043,90.97,16.53
CycloneDDS,LAN,4,2.697,0.053,0.041,89.36,23.18
CycloneDDS,LAN,4,2.995,0.259,0.013,93.02,15.49
CycloneDDS,LAN,4,2.754,0.082,0.041,92.19,16.8
CycloneDDS,LAN,4,2.518,0.16,0.044,91.38,20.82
CycloneDDS,LAN,4,2.428,0.133,0.011,84.98,15.12
CycloneDDS,LAN,4,2.005,0.301,0.024,95.88,15.67
CycloneDDS,LAN,4,2.498,0.289,0.023,98.05,18.42
CycloneDDS,LAN,4,2.235,0.127,0.031,95.89,12.4
CycloneDDS,LAN,4,2.944,0.202,0.031,90.99,17.22
CycloneDDS,LAN,4,2.289,0.294,0.049,82.23,24.33
CycloneDDS,LAN,4,2.398,0.225,0.015,93.13,15.13
CycloneDDS,LAN,4,2.884,0.312,0.029,98.37,22.21
CycloneDDS,LAN,4,2.341,0.198,0.042,97.43,19.88
CycloneDDS,LAN,4,2.873,0.255,0.011,89.56,19.96
CycloneDDS,LAN,4,2.454,0.239,0.017,98.93,16.49
CycloneDDS,LAN,4,1.585,0.19,0.036,87.93,18.37
CycloneDDS,LAN,4,2.096,0.271,0.009,90.53,18.27
CycloneDDS,LAN,4,1.422,0.25,0.03,90.33,19.9
CycloneDDS,LAN,4,1.913,0.246,0.023,89.23,23.67
CycloneDDS,LAN,4,1.86,0.257,0.0,96.75,20.76
CycloneDDS,LAN,4,2.323,0.235,0.033,97.5,14.1
CycloneDDS,LAN,4,2.069,0.206,0.015,89.22,18.88
CycloneDDS,LAN,4,2.14,0.248,0.014,80.73,18.9
CycloneDDS,LAN,4,1.995,0.124,0.013,100.53,18.36
CycloneDDS,LAN,4,1.893,0.126,0.053,87.72,17.42
CycloneDDS,LAN,4,2.173,0.166,0.056,95.39,19.48
CycloneDDS,LAN,4,1.994,0.153,0.021,88.41,19.6
CycloneDDS,LAN,4,1.798,0.294,0.044,95.18,13.7
CycloneDDS,LAN,4,2.435,0.036,0.034,94.14,17.03
CycloneDDS,LAN,4,2.185,0.241,0.043,88.78,18.95
CycloneDDS,LAN,4,2.444,0.271,0.025,87.34,19.26
CycloneDDS,LAN,4,2.227,0.242,0.027,90.26,17.79
CycloneDDS,LAN,4,1.969,0.148,0.051,86.34,20.96
CycloneDDS,LAN,4,2.027,0.134,0.041,92.65,13.39
CycloneDDS,LAN,4,1.96,0.217,0.019,91.01,18.1
CycloneDDS,LAN,4,1.831,0.078,0.009,98.87,20.92
CycloneDDS,LAN,4,2.636,0.225,0.032,90.57,17.22
CycloneDDS,LAN,4,2.071,0.147,0.044,94.73,20.68
CycloneDDS,LAN,4,2.376,0.211,0.05,92.25,20.33
CycloneDDS,LAN,4,1.452,0.176,0.063,88.55,14.18
CycloneDDS,LAN,4,2.811,0.365,0.014,90.5,18.29
CycloneDDS,LAN,4,2.746,0.191,0.023,88.72,17.62
CycloneDDS,LAN,4,2.321,0.232,0.041,89.69,14.88
CycloneDDS,LAN,4,2.004,0.187,0.025,101.86,17.4
CycloneDDS,LAN,4,2.595,0.235,0.037,88.18,23.32
CycloneDDS,LAN,4,2.156,0.26,0.025,91.79,21.57
CycloneDDS,LAN,4,2.285,0.29,0.029,91.22,21.8
CycloneDDS,LAN,4,2.131,0.112,0.038,100.64,19.75
CycloneDDS,LAN,4,1.929,0.235,0.047,97.64,19.66
CycloneDDS,LAN,4,1.65,0.354,0.02,85.78,20.47
CycloneDDS,LAN,4,1.748,0.116,0.022,85.83,20.47
CycloneDDS,LAN,4,2.454,0.151,0.055,91.65,18.38
CycloneDDS,LAN,4,1.463,0.164,0.025,99.08,19.03
CycloneDDS,LAN,4,2.139,0.156,0.029,93.45,24.28
CycloneDDS,LAN,4,2.11,0.207,0.037,96.72,16.83
CycloneDDS,LAN,4,2.383,0.089,0.016,89.46,16.63
CycloneDDS,LAN,4,2.283,0.16,0.0,93.65,17.73
CycloneDDS,LAN,4,1.845,0.194,0.013,92.98,18.76
CycloneDDS,LAN,4,2.503,0.166,0.005,88.51,12.88
CycloneDDS,LAN,4,2.254,0.045,0.055,105.96,16.34
CycloneDDS,LAN,4,2.491,0.123,0.017,96.94,19.18
CycloneDDS,LAN,4,2.126,0.244,0.035,93.77,21.26
CycloneDDS,LAN,4,2.103,0.235,0.043,99.76,18.46
CycloneDDS,LAN,4,2.279,0.19,0.021,99.28,20.16
CycloneDDS,LAN,4,1.64,0.161,0.007,84.51,17.43
CycloneDDS,LAN,4,1.529,0.432,0.042,92.11,18.06
CycloneDDS,LAN,4,1.606,0.224,0.023,93.32,17.04
CycloneDDS,LAN,4,1.752,0.143,0.039,84.37,21.92
CycloneDDS,LAN,4,2.302,0.232,0.0,94.36,14.99
CycloneDDS,LAN,4,1.978,0.005,0.002,93.45,22.06
CycloneDDS,LAN,4,1.915,0.215,0.039,87.67,22.13
CycloneDDS,LAN,4,2.287,0.429,0.011,101.06,16.91
CycloneDDS,LAN,4,2.477,0.219,0.008,93.0,19.09
CycloneDDS,LAN,4,2.324,0.181,0.032,95.26,17.17
CycloneDDS,LAN,4,2.287,0.286,0.069,88.48,20.21
CycloneDDS,LAN,4,2.871,0.318,0.045,95.1,19.96
CycloneDDS,LAN,4,2.671,0.286,0.012,86.02,12.86
CycloneDDS,LAN,4,2.238,0.293,0.041,101.38,14.0
CycloneDDS,LAN,4,2.136,0.2,0.053,90.13,14.39
CycloneDDS,LAN,4,1.735,0.048,0.029,95.38,13.48
CycloneDDS,LAN,4,2.266,0.276,0.063,89.23,16.33
CycloneDDS,LAN,4,2.758,0.222,0.039,98.3,21.66
CycloneDDS,LAN,4,2.355,0.305,0.027,93.62,16.16
CycloneDDS,LAN,4,1.579,0.212,0.024,94.75,11.79
CycloneDDS,LAN,4,2.104,0.184,0.028,90.85,20.64
CycloneDDS,LAN,4,2.354,0.293,0.015,99.45,19.98
CycloneDDS,LAN,4,2.097,0.333,0.055,89.86,23.78
CycloneDDS,LAN,4,1.864,0.232,0.064,85.59,19.87
CycloneDDS,LAN,4,2.112,0.143,0.032,91.38,13.85
CycloneDDS,LAN,4,2.164,0.236,0.035,95.81,16.97
CycloneDDS,LAN,4,2.698,0.268,0.004,92.97,20.38
CycloneDDS,LAN,4,2.348,0.16,0.01,83.8,13.04
CycloneDDS,LAN,4,2.802,0.206,0.037,96.43,21.71
CycloneDDS,LAN,4,2.143,0.299,0.0,97.76,17.17
CycloneDDS,LAN,4,2.28,0.109,0.074,92.86,15.69
CycloneDDS,LAN,4,1.72,0.155,0.067,90.05,18.01
CycloneDDS,LAN,4,2.344,0.216,0.003,99.96,18.81
CycloneDDS,LAN,4,2.58,0.354,0.033,97.75,20.57
CycloneDDS,LAN,4,1.254,0.236,0.033,91.68,21.19
CycloneDDS,LAN,4,1.624,0.164,0.0,84.61,16.91
CycloneDDS,LAN,4,2.674,0.382,0.031,94.6,22.2
CycloneDDS,LAN,4,2.984,0.308,0.021,96.33,14.92
CycloneDDS,LAN,4,2.083,0.218,0.004,97.65,22.43
CycloneDDS,LAN,4,2.395,0.116,0.037,93.52,18.36
CycloneDDS,LAN,4,1.847,0.168,0.014,88.22,16.05
CycloneDDS,LAN,4,2.182,0.26,0.047,86.65,15.82
CycloneDDS,LAN,4,2.37,0.16,0.037,88.05,16.0
CycloneDDS,LAN,4,2.414,0.447,0.057,96.93,15.4
CycloneDDS,LAN,4,2.113,0.214,0.013,84.48,20.81
CycloneDDS,LAN,4,2.281,0.1,0.055,93.88,19.05
CycloneDDS,LAN,4,2.181,0.268,0.021,86.55,15.41
CycloneDDS,LAN,4,1.942,0.134,0.023,87.7,16.87
CycloneDDS,LAN,4,2.383,0.1,0.037,90.64,21.67
CycloneDDS,LAN,4,1.917,0.344,0.0,89.99,18.28
CycloneDDS,LAN,4,2.358,0.215,0.061,97.0,16.78
CycloneDDS,LAN,4,2.073,0.245,0.0,84.74,19.9
CycloneDDS,LAN,4,2.216,0.142,0.03,88.43,19.7
CycloneDDS,LAN,4,1.987,0.239,0.055,92.73,21.81
CycloneDDS,LAN,4,1.435,0.147,0.004,86.23,17.82
CycloneDDS,LAN,4,2.186,0.284,0.038,87.07,11.33
CycloneDDS,LAN,4,2.443,0.293,0.054,89.84,15.77
CycloneDDS,LAN,4,3.209,0.017,0.022,95.02,16.8
CycloneDDS,LAN,4,2.15,0.225,0.041,91.39,22.81
CycloneDDS,LAN,4,1.923,0.343,0.079,93.91,17.6
CycloneDDS,LAN,4,2.408,0.185,0.006,89.67,19.22
CycloneDDS,LAN,4,1.891,0.197,0.017,86.99,20.4
CycloneDDS,LAN,4,2.146,0.134,0.049,89.59,21.43
CycloneDDS,LAN,4,1.888,0.223,0.047,92.62,19.95
CycloneDDS,LAN,4,2.112,0.307,0.012,93.35,16.64
CycloneDDS,LAN,4,1.346,0.343,0.043,96.63,17.4
CycloneDDS,LAN,4,2.421,0.22,0.012,82.15,21.92
CycloneDDS,LAN,4,2.98,0.166,0.01,89.91,20.11
CycloneDDS,LAN,4,2.404,0.259,0.026,87.87,21.83
CycloneDDS,LAN,4,2.587,0.176,0.046,91.31,16.73
CycloneDDS,LAN,4,1.957,0.27,0.028,89.82,16.91
CycloneDDS,LAN,4,2.441,0.194,0.012,91.29,18.84
CycloneDDS,LAN,4,2.571,0.158,0.048,94.39,15.18
CycloneDDS,LAN,4,1.986,0.329,0.074,97.72,11.52
CycloneDDS,LAN,4,1.548,0.178,0.054,96.62,18.33
CycloneDDS,LAN,4,2.606,0.252,0.037,94.27,16.07
CycloneDDS,LAN,4,2.464,0.251,0.056,92.16,17.39
CycloneDDS,LAN,4,2.345,0.389,0.017,83.88,16.0
CycloneDDS,LAN,4,1.835,0.257,0.022,91.05,19.48
CycloneDDS,LAN,4,2.618,0.244,0.025,87.89,16.03
CycloneDDS,LAN,4,2.421,0.244,0.036,99.9,11.46
CycloneDDS,LAN,4,1.743,0.159,0.023,81.44,19.76
CycloneDDS,LAN,4,2.285,0.224,0.0,94.81,26.24
CycloneDDS,LAN,4,2.132,0.286,0.03,101.42,21.32
CycloneDDS,LAN,4,1.693,0.266,0.023,92.59,21.33
CycloneDDS,LAN,4,2.045,0.131,0.066,92.88,16.51
CycloneDDS,LAN,4,2.479,0.188,0.037,87.96,17.01
CycloneDDS,LAN,4,2.227,0.199,0.058,94.86,13.43
CycloneDDS,LAN,4,2.174,0.28,0.05,91.86,12.03
CycloneDDS,LAN,4,1.947,0.273,0.011,94.38,17.77
CycloneDDS,LAN,4,1.839,0.286,0.0,96.47,21.08
CycloneDDS,LAN,4,2.443,0.095,0.035,94.85,20.59
CycloneDDS,LAN,4,2.086,0.144,0.013,88.68,15.27
CycloneDDS,LAN,4,2.408,0.203,0.023,83.13,21.18
CycloneDDS,LAN,4,2.316,0.192,0.054,90.59,16.38
CycloneDDS,LAN,4,2.097,0.252,0.047,90.82,21.56
CycloneDDS,LAN,4,1.776,0.077,0.011,96.78,13.77
CycloneDDS,LAN,4,2.709,0.213,0.02,99.0,19.48
CycloneDDS,LAN,4,2.755,0.04,0.029,87.96,20.86
CycloneDDS,LAN,4,2.204,0.24,0.009,90.88,17.67
CycloneDDS,LAN,4,1.971,0.211,0.02,90.72,19.09
CycloneDDS,LAN,4,2.216,0.364,0.034,86.02,19.95
CycloneDDS,LAN,4,2.249,0.143,0.061,95.22,13.7
CycloneDDS,LAN,4,2.682,0.231,0.014,92.99,15.93
CycloneDDS,LAN,4,3.0,0.301,0.03,91.26,19.15
CycloneDDS,LAN,4,2.428,0.176,0.032,95.67,21.57
CycloneDDS,LAN,4,1.141,0.225,0.0,86.57,23.42
CycloneDDS,LAN,4,2.333,0.124,0.041,95.15,16.73
CycloneDDS,LAN,4,2.705,0.318,0.017,92.06,16.97
CycloneDDS,LAN,4,2.705,0.243,0.001,95.41,17.23
CycloneDDS,LAN,4,2.562,0.387,0.034,83.87,19.13
CycloneDDS,LAN,4,2.409,0.242,0.033,88.91,16.06
CycloneDDS,LAN,4,2.049,0.133,0.033,94.55,19.39
CycloneDDS,LAN,4,1.853,0.297,0.04,92.25,20.13
CycloneDDS,LAN,4,1.792,0.381,0.02,93.54,14.6
CycloneDDS,LAN,4,2.094,0.277,0.036,83.53,20.26
CycloneDDS,LAN,4,1.531,0.195,0.051,91.72,20.51
CycloneDDS,LAN,4,2.399,0.226,0.051,87.53,16.55
CycloneDDS,LAN,4,1.682,0.262,0.026,87.79,22.35
CycloneDDS,LAN,4,2.5,0.13,0.041,94.19,17.15
CycloneDDS,LAN,4,2.463,0.268,0.03,101.48,14.37
CycloneDDS,LAN,4,2.356,0.312,0.038,81.83,22.36
CycloneDDS,LAN,4,2.344,0.253,0.007,88.97,14.92
CycloneDDS,LAN,4,2.641,0.162,0.026,94.48,17.96
CycloneDDS,LAN,4,2.521,0.27,0.0,94.22,21.39
CycloneDDS,LAN,4,2.955,0.179,0.014,98.28,16.56
CycloneDDS,LAN,4,2.608,0.24,0.072,88.27,16.54
CycloneDDS,LAN,4,2.661,0.159,0.019,92.59,20.25
CycloneDDS,LAN,4,2.117,0.228,0.062,88.11,19.58
CycloneDDS,LAN,4,2.767,0.379,0.0,96.99,22.98
CycloneDDS,LAN,4,2.11,0.261,0.0,98.13,20.45
CycloneDDS,LAN,4,1.649,0.215,0.062,90.45,21.25
CycloneDDS,LAN,4,1.776,0.156,0.028,96.0,20.78
CycloneDDS,LAN,4,2.351,0.216,0.014,91.7,18.49
CycloneDDS,LAN,4,2.829,0.201,0.038,93.28,13.01
CycloneDDS,LAN,4,2.895,0.025,0.05,88.72,17.54
CycloneDDS,LAN,4,2.537,0.22,0.008,94.06,19.66
CycloneDDS,LAN,4,2.606,0.208,0.011,88.52,18.22
CycloneDDS,LAN,4,1.927,0.302,0.028,96.39,15.28
CycloneDDS,LAN,4,2.379,0.216,0.014,89.53,16.2
CycloneDDS,LAN,4,1.699,0.164,0.039,86.47,18.41
CycloneDDS,LAN,4,2.454,0.231,0.078,91.16,14.25
CycloneDDS,LAN,4,3.019,0.202,0.031,91.92,18.0
CycloneDDS,LAN,4,2.336,0.115,0.045,94.49,13.74
CycloneDDS,LAN,4,1.83,0.127,0.024,98.6,18.54
CycloneDDS,LAN,4,2.124,0.286,0.009,92.04,13.34
CycloneDDS,LAN,4,2.813,0.143,0.036,85.55,17.91
CycloneDDS,LAN,4,2.462,0.319,0.047,94.98,19.88
CycloneDDS,LAN,4,1.898,0.166,0.027,92.26,22.12
CycloneDDS,LAN,4,2.187,0.207,0.02,94.44,17.4
CycloneDDS,LAN,4,2.131,0.17,0.048,83.14,20.94
CycloneDDS,LAN,4,2.325,0.281,0.013,87.8,20.93
CycloneDDS,LAN,4,2.551,0.321,0.041,91.2,20.8
CycloneDDS,LAN,4,3.143,0.285,0.06,89.89,18.26
CycloneDDS,LAN,4,2.754,0.164,0.008,87.96,15.45
CycloneDDS,LAN,4,2.44,0.176,0.012,85.57,13.94
CycloneDDS,LAN,4,1.901,0.183,0.017,86.9,15.47
CycloneDDS,LAN,4,2.258,0.106,0.036,87.79,18.63
CycloneDDS,LAN,4,2.089,0.127,0.01,102.51,18.61
CycloneDDS,LAN,4,1.738,0.228,0.007,93.62,16.64
CycloneDDS,LAN,4,1.905,0.202,0.042,93.98,20.31
CycloneDDS,LAN,4,1.825,0.301,0.017,87.71,15.76
CycloneDDS,LAN,4,2.307,0.173,0.021,89.13,12.57
CycloneDDS,LAN,4,1.237,0.354,0.041,90.05,17.43
CycloneDDS,LAN,4,1.47,0.134,0.036,88.57,17.81
CycloneDDS,LAN,4,2.327,0.277,0.0,93.17,21.23
CycloneDDS,LAN,4,2.07,0.164,0.019,91.27,15.13
CycloneDDS,LAN,4,2.184,0.187,0.016,92.89,19.64
CycloneDDS,LAN,4,2.793,0.215,0.017,96.22,18.16
CycloneDDS,LAN,4,2.497,0.139,0.031,94.08,20.52
CycloneDDS,LAN,4,2.505,0.342,0.014,92.48,20.89
CycloneDDS,LAN,4,1.945,0.24,0.032,94.23,17.21
CycloneDDS,LAN,4,2.227,0.244,0.021,85.04,22.62
CycloneDDS,LAN,4,2.533,0.285,0.006,93.08,20.16
CycloneDDS,LAN,4,2.151,0.26,0.026,84.44,17.86
CycloneDDS,LAN,4,2.817,0.201,0.024,90.44,19.31
CycloneDDS,LAN,4,1.932,0.172,0.034,100.24,17.61
CycloneDDS,LAN,4,2.147,0.259,0.027,85.21,11.59
CycloneDDS,LAN,4,1.711,0.11,0.06,96.69,23.99
CycloneDDS,LAN,4,1.997,0.087,0.062,84.95,16.21
CycloneDDS,LAN,4,1.989,0.346,0.037,86.68,14.82
CycloneDDS,LAN,4,2.418,0.205,0.002,87.58,18.26
CycloneDDS,LAN,4,2.52,0.415,0.031,92.53,17.75
CycloneDDS,LAN,4,1.675,0.158,0.021,90.5,19.44
CycloneDDS,LAN,4,2.327,0.132,0.059,89.07,16.23
CycloneDDS,LAN,4,2.388,0.309,0.022,86.89,18.24
CycloneDDS,LAN,4,2.391,0.169,0.022,94.59,17.8
CycloneDDS,LAN,4,2.276,0.254,0.019,93.46,18.49
CycloneDDS,LAN,4,2.082,0.285,0.043,89.07,20.02
CycloneDDS,LAN,4,2.449,0.129,0.02,95.67,18.01
CycloneDDS,LAN,4,2.641,0.236,0.042,95.41,22.9
CycloneDDS,LAN,4,1.94,0.24,0.0,88.61,18.64
CycloneDDS,LAN,4,2.287,0.198,0.037,102.13,16.6
CycloneDDS,LAN,4,2.01,0.204,0.04,84.73,19.33
CycloneDDS,LAN,4,2.117,0.09,0.01,96.88,16.09
CycloneDDS,LAN,4,1.964,0.269,0.03,87.46,22.96
CycloneDDS,LAN,4,2.277,0.39,0.014,90.16,19.79
CycloneDDS,LAN,4,1.26,0.234,0.036,88.49,15.01
CycloneDDS,LAN,4,1.877,0.056,0.049,98.72,19.01
CycloneDDS,LAN,4,2.016,0.201,0.059,93.61,17.94
CycloneDDS,LAN,4,2.062,0.313,0.041,81.79,14.26
CycloneDDS,LAN,4,2.193,0.1,0.029,85.41,10.88
CycloneDDS,LAN,4,2.37,0.337,0.011,87.47,22.09
CycloneDDS,LAN,4,1.94,0.138,0.021,90.83,13.78
CycloneDDS,LAN,4,2.362,0.245,0.021,95.64,15.42
CycloneDDS,LAN,4,2.362,0.33,0.001,97.32,21.93
CycloneDDS,LAN,4,2.537,0.223,0.054,90.61,16.33
CycloneDDS,LAN,4,1.809,0.138,0.014,99.35,15.77
CycloneDDS,LAN,4,1.848,0.137,0.021,99.05,13.8
CycloneDDS,LAN,4,2.253,0.208,0.039,94.73,18.5
CycloneDDS,LAN,4,2.103,0.076,0.046,81.39,19.11
CycloneDDS,LAN,4,1.633,0.193,0.0,95.89,15.2
CycloneDDS,LAN,4,1.735,0.28,0.069,94.48,19.6
CycloneDDS,LAN,4,2.419,0.171,0.016,85.97,11.97
CycloneDDS,LAN,4,2.496,0.218,0.032,95.71,15.21
CycloneDDS,LAN,4,2.186,0.205,0.033,93.73,18.28
CycloneDDS,LAN,4,2.723,0.225,0.027,95.6,16.62
CycloneDDS,LAN,4,2.297,0.277,0.019,92.52,17.54
CycloneDDS,LAN,4,2.261,0.252,0.051,88.47,19.32
CycloneDDS,LAN,4,2.015,0.309,0.013,102.33,14.81
CycloneDDS,LAN,4,2.308,0.27,0.011,91.9,18.04
CycloneDDS,LAN,4,1.949,0.193,0.028,94.45,20.04
CycloneDDS,LAN,4,2.249,0.318,0.014,92.21,15.82
CycloneDDS,LAN,4,3.148,0.148,0.0,92.68,18.86
CycloneDDS,LAN,4,2.075,0.305,0.015,90.61,16.69
CycloneDDS,LAN,4,2.781,0.254,0.056,90.52,17.4
CycloneDDS,LAN,4,1.576,0.158,0.032,90.39,13.87
CycloneDDS,LAN,4,1.553,0.245,0.002,87.36,22.29
CycloneDDS,LAN,4,2.195,0.269,0.024,85.45,21.25
CycloneDDS,LAN,4,2.048,0.228,0.028,97.24,18.23
CycloneDDS,LAN,4,2.291,0.266,0.017,104.36,23.39
CycloneDDS,LAN,4,1.789,0.244,0.031,91.26,13.34
CycloneDDS,LAN,4,2.245,0.208,0.0,93.45,16.36
CycloneDDS,LAN,16,2.233,0.239,0.038,89.14,15.46
CycloneDDS,LAN,16,2.553,0.291,0.044,90.77,14.89
CycloneDDS,LAN,16,2.813,0.236,0.0,98.37,13.51
CycloneDDS,LAN,16,1.983,0.266,0.022,94.79,13.72
CycloneDDS,LAN,16,3.127,0.274,0.013,89.61,21.07
CycloneDDS,LAN,16,3.304,0.376,0.022,95.37,16.29
CycloneDDS,LAN,16,2.747,0.119,0.047,93.37,12.88
CycloneDDS,LAN,16,2.638,0.233,0.029,89.08,24.09
CycloneDDS,LAN,16,2.697,0.211,0.026,96.02,20.04
CycloneDDS,LAN,16,2.695,0.164,0.057,88.99,16.45
CycloneDDS,LAN,16,1.971,0.136,0.03,89.37,11.91
CycloneDDS,LAN,16,3.199,0.298,0.028,95.25,20.99
CycloneDDS,LAN,16,2.277,0.269,0.033,92.22,16.0
CycloneDDS,LAN,16,2.407,0.264,0.043,95.34,22.34
CycloneDDS,LAN,16,2.967,0.314,0.056,100.41,18.33
CycloneDDS,LAN,16,2.628,0.095,0.039,91.96,20.32
CycloneDDS,LAN,16,2.96,0.214,0.019,92.07,16.85
CycloneDDS,LAN,16,2.523,0.223,0.054,88.75,18.17
CycloneDDS,LAN,16,2.621,0.321,0.035,105.64,21.78
CycloneDDS,LAN,16,2.884,0.266,0.064,93.68,14.13
CycloneDDS,LAN,16,3.485,0.119,0.009,94.93,14.17
CycloneDDS,LAN,16,2.492,0.245,0.026,98.71,16.99
CycloneDDS,LAN,16,3.267,0.109,0.035,99.52,16.6
CycloneDDS,LAN,16,3.284,0.212,0.039,91.25,18.13
CycloneDDS,LAN,16,3.133,0.295,0.033,92.43,21.45
CycloneDDS,LAN,16,2.636,0.128,0.007,96.91,12.15
CycloneDDS,LAN,16,2.943,0.093,0.033,91.51,17.9
CycloneDDS,LAN,16,3.109,0.102,0.0,93.69,21.43
CycloneDDS,LAN,16,2.634,0.296,0.03,86.65,22.74
CycloneDDS,LAN,16,3.159,0.095,0.06,93.33,19.6
CycloneDDS,LAN,16,2.785,0.166,0.039,95.85,12.79
CycloneDDS,LAN,16,2.554,0.154,0.034,88.26,13.27
CycloneDDS,LAN,16,3.04,0.101,0.009,89.96,18.63
CycloneDDS,LAN,16,2.64,0.361,0.006,87.25,17.94
CycloneDDS,LAN,16,2.917,0.334,0.034,93.22,20.19
CycloneDDS,LAN,16,3.253,0.288,0.076,93.01,13.58
CycloneDDS,LAN,16,2.838,0.249,0.035,92.02,17.24
CycloneDDS,LAN,16,2.637,0.261,0.055,90.24,20.72
CycloneDDS,LAN,16,2.684,0.242,0.005,92.42,17.88
CycloneDDS,LAN,16,2.917,0.122,0.077,91.41,15.39
CycloneDDS,LAN,16,2.865,0.264,0.013,89.54,16.21
CycloneDDS,LAN,16,2.713,0.279,0.046,96.29,19.82
CycloneDDS,LAN,16,2.993,0.264,0.048,88.67,18.55
CycloneDDS,LAN,16,3.653,0.317,0.049,83.34,22.13
CycloneDDS,LAN,16,3.087,0.201,0.041,86.98,21.26
CycloneDDS,LAN,16,2.506,0.175,0.042,93.5,19.18
CycloneDDS,LAN,16,2.115,0.285,0.017,99.23,16.33
CycloneDDS,LAN,16,2.45,0.239,0.013,86.27,15.62
CycloneDDS,LAN,16,2.857,0.198,0.016,94.62,16.39
CycloneDDS,LAN,16,2.873,0.197,0.047,89.76,18.57
CycloneDDS,LAN,16,2.63,0.141,0.041,81.6,12.99
CycloneDDS,LAN,16,2.793,0.25,0.012,87.67,19.91
CycloneDDS,LAN,16,2.619,0.169,0.034,88.14,21.54
CycloneDDS,LAN,16,3.457,0.244,0.028,91.2,17.95
CycloneDDS,LAN,16,3.031,0.277,0.022,89.25,20.93
CycloneDDS,LAN,16,2.583,0.248,0.009,96.37,15.66
CycloneDDS,LAN,16,2.643,0.162,0.0,87.15,16.73
CycloneDDS,LAN,16,3.105,0.285,0.024,96.62,13.37
CycloneDDS,LAN,16,2.748,0.189,0.05,89.42,13.36
CycloneDDS,LAN,16,2.041,0.087,0.047,88.45,18.89
CycloneDDS,LAN,16,2.842,0.169,0.043,90.66,16.44
CycloneDDS,LAN,16,2.98,0.37,0.005,90.79,18.44
CycloneDDS,LAN,16,2.627,0.36,0.034,95.21,16.49
CycloneDDS,LAN,16,2.21,0.251,0.019,93.72,17.83
CycloneDDS,LAN,16,3.538,0.29,0.025,89.91,15.36
CycloneDDS,LAN,16,3.03,0.3,0.007,98.51,18.14
CycloneDDS,LAN,16,3.258,0.142,0.035,86.16,17.17
CycloneDDS,LAN,16,2.793,0.366,0.014,84.54,10.43
CycloneDDS,LAN,16,2.957,0.23,0.039,90.59,16.82
CycloneDDS,LAN,16,2.68,0.201,0.063,87.26,25.02
CycloneDDS,LAN,16,3.056,0.245,0.051,91.69,18.9
CycloneDDS,LAN,16,3.382,0.27,0.005,85.26,16.88
CycloneDDS,LAN,16,2.571,0.323,0.008,97.46,16.17
CycloneDDS,LAN,16,2.995,0.191,0.043,97.2,18.55
CycloneDDS,LAN,16,2.525,0.304,0.024,90.41,15.65
CycloneDDS,LAN,16,3.398,0.201,0.008,90.56,16.55
CycloneDDS,LAN,16,2.74,0.276,0.014,97.86,20.03
CycloneDDS,LAN,16,2.959,0.261,0.062,79.06,14.47
CycloneDDS,LAN,16,2.903,0.313,0.018,90.58,23.62
CycloneDDS,LAN,16,2.89,0.319,0.032,101.85,12.53
CycloneDDS,LAN,16,3.314,0.22,0.038,83.43,21.82
CycloneDDS,LAN,16,2.758,0.276,0.027,86.48,20.15
CycloneDDS,LAN,16,2.716,0.147,0.018,90.58,19.13
CycloneDDS,LAN,16,2.431,0.211,0.043,94.61,18.93
CycloneDDS,LAN,16,2.723,0.332,0.011,96.2,19.63
CycloneDDS,LAN,16,3.224,0.275,0.004,92.36,18.15
CycloneDDS,LAN,16,3.202,0.245,0.001,87.93,15.28
CycloneDDS,LAN,16,2.737,0.146,0.06,92.12,20.33
CycloneDDS,LAN,16,2.959,0.144,0.009,90.26,19.43
CycloneDDS,LAN,16,2.481,0.21,0.031,86.88,19.76
CycloneDDS,LAN,16,2.327,0.096,0.039,93.07,19.68
CycloneDDS,LAN,16,2.78,0.18,0.023,89.47,19.98
CycloneDDS,LAN,16,2.955,0.178,0.028,87.64,22.92
CycloneDDS,LAN,16,2.251,0.185,0.044,93.61,15.82
CycloneDDS,LAN,16,3.355,0.163,0.008,84.89,17.39
CycloneDDS,LAN,16,2.774,0.16,0.028,96.48,16.42
CycloneDDS,LAN,16,2.415,0.291,0.032,87.83,18.93
CycloneDDS,LAN,16,2.201,0.287,0.027,92.53,10.36
CycloneDDS,LAN,16,3.22,0.094,0.0,92.78,16.49
CycloneDDS,LAN,16,2.776,0.232,0.003,97.92,18.93
CycloneDDS,LAN,16,2.231,0.199,0.051,87.62,21.32
CycloneDDS,LAN,16,2.971,0.154,0.048,89.01,17.16
CycloneDDS,LAN,16,2.828,0.337,0.028,84.41,24.03
CycloneDDS,LAN,16,3.019,0.29,0.008,91.34,13.91
CycloneDDS,LAN,16,3.081,0.156,0.033,93.62,17.99
CycloneDDS,LAN,16,2.396,0.274,0.022,91.49,17.1
CycloneDDS,LAN,16,2.705,0.285,0.0,85.35,16.28
CycloneDDS,LAN,16,3.328,0.221,0.029,93.76,17.31
CycloneDDS,LAN,16,2.794,0.054,0.055,100.83,18.21
CycloneDDS,LAN,16,2.325,0.203,0.021,89.56,18.14
CycloneDDS,LAN,16,2.991,0.051,0.017,97.67,22.42
CycloneDDS,LAN,16,2.409,0.235,0.034,90.62,13.06
CycloneDDS,LAN,16,2.456,0.312,0.015,86.73,21.72
CycloneDDS,LAN,16,2.396,0.266,0.025,106.65,13.09
CycloneDDS,LAN,16,2.851,0.167,0.043,86.88,15.08
CycloneDDS,LAN,16,3.546,0.258,0.009,100.5,12.3
CycloneDDS,LAN,16,2.836,0.253,0.041,91.9,12.59
CycloneDDS,LAN,16,3.458,0.16,0.01,93.84,12.78
CycloneDDS,LAN,16,2.413,0.194,0.025,88.24,20.1
CycloneDDS,LAN,16,2.282,0.104,0.033,95.95,21.7
CycloneDDS,LAN,16,2.885,0.198,0.039,92.02,21.07
CycloneDDS,LAN,16,2.735,0.231,0.039,88.1,23.65
CycloneDDS,LAN,16,2.388,0.302,0.063,84.9,15.3
CycloneDDS,LAN,16,2.924,0.194,0.052,102.04,16.67
CycloneDDS,LAN,16,2.534,0.142,0.03,92.25,18.04
CycloneDDS,LAN,16,2.774,0.089,0.01,91.35,14.78
CycloneDDS,LAN,16,2.443,0.23,0.027,100.49,21.45
CycloneDDS,LAN,16,2.476,0.311,0.062,85.06,17.98
CycloneDDS,LAN,16,2.499,0.211,0.018,90.36,25.96
CycloneDDS,LAN,16,2.049,0.232,0.039,93.13,21.96
CycloneDDS,LAN,16,2.582,0.296,0.07,88.31,25.61
CycloneDDS,LAN,16,2.239,0.262,0.033,82.24,17.63
CycloneDDS,LAN,16,2.462,0.293,0.019,98.85,14.4
CycloneDDS,LAN,16,2.632,0.023,0.035,101.47,14.42
CycloneDDS,LAN,16,2.894,0.093,0.023,92.67,12.46
CycloneDDS,LAN,16,2.699,0.153,0.026,86.52,12.15
CycloneDDS,LAN,16,3.032,0.155,0.04,83.1,15.29
CycloneDDS,LAN,16,2.653,0.137,0.04,88.73,19.93
CycloneDDS,LAN,16,2.626,0.236,0.021,89.18,15.99
CycloneDDS,LAN,16,2.966,0.175,0.031,97.4,21.04
CycloneDDS,LAN,16,3.038,0.302,0.039,95.14,16.63
CycloneDDS,LAN,16,2.878,0.131,0.018,90.06,16.6
CycloneDDS,LAN,16,3.301,0.149,0.011,85.99,17.28
CycloneDDS,LAN,16,2.768,0.22,0.026,97.94,17.83
CycloneDDS,LAN,16,2.547,0.099,0.001,81.89,24.14
CycloneDDS,LAN,16,3.072,0.197,0.048,90.54,16.92
CycloneDDS,LAN,16,2.749,0.154,0.011,90.13,15.32
CycloneDDS,LAN,16,2.978,0.311,0.007,87.6,16.64
CycloneDDS,LAN,16,2.893,0.206,0.047,91.28,16.12
CycloneDDS,LAN,16,2.725,0.217,0.053,93.37,21.34
CycloneDDS,LAN,16,2.837,0.369,0.037,99.62,16.11
CycloneDDS,LAN,16,2.717,0.014,0.016,84.39,16.23
CycloneDDS,LAN,16,2.857,0.253,0.026,88.58,16.68
CycloneDDS,LAN,16,2.957,0.324,0.0,97.67,14.77
CycloneDDS,LAN,16,2.665,0.238,0.028,92.39,17.65
CycloneDDS,LAN,16,2.65,0.219,0.019,86.75,18.63
CycloneDDS,LAN,16,3.367,0.256,0.033,89.68,20.66
CycloneDDS,LAN,16,2.485,0.123,0.029,95.66,19.3
CycloneDDS,LAN,16,3.439,0.396,0.032,89.66,14.48
CycloneDDS,LAN,16,2.403,0.05,0.023,76.45,22.22
CycloneDDS,LAN,16,2.76,0.28,0.035,102.36,19.35
CycloneDDS,LAN,16,3.168,0.155,0.048,86.32,19.67
CycloneDDS,LAN,16,3.405,0.227,0.012,96.06,17.99
CycloneDDS,LAN,16,2.346,0.285,0.0,90.94,16.67
CycloneDDS,LAN,16,2.959,0.208,0.041,91.45,19.13
CycloneDDS,LAN,16,2.317,0.324,0.047,95.11,18.47
CycloneDDS,LAN,16,2.209,0.139,0.055,96.5,17.72
CycloneDDS,LAN,16,2.64,0.081,0.002,89.55,17.86
CycloneDDS,LAN,16,2.374,0.103,0.014,88.34,17.82
CycloneDDS,LAN,16,2.709,0.249,0.034,87.35,21.46
CycloneDDS,LAN,16,3.615,0.256,0.052,90.25,18.76
CycloneDDS,LAN,16,2.964,0.318,0.008,97.74,20.82
CycloneDDS,LAN,16,2.777,0.343,0.067,98.89,16.8
CycloneDDS,LAN,16,2.898,0.178,0.038,92.6,14.14
CycloneDDS,LAN,16,3.347,0.254,0.043,86.65,21.75
CycloneDDS,LAN,16,2.857,0.254,0.005,93.14,17.49
CycloneDDS,LAN,16,2.383,0.216,0.029,90.91,19.88
CycloneDDS,LAN,16,2.672,0.307,0.021,93.42,17.97
CycloneDDS,LAN,16,3.067,0.13,0.032,89.55,19.33
CycloneDDS,LAN,16,2.813,0.197,0.041,86.44,11.37
CycloneDDS,LAN,16,3.062,0.242,0.014,92.25,18.26
CycloneDDS,LAN,16,2.653,0.321,0.038,87.83,19.24
CycloneDDS,LAN,16,2.968,0.203,0.052,84.29,14.41
CycloneDDS,LAN,16,3.277,0.273,0.029,92.58,19.96
CycloneDDS,LAN,16,2.823,0.222,0.043,89.74,19.86
CycloneDDS,LAN,16,2.574,0.275,0.016,94.09,12.38
CycloneDDS,LAN,16,3.572,0.191,0.018,95.54,16.43
CycloneDDS,LAN,16,2.999,0.23,0.026,93.13,21.5
CycloneDDS,LAN,16,3.099,0.155,0.011,90.83,22.26
CycloneDDS,LAN,16,2.362,0.261,0.0,90.81,16.55
CycloneDDS,LAN,16,3.053,0.208,0.063,96.57,15.22
CycloneDDS,LAN,16,3.236,0.142,0.034,85.62,15.11
CycloneDDS,LAN,16,3.088,0.255,0.001,95.14,18.44
CycloneDDS,LAN,16,2.52,0.276,0.07,85.33,21.53
CycloneDDS,LAN,16,2.787,0.4,0.022,85.42,17.95
CycloneDDS,LAN,16,2.511,0.264,0.021,95.46,17.6
CycloneDDS,LAN,16,2.779,0.228,0.063,91.35,18.45
CycloneDDS,LAN,16,2.897,0.266,0.029,78.78,21.72
CycloneDDS,LAN,16,2.595,0.266,0.032,90.02,16.02
CycloneDDS,LAN,16,3.091,0.257,0.054,84.18,21.7
CycloneDDS,LAN,16,2.654,0.254,0.017,91.82,14.64
CycloneDDS,LAN,16,2.973,0.175,0.02,95.94,13.76
CycloneDDS,LAN,16,2.638,0.31,0.015,93.09,15.93
CycloneDDS,LAN,16,2.894,0.323,0.034,87.42,16.69
CycloneDDS,LAN,16,2.717,0.147,0.06,81.74,23.93
CycloneDDS,LAN,16,2.9,0.301,0.028,90.95,18.84
CycloneDDS,LAN,16,2.782,0.116,0.048,95.81,23.44
CycloneDDS,LAN,16,3.123,0.32,0.039,86.47,18.96
CycloneDDS,LAN,16,2.592,0.269,0.037,83.73,15.51
CycloneDDS,LAN,16,2.382,0.081,0.05,94.73,13.47
CycloneDDS,LAN,16,2.735,0.156,0.007,86.88,16.84
CycloneDDS,LAN,16,2.616,0.192,0.02,91.54,17.41
CycloneDDS,LAN,16,2.958,0.158,0.037,89.71,19.5
CycloneDDS,LAN,16,2.978,0.191,0.044,94.95,20.49
CycloneDDS,LAN,16,2.496,0.153,0.051,90.51,21.45
CycloneDDS,LAN,16,2.25,0.143,0.016,90.28,19.81
CycloneDDS,LAN,16,2.707,0.219,0.051,90.62,13.94
CycloneDDS,LAN,16,2.619,0.333,0.006,89.52,24.54
CycloneDDS,LAN,16,2.823,0.203,0.05,85.08,19.74
CycloneDDS,LAN,16,2.896,0.292,0.013,92.12,17.88
CycloneDDS,LAN,16,2.643,0.201,0.023,87.36,16.93
CycloneDDS,LAN,16,3.482,0.257,0.058,91.45,22.79
CycloneDDS,LAN,16,2.955,0.254,0.023,95.3,14.05
CycloneDDS,LAN,16,2.829,0.261,0.045,77.19,20.31
CycloneDDS,LAN,16,3.075,0.279,0.018,89.51,14.88
CycloneDDS,LAN,16,2.934,0.167,0.0,92.58,17.09
CycloneDDS,LAN,16,2.491,0.186,0.038,100.82,18.18
CycloneDDS,LAN,16,2.622,0.206,0.064,102.12,16.8
CycloneDDS,LAN,16,2.543,0.203,0.047,96.82,16.35
CycloneDDS,LAN,16,2.653,0.251,0.039,82.76,18.34
CycloneDDS,LAN,16,3.501,0.118,0.023,90.27,18.13
CycloneDDS,LAN,16,2.546,0.317,0.051,92.28,18.38
CycloneDDS,LAN,16,3.177,0.139,0.027,81.74,16.56
CycloneDDS,LAN,16,2.586,0.155,0.021,90.33,20.88
CycloneDDS,LAN,16,2.202,0.172,0.032,98.69,14.95
CycloneDDS,LAN,16,2.774,0.253,0.043,90.18,16.72
CycloneDDS,LAN,16,3.123,0.318,0.075,95.58,16.14
CycloneDDS,LAN,16,2.964,0.132,0.032,89.2,20.53
CycloneDDS,LAN,16,2.909,0.267,0.065,94.64,20.33
CycloneDDS,LAN,16,3.11,0.202,0.074,99.41,18.98
CycloneDDS,LAN,16,2.526,0.174,0.032,92.54,17.47
CycloneDDS,LAN,16,2.82,0.254,0.025,101.66,14.86
CycloneDDS,LAN,16,3.128,0.148,0.024,91.45,19.83
CycloneDDS,LAN,16,2.904,0.19,0.006,86.64,17.55
CycloneDDS,LAN,16,3.349,0.193,0.003,98.68,24.78
CycloneDDS,LAN,16,2.731,0.161,0.033,97.94,16.54
CycloneDDS,LAN,16,2.538,0.226,0.036,90.48,16.88
CycloneDDS,LAN,16,2.621,0.119,0.042,89.31,21.36
CycloneDDS,LAN,16,2.432,0.155,0.055,90.78,21.45
CycloneDDS,LAN,16,3.755,0.217,0.0,86.46,15.57
CycloneDDS,LAN,16,3.023,0.175,0.019,95.99,19.45
CycloneDDS,LAN,16,2.425,0.202,0.018,87.97,19.7
CycloneDDS,LAN,16,1.853,0.166,0.046,90.87,15.08
CycloneDDS,LAN,16,3.033,0.191,0.069,88.33,18.17
CycloneDDS,LAN,16,2.811,0.179,0.024,91.78,20.11
CycloneDDS,LAN,16,3.201,0.284,0.018,89.48,18.77
CycloneDDS,LAN,16,3.023,0.141,0.019,93.68,20.7
CycloneDDS,LAN,16,3.255,0.248,0.002,91.18,16.52
CycloneDDS,LAN,16,2.425,0.246,0.0,93.0,17.48
CycloneDDS,LAN,16,2.563,0.09,0.036,93.03,23.7
CycloneDDS,LAN,16,2.536,0.238,0.069,85.31,13.57
CycloneDDS,LAN,16,2.621,0.215,0.078,87.97,13.16
CycloneDDS,LAN,16,2.367,0.292,0.029,93.55,19.8
CycloneDDS,LAN,16,2.554,0.256,0.022,87.16,16.86
CycloneDDS,LAN,16,2.935,0.302,0.039,88.86,19.14
CycloneDDS,LAN,16,2.318,0.202,0.065,98.05,21.76
CycloneDDS,LAN,16,2.366,0.059,0.039,89.12,18.51
CycloneDDS,LAN,16,2.187,0.281,0.0,83.9,19.98
CycloneDDS,LAN,16,2.788,0.147,0.016,91.7,21.22
CycloneDDS,LAN,16,2.834,0.353,0.046,91.16,22.92
CycloneDDS,LAN,16,3.598,0.098,0.02,94.79,17.89
CycloneDDS,LAN,16,2.986,0.142,0.02,92.16,21.2
CycloneDDS,LAN,16,2.838,0.138,0.007,93.49,12.45
CycloneDDS,LAN,16,1.975,0.288,0.024,94.48,19.72
CycloneDDS,LAN,16,3.054,0.157,0.029,94.48,19.63
CycloneDDS,LAN,16,2.428,0.385,0.054,82.9,14.08
CycloneDDS,LAN,16,3.389,0.319,0.019,90.44,19.31
CycloneDDS,LAN,16,2.915,0.157,0.023,81.88,15.34
CycloneDDS,LAN,16,2.616,0.269,0.031,85.42,18.3
CycloneDDS,LAN,16,3.254,0.129,0.032,90.45,19.16
CycloneDDS,LAN,16,2.584,0.167,0.066,92.22,14.04
CycloneDDS,LAN,16,3.424,0.249,0.047,96.22,17.52
CycloneDDS,LAN,16,2.718,0.098,0.029,80.28,19.36
CycloneDDS,LAN,16,3.021,0.297,0.046,95.03,15.81
CycloneDDS,LAN,16,2.82,0.211,0.004,98.99,16.04
CycloneDDS,LAN,16,2.778,0.261,0.017,96.05,20.77
CycloneDDS,LAN,16,2.886,0.106,0.021,90.01,15.24
CycloneDDS,LAN,16,3.379,0.04,0.029,83.03,21.48
CycloneDDS,LAN,16,2.645,0.192,0.042,100.43,24.38
CycloneDDS,LAN,16,2.227,0.125,0.016,88.82,14.56
CycloneDDS,LAN,16,2.819,0.308,0.037,94.09,18.62
CycloneDDS,LAN,16,2.613,0.265,0.04,93.9,15.07
CycloneDDS,LAN,16,2.813,0.198,0.034,96.47,18.84
CycloneDDS,LAN,16,2.448,0.25,0.037,98.96,18.68
CycloneDDS,LAN,16,2.524,0.153,0.032,79.98,14.4
CycloneDDS,LAN,16,2.815,0.122,0.031,94.76,17.76
CycloneDDS,LAN,16,2.348,0.357,0.0,88.78,20.15
CycloneDDS,LAN,16,2.715,0.157,0.017,97.47,20.42
CycloneDDS,LAN,16,2.802,0.257,0.0,91.54,14.7
CycloneDDS,LAN,16,3.295,0.295,0.039,89.49,15.64
CycloneDDS,LAN,64,5.379,0.34,0.0,86.31,14.19
CycloneDDS,LAN,64,5.701,0.16,0.025,79.82,19.49
CycloneDDS,LAN,64,5.354,0.386,0.047,81.69,19.05
CycloneDDS,LAN,64,5.431,0.297,0.06,82.16,17.78
CycloneDDS,LAN,64,4.949,0.372,0.059,87.57,18.44
CycloneDDS,LAN,64,5.304,0.367,0.021,82.33,19.53
CycloneDDS,LAN,64,5.672,0.245,0.055,89.27,15.96
CycloneDDS,LAN,64,5.291,0.144,0.047,82.63,18.24
CycloneDDS,LAN,64,4.675,0.174,0.024,80.34,15.99
CycloneDDS,LAN,64,5.392,0.202,0.025,82.29,21.32
CycloneDDS,LAN,64,5.077,0.211,0.007,84.89,22.62
CycloneDDS,LAN,64,4.809,0.403,0.043,88.94,20.04
CycloneDDS,LAN,64,5.863,0.174,0.0,86.06,19.38
CycloneDDS,LAN,64,5.205,0.203,0.038,76.52,18.58
CycloneDDS,LAN,64,5.669,0.192,0.073,79.37,18.18
CycloneDDS,LAN,64,4.99,0.343,0.053,90.69,13.39
CycloneDDS,LAN,64,5.067,0.202,0.004,84.79,17.64
CycloneDDS,LAN,64,5.219,0.144,0.028,89.56,21.23
CycloneDDS,LAN,64,4.862,0.234,0.028,83.04,17.82
CycloneDDS,LAN,64,4.841,0.122,0.007,82.65,22.73
CycloneDDS,LAN,64,5.143,0.343,0.046,92.67,21.55
CycloneDDS,LAN,64,5.14,0.244,0.012,92.3,16.86
CycloneDDS,LAN,64,5.05,0.223,0.009,94.09,16.78
CycloneDDS,LAN,64,5.214,0.115,0.043,85.81,14.8
CycloneDDS,LAN,64,5.239,0.174,0.025,90.14,20.47
CycloneDDS,LAN,64,5.913,0.153,0.052,84.99,17.77
CycloneDDS,LAN,64,5.242,0.243,0.061,94.27,26.09
CycloneDDS,LAN,64,5.488,0.109,0.041,94.1,15.29
CycloneDDS,LAN,64,5.905,0.184,0.0,92.87,15.31
CycloneDDS,LAN,64,5.091,0.338,0.009,90.5,17.48
CycloneDDS,LAN,64,5.048,0.203,0.031,82.97,17.78
CycloneDDS,LAN,64,5.515,0.259,0.0,85.55,15.89
CycloneDDS,LAN,64,5.479,0.221,0.018,85.1,17.46
CycloneDDS,LAN,64,5.326,0.1,0.032,89.59,22.84
CycloneDDS,LAN,64,4.8,0.082,0.033,90.97,13.14
CycloneDDS,LAN,64,5.89,0.165,0.005,80.43,18.08
CycloneDDS,LAN,64,5.448,0.238,0.039,87.44,19.57
CycloneDDS,LAN,64,4.886,0.248,0.07,82.73,17.59
CycloneDDS,LAN,64,4.646,0.221,0.002,92.34,14.75
CycloneDDS,LAN,64,5.136,0.24,0.053,92.28,20.38
CycloneDDS,LAN,64,5.659,0.28,0.022,80.67,17.72
CycloneDDS,LAN,64,5.082,0.31,0.036,84.95,21.02
CycloneDDS,LAN,64,5.321,0.194,0.026,85.56,22.41
CycloneDDS,LAN,64,5.41,0.104,0.03,94.55,19.72
CycloneDDS,LAN,64,5.531,0.245,0.017,90.96,12.27
CycloneDDS,LAN,64,5.037,0.136,0.05,82.71,17.3
CycloneDDS,LAN,64,4.828,0.171,0.047,86.27,17.64
CycloneDDS,LAN,64,5.149,0.194,0.019,87.49,13.63
CycloneDDS,LAN,64,5.116,0.132,0.066,91.62,18.36
CycloneDDS,LAN,64,5.044,0.22,0.029,84.23,22.89
CycloneDDS,LAN,64,5.815,0.122,0.026,94.92,18.14
CycloneDDS,LAN,64,5.416,0.36,0.013,96.64,14.11
CycloneDDS,LAN,64,5.138,0.257,0.017,91.29,15.97
CycloneDDS,LAN,64,4.793,0.225,0.032,85.77,13.58
CycloneDDS,LAN,64,4.679,0.151,0.021,89.08,20.36
CycloneDDS,LAN,64,5.298,0.275,0.0,86.88,20.78
CycloneDDS,LAN,64,5.119,0.255,0.019,81.74,19.11
CycloneDDS,LAN,64,5.412,0.249,0.06,80.27,13.97
CycloneDDS,LAN,64,4.73,0.331,0.0,87.6,20.83
CycloneDDS,LAN,64,4.908,0.421,0.026,90.2,17.51
CycloneDDS,LAN,64,4.371,0.186,0.034,83.32,15.45
CycloneDDS,LAN,64,4.609,0.212,0.056,79.74,19.97
CycloneDDS,LAN,64,4.827,0.295,0.024,82.52,15.66
CycloneDDS,LAN,64,4.779,0.219,0.043,86.55,15.75
CycloneDDS,LAN,64,5.087,0.202,0.034,91.73,11.64
CycloneDDS,LAN,64,5.301,0.144,0.024,80.19,20.78
CycloneDDS,LAN,64,4.947,0.254,0.051,86.13,16.53
CycloneDDS,LAN,64,5.158,0.138,0.048,91.46,20.03
CycloneDDS,LAN,64,4.699,0.238,0.022,79.26,17.61
CycloneDDS,LAN,64,5.319,0.134,0.077,87.99,16.9
CycloneDDS,LAN,64,4.972,0.253,0.007,87.48,19.56
CycloneDDS,LAN,64,4.73,0.288,0.04,86.81,16.73
CycloneDDS,LAN,64,4.581,0.116,0.0,87.43,18.91
CycloneDDS,LAN,64,5.036,0.31,0.014,88.92,14.88
CycloneDDS,LAN,64,4.77,0.103,0.0,88.58,17.06
CycloneDDS,LAN,64,5.021,0.166,0.038,88.59,15.75
CycloneDDS,LAN,64,5.513,0.159,0.0,84.36,18.45
CycloneDDS,LAN,64,4.508,0.391,0.016,86.31,19.38
CycloneDDS,LAN,64,4.55,0.101,0.052,88.76,13.29
CycloneDDS,LAN,64,4.766,0.364,0.022,90.2,23.03
CycloneDDS,LAN,64,5.129,0.327,0.02,84.63,19.85
CycloneDDS,LAN,64,4.559,0.05,0.027,88.71,13.39
CycloneDDS,LAN,64,5.32,0.136,0.0,90.87,21.87
CycloneDDS,LAN,64,4.886,0.112,0.02,81.31,17.68
CycloneDDS,LAN,64,4.721,0.08,0.021,89.81,15.5
CycloneDDS,LAN,64,5.622,0.322,0.049,93.82,22.04
CycloneDDS,LAN,64,5.553,0.152,0.051,97.42,17.34
CycloneDDS,LAN,64,5.663,0.21,0.039,93.15,17.21
CycloneDDS,LAN,64,5.077,0.077,0.0,90.23,16.82
CycloneDDS,LAN,64,5.677,0.258,0.019,82.09,21.61
CycloneDDS,LAN,64,5.168,0.118,0.05,85.21,22.03
CycloneDDS,LAN,64,4.749,0.353,0.034,88.52,17.1
CycloneDDS,LAN,64,5.301,0.065,0.032,87.58,21.87
CycloneDDS,LAN,64,4.699,0.14,0.044,96.45,17.53
CycloneDDS,LAN,64,5.074,0.253,0.027,90.29,16.51
CycloneDDS,LAN,64,5.64,0.204,0.001,89.97,16.08
CycloneDDS,LAN,64,4.84,0.323,0.016,87.65,17.76
CycloneDDS,LAN,64,5.207,0.19,0.052,92.31,15.3
CycloneDDS,LAN,64,5.312,0.17,0.024,87.35,19.48
CycloneDDS,LAN,64,4.784,0.123,0.014,83.7,17.41
CycloneDDS,LAN,64,5.042,0.126,0.034,84.5,20.82
CycloneDDS,LAN,64,5.082,0.263,0.059,75.8,16.15
CycloneDDS,LAN,64,4.682,0.044,0.037,94.58,20.55
CycloneDDS,LAN,64,5.469,0.091,0.025,93.47,14.41
CycloneDDS,LAN,64,4.922,0.399,0.054,82.18,16.48
CycloneDDS,LAN,64,5.614,0.077,0.058,91.7,21.75
CycloneDDS,LAN,64,5.279,0.243,0.015,92.38,14.96
CycloneDDS,LAN,64,4.882,0.375,0.001,85.9,17.86
CycloneDDS,LAN,64,4.934,0.272,0.043,82.94,17.22
CycloneDDS,LAN,64,4.94,0.196,0.034,89.5,16.4
CycloneDDS,LAN,64,5.477,0.257,0.066,79.06,16.81
CycloneDDS,LAN,64,5.058,0.331,0.064,87.17,16.79
CycloneDDS,LAN,64,5.924,0.312,0.023,81.79,21.76
CycloneDDS,LAN,64,5.064,0.159,0.032,89.74,18.22
CycloneDDS,LAN,64,5.297,0.188,0.0,87.48,16.63
CycloneDDS,LAN,64,5.201,0.277,0.025,91.58,12.67
CycloneDDS,LAN,64,5.248,0.264,0.026,90.66,18.61
CycloneDDS,LAN,64,5.307,0.432,0.011,87.09,13.55
CycloneDDS,LAN,64,5.388,0.286,0.004,92.4,17.53
CycloneDDS,LAN,64,5.552,0.192,0.019,84.99,20.29
CycloneDDS,LAN,64,5.613,0.334,0.036,90.88,27.3
CycloneDDS,LAN,64,4.734,0.282,0.023,90.5,22.85
CycloneDDS,LAN,64,5.821,0.215,0.048,76.4,19.99
CycloneDDS,LAN,64,5.505,0.243,0.046,88.87,19.52
CycloneDDS,LAN,64,5.132,0.142,0.055,79.19,25.33
CycloneDDS,LAN,64,4.761,0.152,0.023,88.71,24.57
CycloneDDS,LAN,64,4.7,0.19,0.052,79.6,17.35
CycloneDDS,LAN,64,4.797,0.173,0.04,85.41,15.04
CycloneDDS,LAN,64,4.972,0.167,0.042,86.03,24.36
CycloneDDS,LAN,64,5.433,0.122,0.0,84.91,16.61
CycloneDDS,LAN,64,5.115,0.261,0.03,75.9,13.12
CycloneDDS,LAN,64,5.077,0.341,0.02,88.76,20.56
CycloneDDS,LAN,64,4.878,0.294,0.016,92.2,16.32
CycloneDDS,LAN,64,5.29,0.274,0.023,78.51,19.28
CycloneDDS,LAN,64,4.659,0.225,0.016,79.91,20.82
CycloneDDS,LAN,64,5.154,0.209,0.054,87.92,14.46
CycloneDDS,LAN,64,5.615,0.16,0.049,86.49,21.76
CycloneDDS,LAN,64,5.368,0.215,0.055,87.99,16.4
CycloneDDS,LAN,64,4.802,0.241,0.029,85.61,14.66
CycloneDDS,LAN,64,5.684,0.215,0.032,84.87,15.96
CycloneDDS,LAN,64,5.457,0.075,0.0,88.35,16.42
CycloneDDS,LAN,64,4.742,0.093,0.027,81.48,18.71
CycloneDDS,LAN,64,5.86,0.369,0.046,82.55,20.78
CycloneDDS,LAN,64,5.372,0.297,0.053,87.54,15.43
CycloneDDS,LAN,64,5.81,0.297,0.039,94.7,21.89
CycloneDDS,LAN,64,5.684,0.226,0.047,84.69,17.39
CycloneDDS,LAN,64,5.021,0.249,0.032,83.3,17.06
CycloneDDS,LAN,64,4.983,0.162,0.011,88.65,18.51
CycloneDDS,LAN,64,4.913,0.316,0.05,91.0,19.7
CycloneDDS,LAN,64,5.282,0.336,0.022,96.04,19.58
CycloneDDS,LAN,64,5.568,0.23,0.073,83.46,11.83
CycloneDDS,LAN,64,5.24,0.334,0.008,88.86,15.7
CycloneDDS,LAN,64,5.54,0.275,0.028,88.9,15.85
CycloneDDS,LAN,64,5.093,0.242,0.039,80.35,16.13
CycloneDDS,LAN,64,6.012,0.212,0.007,91.88,19.04
CycloneDDS,LAN,64,5.167,0.205,0.016,89.14,16.59
CycloneDDS,LAN,64,4.84,0.267,0.015,82.63,16.72
CycloneDDS,LAN,64,5.352,0.105,0.003,86.29,14.85
CycloneDDS,LAN,64,5.564,0.26,0.016,94.73,14.17
CycloneDDS,LAN,64,5.379,0.229,0.022,84.55,27.39
CycloneDDS,LAN,64,5.089,0.172,0.011,79.73,19.69
CycloneDDS,LAN,64,5.019,0.21,0.012,91.0,18.27
CycloneDDS,LAN,64,4.786,0.368,0.024,86.5,15.68
CycloneDDS,LAN,64,5.447,0.168,0.01,90.95,18.04
CycloneDDS,LAN,64,4.926,0.229,0.036,94.64,20.66
CycloneDDS,LAN,64,5.02,0.176,0.032,88.37,18.99
CycloneDDS,LAN,64,5.131,0.113,0.018,91.18,22.05
CycloneDDS,LAN,64,4.993,0.203,0.037,90.08,19.18
CycloneDDS,LAN,64,5.384,0.174,0.018,91.29,15.54
CycloneDDS,LAN,64,4.904,0.372,0.02,87.55,15.26
CycloneDDS,LAN,64,5.494,0.205,0.043,84.38,15.1
CycloneDDS,LAN,64,4.963,0.262,0.035,84.77,19.65
CycloneDDS,LAN,64,5.265,0.043,0.034,88.57,16.44
CycloneDDS,LAN,64,5.315,0.213,0.067,90.71,12.36
CycloneDDS,LAN,64,4.872,0.172,0.0,92.89,19.1
CycloneDDS,LAN,64,5.587,0.182,0.0,90.48,17.57
CycloneDDS,LAN,64,4.766,0.249,0.009,92.69,21.55
CycloneDDS,LAN,64,5.11,0.24,0.056,76.67,23.68
CycloneDDS,LAN,64,5.055,0.245,0.041,82.54,19.03
CycloneDDS,LAN,64,5.31,0.16,0.044,80.22,17.78
CycloneDDS,LAN,64,4.938,0.228,0.025,85.18,15.02
CycloneDDS,LAN,64,5.113,0.187,0.031,81.62,17.42
CycloneDDS,LAN,64,5.062,0.26,0.066,92.3,21.93
CycloneDDS,LAN,64,5.641,0.11,0.009,82.05,12.45
CycloneDDS,LAN,64,5.902,0.113,0.03,94.34,21.66
CycloneDDS,LAN,64,5.361,0.227,0.033,82.58,23.0
CycloneDDS,LAN,64,5.164,0.197,0.036,93.59,11.84
CycloneDDS,LAN,64,4.723,0.265,0.03,77.57,18.53
CycloneDDS,LAN,64,5.264,0.197,0.034,86.41,16.95
CycloneDDS,LAN,64,5.662,0.056,0.065,89.12,18.54
CycloneDDS,LAN,64,4.588,0.15,0.027,87.0,20.94
CycloneDDS,LAN,64,4.983,0.322,0.027,86.71,22.02
CycloneDDS,LAN,64,5.2,0.201,0.027,87.49,11.92
CycloneDDS,LAN,64,5.391,0.377,0.05,89.28,19.36
CycloneDDS,LAN,64,6.229,0.246,0.027,76.53,21.21
CycloneDDS,LAN,64,4.889,0.318,0.017,90.49,14.97
CycloneDDS,LAN,64,5.43,0.199,0.008,83.74,15.16
CycloneDDS,LAN,64,5.26,0.312,0.012,83.18,21.79
CycloneDDS,LAN,64,4.636,0.141,0.0,86.91,20.39
CycloneDDS,LAN,64,4.963,0.179,0.009,77.55,16.66
CycloneDDS,LAN,64,5.614,0.12,0.033,86.3,17.19
CycloneDDS,LAN,64,5.125,0.277,0.057,94.32,23.75
CycloneDDS,LAN,64,4.753,0.294,0.02,90.71,18.61
CycloneDDS,LAN,64,5.65,0.33,0.02,82.64,21.13
CycloneDDS,LAN,64,5.242,0.353,0.031,79.71,20.18
CycloneDDS,LAN,64,4.851,0.144,0.015,89.05,16.05
CycloneDDS,LAN,64,5.316,0.207,0.016,87.42,20.77
CycloneDDS,LAN,64,4.842,0.171,0.015,96.58,20.89
CycloneDDS,LAN,64,4.645,0.157,0.029,89.75,14.68
CycloneDDS,LAN,64,5.083,0.167,0.01,83.96,18.11
CycloneDDS,LAN,64,5.454,0.257,0.049,80.67,18.41
CycloneDDS,LAN,64,5.617,0.141,0.018,93.97,19.76
CycloneDDS,LAN,64,5.087,0.214,0.0,87.08,21.29
CycloneDDS,LAN,64,5.045,0.27,0.035,87.39,14.83
CycloneDDS,LAN,64,5.861,0.128,0.009,84.3,20.48
CycloneDDS,LAN,64,4.785,0.163,0.02,80.7,21.83
CycloneDDS,LAN,64,5.317,0.241,0.006,92.28,20.69
CycloneDDS,LAN,64,4.69,0.193,0.002,86.75,16.48
CycloneDDS,LAN,64,5.503,0.238,0.067,94.15,16.12
CycloneDDS,LAN,64,5.114,0.281,0.02,87.02,20.75
CycloneDDS,LAN,64,6.019,0.283,0.032,94.21,17.28
CycloneDDS,LAN,64,5.347,0.27,0.014,93.74,20.52
CycloneDDS,LAN,64,4.772,0.218,0.015,79.74,16.8
CycloneDDS,LAN,64,5.178,0.19,0.024,88.06,17.91
CycloneDDS,LAN,64,5.688,0.177,0.035,85.98,18.96
CycloneDDS,LAN,64,4.871,0.281,0.06,89.61,19.85
CycloneDDS,LAN,64,4.92,0.159,0.024,91.02,16.57
CycloneDDS,LAN,64,5.031,0.268,0.028,90.98,20.42
CycloneDDS,LAN,64,5.7,0.27,0.038,90.89,19.98
CycloneDDS,LAN,64,4.899,0.272,0.037,83.27,19.97
CycloneDDS,LAN,64,5.414,0.21,0.049,87.5,16.64
CycloneDDS,LAN,64,5.232,0.317,0.022,88.14,13.71
CycloneDDS,LAN,64,5.091,0.079,0.031,83.35,20.58
CycloneDDS,LAN,64,4.693,0.234,0.039,80.66,19.32
CycloneDDS,LAN,64,4.991,0.176,0.036,79.03,23.94
CycloneDDS,LAN,64,5.016,0.186,0.028,85.56,13.1
CycloneDDS,LAN,64,5.786,0.164,0.031,96.47,22.11
CycloneDDS,LAN,64,4.722,0.266,0.038,82.96,16.85
CycloneDDS,LAN,64,5.225,0.239,0.037,91.2,16.16
CycloneDDS,LAN,64,4.888,0.266,0.048,92.18,10.38
CycloneDDS,LAN,64,5.462,0.367,0.055,89.44,17.74
CycloneDDS,LAN,64,5.189,0.261,0.061,79.89,21.31
CycloneDDS,LAN,64,5.768,0.262,0.045,80.96,21.44
CycloneDDS,LAN,64,5.56,0.234,0.052,82.59,21.64
CycloneDDS,LAN,64,5.761,0.226,0.028,83.26,17.09
CycloneDDS,LAN,64,5.208,0.134,0.025,93.14,16.06
CycloneDDS,LAN,64,5.2,0.255,0.053,99.65,24.98
CycloneDDS,LAN,64,5.038,0.116,0.044,85.21,16.65
CycloneDDS,LAN,64,5.148,0.316,0.01,78.54,18.62
CycloneDDS,LAN,64,5.287,0.235,0.044,77.34,26.6
CycloneDDS,LAN,64,4.822,0.229,0.0,91.48,17.95
CycloneDDS,LAN,64,4.736,0.296,0.007,88.55,12.49
CycloneDDS,LAN,64,5.686,0.163,0.081,76.44,14.26
CycloneDDS,LAN,64,5.051,0.18,0.014,80.34,18.08
CycloneDDS,LAN,64,5.117,0.131,0.033,82.58,17.37
CycloneDDS,LAN,64,5.549,0.168,0.034,89.07,17.29
CycloneDDS,LAN,64,5.059,0.273,0.057,87.94,18.38
CycloneDDS,LAN,64,4.875,0.308,0.028,91.96,12.72
CycloneDDS,LAN,64,5.239,0.337,0.045,84.37,15.48
CycloneDDS,LAN,64,5.232,0.222,0.022,91.84,16.41
CycloneDDS,LAN,64,4.956,0.186,0.074,83.27,14.77
CycloneDDS,LAN,64,4.86,0.222,0.026,89.24,24.25
CycloneDDS,LAN,64,4.623,0.187,0.046,77.31,19.72
CycloneDDS,LAN,64,5.073,0.144,0.026,94.07,16.79
CycloneDDS,LAN,64,5.063,0.176,0.053,86.71,22.35
CycloneDDS,LAN,64,4.706,0.134,0.01,83.71,19.67
CycloneDDS,LAN,64,4.991,0.326,0.057,94.18,12.11
CycloneDDS,LAN,64,5.019,0.145,0.04,79.51,16.37
CycloneDDS,LAN,64,5.026,0.126,0.071,87.54,18.02
CycloneDDS,LAN,64,5.565,0.251,0.0,90.04,18.06
CycloneDDS,LAN,64,5.166,0.238,0.025,78.21,18.54
CycloneDDS,LAN,64,4.868,0.303,0.025,92.08,15.52
CycloneDDS,LAN,64,4.418,0.164,0.01,92.81,17.16
CycloneDDS,LAN,64,5.122,0.245,0.033,90.98,15.86
CycloneDDS,LAN,64,5.521,0.231,0.042,89.83,14.85
CycloneDDS,LAN,64,4.696,0.096,0.03,83.3,17.92
CycloneDDS,LAN,64,4.659,0.129,0.026,85.39,19.72
CycloneDDS,LAN,64,5.377,0.315,0.055,85.91,15.54
CycloneDDS,LAN,64,5.342,0.153,0.022,79.88,19.46
CycloneDDS,LAN,64,5.219,0.191,0.048,82.96,22.6
CycloneDDS,LAN,64,5.218,0.315,0.033,93.34,13.21
CycloneDDS,LAN,64,5.194,0.175,0.023,89.14,16.16
CycloneDDS,LAN,64,5.826,0.323,0.034,84.0,19.54
CycloneDDS,LAN,64,4.743,0.232,0.048,86.15,18.84
CycloneDDS,LAN,64,5.537,0.359,0.056,77.94,14.38
CycloneDDS,LAN,64,5.173,0.16,0.03,89.12,18.01
CycloneDDS,LAN,64,4.753,0.281,0.039,89.92,16.42
CycloneDDS,LAN,64,4.904,0.361,0.0,91.56,16.92
CycloneDDS,LAN,64,5.586,0.114,0.039,82.96,17.8
CycloneDDS,LAN,64,5.523,0.258,0.004,83.03,20.49
CycloneDDS,LAN,64,4.705,0.215,0.013,80.16,13.67
CycloneDDS,LAN,64,5.353,0.122,0.053,86.62,14.25
CycloneDDS,LAN,64,5.166,0.198,0.035,89.76,18.63
CycloneDDS,LAN,64,5.845,0.391,0.054,92.51,21.65
CycloneDDS,LAN,64,5.899,0.321,0.0,84.65,17.43
CycloneDDS,LAN,64,5.335,0.314,0.021,83.68,15.46
CycloneDDS,LAN,64,5.444,0.356,0.025,86.77,17.21
CycloneDDS,LAN,64,4.859,0.175,0.054,82.48,18.45
CycloneDDS,LAN,64,5.893,0.252,0.031,77.35,17.34
CycloneDDS,LAN,64,4.764,0.026,0.02,92.58,18.18
CycloneDDS,WAN,1,4.566,0.481,1.618,73.19,13.26
CycloneDDS,WAN,1,5.58,0.606,1.407,81.32,14.86
CycloneDDS,WAN,1,5.699,0.293,1.678,70.98,17.79
CycloneDDS,WAN,1,5.024,0.408,0.867,79.54,17.93
CycloneDDS,WAN,1,4.93,0.435,0.841,93.08,17.43
CycloneDDS,WAN,1,5.054,0.394,1.616,71.16,18.1
CycloneDDS,WAN,1,5.284,0.494,1.944,76.17,12.2
CycloneDDS,WAN,1,4.691,0.289,1.761,72.15,16.67
CycloneDDS,WAN,1,5.503,0.22,1.991,69.25,15.48
CycloneDDS,WAN,1,5.46,0.279,0.502,77.27,22.62
CycloneDDS,WAN,1,5.117,0.411,1.368,78.18,20.72
CycloneDDS,WAN,1,4.99,0.287,0.128,70.59,11.76
CycloneDDS,WAN,1,5.222,0.22,1.059,62.26,13.89
CycloneDDS,WAN,1,4.799,0.306,1.595,75.68,16.88
CycloneDDS,WAN,1,4.187,0.435,1.117,75.72,19.08
CycloneDDS,WAN,1,4.743,0.436,0.905,82.77,17.89
CycloneDDS,WAN,1,4.793,0.348,1.604,75.81,19.86
CycloneDDS,WAN,1,4.963,0.53,0.735,67.18,15.11
CycloneDDS,WAN,1,5.459,0.418,1.465,64.49,12.36
CycloneDDS,WAN,1,5.383,0.283,2.076,85.85,19.36
CycloneDDS,WAN,1,4.994,0.287,1.64,76.2,16.29
CycloneDDS,WAN,1,5.069,0.357,2.249,81.19,17.01
CycloneDDS,WAN,1,4.741,0.301,2.064,81.56,20.59
CycloneDDS,WAN,1,4.68,0.401,1.02,71.74,19.79
CycloneDDS,WAN,1,5.246,0.539,1.568,76.45,16.84
CycloneDDS,WAN,1,4.832,0.432,2.037,79.85,22.14
CycloneDDS,WAN,1,4.556,0.407,1.059,72.9,17.76
CycloneDDS,WAN,1,4.942,0.328,1.608,66.11,20.38
CycloneDDS,WAN,1,4.953,0.314,0.692,88.61,22.09
CycloneDDS,WAN,1,4.934,0.57,1.533,71.34,20.33
CycloneDDS,WAN,1,5.336,0.219,1.956,61.34,13.82
CycloneDDS,WAN,1,4.901,0.532,1.212,89.11,11.92
CycloneDDS,WAN,1,5.692,0.356,1.869,77.38,20.16
CycloneDDS,WAN,1,4.724,0.391,1.6,76.44,21.68
CycloneDDS,WAN,1,5.484,0.525,1.365,88.0,19.84
CycloneDDS,WAN,1,4.798,0.375,0.591,73.41,19.81
CycloneDDS,WAN,1,4.822,0.497,0.74,70.3,18.11
CycloneDDS,WAN,1,5.258,0.491,1.097,70.79,21.57
CycloneDDS,WAN,1,4.705,0.394,1.533,74.4,16.47
CycloneDDS,WAN,1,5.481,0.347,1.733,75.58,14.15
CycloneDDS,WAN,1,5.154,0.451,1.652,69.8,26.52
CycloneDDS,WAN,1,5.484,0.417,2.106,82.81,19.25
CycloneDDS,WAN,1,5.177,0.41,1.925,68.78,16.86
CycloneDDS,WAN,1,6.018,0.43,1.909,66.62,15.94
CycloneDDS,WAN,1,4.971,0.309,1.493,68.95,19.51
CycloneDDS,WAN,1,5.241,0.425,1.574,80.77,13.54
CycloneDDS,WAN,1,4.854,0.481,1.404,71.3,16.29
CycloneDDS,WAN,1,4.684,0.353,0.616,73.48,16.2
CycloneDDS,WAN,1,5.34,0.199,1.424,79.09,15.1
CycloneDDS,WAN,1,5.655,0.275,1.186,74.34,16.15
CycloneDDS,WAN,1,5.317,0.338,1.524,76.52,18.82
CycloneDDS,WAN,1,5.234,0.314,1.907,67.01,22.18
CycloneDDS,WAN,1,5.277,0.33,1.707,72.29,14.91
CycloneDDS,WAN,1,5.627,0.476,1.27,70.86,20.58
CycloneDDS,WAN,1,5.173,0.144,1.356,72.9,19.74
CycloneDDS,WAN,1,4.31,0.333,0.623,81.34,19.94
CycloneDDS,WAN,1,5.208,0.547,1.169,88.7,15.98
CycloneDDS,WAN,1,4.606,0.2,0.63,73.64,16.14
CycloneDDS,WAN,1,5.109,0.431,1.153,75.38,21.18
CycloneDDS,WAN,1,5.795,0.514,1.988,67.48,15.63
CycloneDDS,WAN,1,4.577,0.425,2.23,73.64,14.64
CycloneDDS,WAN,1,5.195,0.294,1.801,83.66,20.38
CycloneDDS,WAN,1,5.163,0.464,0.583,80.89,16.69
CycloneDDS,WAN,1,4.992,0.442,1.814,74.17,13.67
CycloneDDS,WAN,1,5.058,0.432,1.227,75.48,10.21
CycloneDDS,WAN,1,4.833,0.417,1.83,68.1,14.68
CycloneDDS,WAN,1,4.98,0.425,2.046,73.1,21.88
CycloneDDS,WAN,1,4.936,0.433,1.487,71.39,23.76
CycloneDDS,WAN,1,4.496,0.425,1.685,76.33,23.43
CycloneDDS,WAN,1,5.185,0.473,1.432,76.96,17.89
CycloneDDS,WAN,1,5.042,0.337,0.747,76.23,17.51
CycloneDDS,WAN,1,4.757,0.557,0.602,74.73,17.83
CycloneDDS,WAN,1,5.375,0.569,1.013,77.89,18.19
CycloneDDS,WAN,1,5.007,0.355,1.7,79.84,16.0
CycloneDDS,WAN,1,5.44,0.264,0.959,83.5,17.3
CycloneDDS,WAN,1,5.191,0.462,1.235,73.0,19.08
CycloneDDS,WAN,1,4.996,0.384,1.842,71.04,25.16
CycloneDDS,WAN,1,4.891,0.326,1.506,86.69,15.49
CycloneDDS,WAN,1,5.381,0.337,1.272,63.2,18.95
CycloneDDS,WAN,1,4.635,0.263,1.142,77.79,17.69
CycloneDDS,WAN,1,5.55,0.249,1.215,74.9,12.82
CycloneDDS,WAN,1,4.411,0.406,1.685,74.18,21.37
CycloneDDS,WAN,1,5.491,0.387,1.362,69.86,20.76
CycloneDDS,WAN,1,4.944,0.335,1.756,73.09,17.14
CycloneDDS,WAN,1,5.545,0.492,1.093,72.14,11.1
CycloneDDS,WAN,1,4.831,0.416,1.475,75.89,16.87
CycloneDDS,WAN,1,5.203,0.157,1.216,69.59,17.12
CycloneDDS,WAN,1,5.101,0.395,1.434,74.08,16.31
CycloneDDS,WAN,1,5.325,0.439,1.98,69.68,16.17
CycloneDDS,WAN,1,5.535,0.435,1.508,76.56,17.06
CycloneDDS,WAN,1,5.383,0.365,0.672,73.5,15.88
CycloneDDS,WAN,1,5.247,0.465,1.429,67.09,12.33
CycloneDDS,WAN,1,5.005,0.514,2.534,73.41,16.25
CycloneDDS,WAN,1,5.017,0.348,1.43,69.7,20.9
CycloneDDS,WAN,1,5.161,0.42,2.116,78.88,12.84
CycloneDDS,WAN,1,5.26,0.433,2.087,75.56,16.43
CycloneDDS,WAN,1,5.119,0.447,0.879,84.47,13.95
CycloneDDS,WAN,1,5.604,0.403,1.331,76.03,20.04
CycloneDDS,WAN,1,4.953,0.493,0.807,78.92,24.5
CycloneDDS,WAN,1,5.5,0.388,1.662,69.45,21.99
CycloneDDS,WAN,1,5.039,0.518,1.959,73.25,19.37
CycloneDDS,WAN,1,5.238,0.388,1.354,77.58,16.24
CycloneDDS,WAN,1,4.893,0.456,0.826,75.7,19.88
CycloneDDS,WAN,1,4.55,0.16,1.275,82.44,19.83
CycloneDDS,WAN,1,5.761,0.49,1.667,67.02,16.6
CycloneDDS,WAN,1,5.019,0.381,1.181,75.31,22.04
CycloneDDS,WAN,1,5.256,0.415,1.486,72.5,18.75
CycloneDDS,WAN,1,4.998,0.396,1.52,86.26,12.37
CycloneDDS,WAN,1,5.362,0.475,1.147,85.9,22.33
CycloneDDS,WAN,1,5.191,0.533,1.34,74.38,19.48
CycloneDDS,WAN,1,5.106,0.317,1.176,68.52,21.13
CycloneDDS,WAN,1,5.391,0.502,1.494,77.88,20.88
CycloneDDS,WAN,1,5.485,0.225,1.484,69.96,17.76
CycloneDDS,WAN,1,4.939,0.45,1.742,72.16,20.43
CycloneDDS,WAN,1,5.046,0.384,1.493,79.41,17.52
CycloneDDS,WAN,1,5.24,0.411,1.684,65.19,15.14
CycloneDDS,WAN,1,5.288,0.421,1.111,71.82,16.12
CycloneDDS,WAN,1,4.769,0.531,2.125,82.59,18.09
CycloneDDS,WAN,1,4.437,0.549,1.789,77.22,16.05
CycloneDDS,WAN,1,5.179,0.353,1.152,75.46,18.56
CycloneDDS,WAN,1,5.332,0.432,0.71,68.1,14.09
CycloneDDS,WAN,1,4.867,0.27,1.903,74.95,17.21
CycloneDDS,WAN,1,5.459,0.618,1.299,65.76,24.53
CycloneDDS,WAN,1,5.693,0.239,1.592,69.04,12.12
CycloneDDS,WAN,1,5.156,0.485,1.343,79.03,16.47
CycloneDDS,WAN,1,4.724,0.284,1.2,84.16,16.27
CycloneDDS,WAN,1,4.602,0.54,0.0,69.17,24.09
CycloneDDS,WAN,1,5.389,0.269,1.375,79.14,10.46
CycloneDDS,WAN,1,5.068,0.368,1.932,73.3,17.77
CycloneDDS,WAN,1,4.37,0.489,2.374,71.21,13.44
CycloneDDS,WAN,1,5.589,0.344,2.021,80.07,20.01
CycloneDDS,WAN,1,5.922,0.448,1.307,71.83,16.53
CycloneDDS,WAN,1,5.067,0.468,2.011,70.12,16.89
CycloneDDS,WAN,1,4.6,0.421,1.561,76.63,21.04
CycloneDDS,WAN,1,4.749,0.346,1.119,78.6,17.93
CycloneDDS,WAN,1,4.894,0.498,0.978,76.2,17.09
CycloneDDS,WAN,1,4.731,0.228,1.013,69.05,15.64
CycloneDDS,WAN,1,5.165,0.454,1.661,61.25,19.36
CycloneDDS,WAN,1,4.435,0.329,1.856,83.36,18.58
CycloneDDS,WAN,1,4.512,0.335,1.569,71.17,19.29
CycloneDDS,WAN,1,4.883,0.406,1.358,75.54,15.37
CycloneDDS,WAN,1,5.089,0.244,0.864,66.66,21.22
CycloneDDS,WAN,1,4.758,0.469,2.305,62.06,16.74
CycloneDDS,WAN,1,5.056,0.497,2.271,64.64,17.87
CycloneDDS,WAN,1,5.196,0.407,0.858,76.42,19.49
CycloneDDS,WAN,1,4.567,0.389,1.553,74.3,23.82
CycloneDDS,WAN,1,5.127,0.385,1.508,72.01,16.47
CycloneDDS,WAN,1,5.213,0.245,1.342,79.04,16.39
CycloneDDS,WAN,1,4.679,0.45,2.069,80.25,15.68
CycloneDDS,WAN,1,4.253,0.438,1.787,70.98,14.97
CycloneDDS,WAN,1,5.781,0.339,1.87,64.11,21.06
CycloneDDS,WAN,1,5.584,0.43,2.093,73.05,17.28
CycloneDDS,WAN,1,5.657,0.304,1.537,76.64,18.3
CycloneDDS,WAN,1,4.814,0.268,1.258,78.9,18.55
CycloneDDS,WAN,1,4.715,0.409,1.755,72.89,17.38
CycloneDDS,WAN,1,4.971,0.357,2.346,80.66,19.1
CycloneDDS,WAN,1,5.451,0.331,1.394,71.32,21.92
CycloneDDS,WAN,1,4.991,0.249,1.505,78.59,20.64
CycloneDDS,WAN,1,5.0,0.4,0.275,84.8,20.07
CycloneDDS,WAN,1,4.981,0.317,1.276,76.85,19.14
CycloneDDS,WAN,1,5.436,0.481,0.855,60.77,21.37
CycloneDDS,WAN,1,5.204,0.389,1.496,74.28,24.7
CycloneDDS,WAN,1,4.651,0.274,1.046,62.15,17.46
CycloneDDS,WAN,1,4.155,0.293,0.912,77.26,22.22
CycloneDDS,WAN,1,4.798,0.272,0.88,68.39,11.78
CycloneDDS,WAN,1,5.124,0.314,1.498,66.37,14.83
CycloneDDS,WAN,1,5.399,0.495,0.998,85.36,18.07
CycloneDDS,WAN,1,4.278,0.41,1.663,75.49,14.83
CycloneDDS,WAN,1,5.561,0.447,1.509,85.6,22.06
CycloneDDS,WAN,1,4.722,0.437,1.562,73.02,17.4
CycloneDDS,WAN,1,4.515,0.6,1.79,78.82,16.37
CycloneDDS,WAN,1,5.139,0.585,2.304,66.31,20.04
CycloneDDS,WAN,1,5.05,0.289,1.314,75.36,25.98
CycloneDDS,WAN,1,5.456,0.356,0.42,73.44,19.2
CycloneDDS,WAN,1,4.903,0.426,1.706,76.96,18.37
CycloneDDS,WAN,1,5.206,0.425,1.422,76.6,20.65
CycloneDDS,WAN,1,5.753,0.608,1.224,81.35,17.68
CycloneDDS,WAN,1,4.788,0.451,0.75,74.56,17.49
CycloneDDS,WAN,1,5.022,0.396,2.178,62.06,20.63
CycloneDDS,WAN,1,4.937,0.369,1.663,78.44,20.32
CycloneDDS,WAN,1,4.922,0.411,1.213,73.15,17.26
CycloneDDS,WAN,1,5.458,0.468,1.564,69.83,12.99
CycloneDDS,WAN,1,5.464,0.322,1.101,68.24,19.64
CycloneDDS,WAN,1,4.463,0.363,0.979,76.75,19.72
CycloneDDS,WAN,1,4.578,0.298,2.048,71.56,21.15
CycloneDDS,WAN,1,5.664,0.285,1.457,76.13,16.27
CycloneDDS,WAN,1,5.334,0.3,1.409,67.78,19.3
CycloneDDS,WAN,1,5.287,0.247,1.082,69.03,14.78
CycloneDDS,WAN,1,4.992,0.479,2.03,82.17,17.24
CycloneDDS,WAN,1,5.721,0.333,0.899,79.43,13.26
CycloneDDS,WAN,1,5.477,0.518,1.533,74.47,23.07
CycloneDDS,WAN,1,4.611,0.42,0.592,72.22,17.78
CycloneDDS,WAN,1,4.88,0.363,1.78,67.3,13.68
CycloneDDS,WAN,1,5.052,0.383,1.647,70.97,20.8
CycloneDDS,WAN,1,5.067,0.379,1.928,73.69,21.1
CycloneDDS,WAN,1,4.737,0.235,1.177,69.92,17.52
CycloneDDS,WAN,1,5.783,0.409,1.095,76.4,22.12
CycloneDDS,WAN,1,5.386,0.542,1.921,67.51,22.62
CycloneDDS,WAN,1,4.942,0.533,1.818,74.25,19.37
CycloneDDS,WAN,1,4.955,0.407,2.274,80.51,18.54
CycloneDDS,WAN,1,4.9,0.6,1.255,74.33,18.21
CycloneDDS,WAN,1,5.109,0.337,0.662,80.67,18.86
CycloneDDS,WAN,1,5.449,0.298,1.908,66.91,20.79
CycloneDDS,WAN,1,5.122,0.229,1.26,70.59,14.89
CycloneDDS,WAN,1,4.867,0.314,1.332,78.47,24.44
CycloneDDS,WAN,1,4.849,0.353,1.568,76.11,18.19
CycloneDDS,WAN,1,5.362,0.224,1.327,70.03,20.08
CycloneDDS,WAN,1,5.298,0.53,1.167,77.23,15.37
CycloneDDS,WAN,1,5.823,0.574,1.252,70.08,16.68
CycloneDDS,WAN,1,5.093,0.392,2.465,72.48,21.3
CycloneDDS,WAN,1,4.873,0.258,1.889,76.04,22.81
CycloneDDS,WAN,1,5.503,0.354,2.078,72.15,14.25
CycloneDDS,WAN,1,5.115,0.462,1.835,65.89,16.6
CycloneDDS,WAN,1,5.211,0.354,1.762,75.25,15.74
CycloneDDS,WAN,1,4.869,0.34,2.095,66.87,17.33
CycloneDDS,WAN,1,5.461,0.179,1.139,80.5,23.66
CycloneDDS,WAN,1,5.467,0.492,1.858,76.25,21.96
CycloneDDS,WAN,1,5.753,0.484,1.256,71.27,17.41
CycloneDDS,WAN,1,4.933,0.36,1.172,65.89,21.55
CycloneDDS,WAN,1,5.174,0.517,1.809,65.7,13.23
CycloneDDS,WAN,1,4.275,0.517,1.422,69.24,16.51
CycloneDDS,WAN,1,4.638,0.347,0.975,67.44,22.72
CycloneDDS,WAN,1,4.859,0.3,1.25,70.43,19.51
CycloneDDS,WAN,1,5.464,0.517,1.284,72.42,18.68
CycloneDDS,WAN,1,4.948,0.573,1.419,82.71,19.82
CycloneDDS,WAN,1,6.139,0.366,0.947,73.17,18.58
CycloneDDS,WAN,1,4.707,0.43,1.473,70.33,17.16
CycloneDDS,WAN,1,4.928,0.424,1.686,82.84,23.11
CycloneDDS,WAN,1,5.514,0.374,1.098,82.44,15.77
CycloneDDS,WAN,1,5.797,0.43,0.648,73.33,19.07
CycloneDDS,WAN,1,5.025,0.411,1.614,80.51,20.02
CycloneDDS,WAN,1,4.386,0.539,0.549,59.45,21.55
CycloneDDS,WAN,1,5.108,0.465,1.865,73.14,20.73
CycloneDDS,WAN,1,5.195,0.482,1.076,83.17,19.07
CycloneDDS,WAN,1,5.306,0.531,1.226,76.0,18.21
CycloneDDS,WAN,1,5.712,0.406,1.77,80.75,20.94
CycloneDDS,WAN,1,5.14,0.416,1.842,67.96,13.39
CycloneDDS,WAN,1,5.064,0.438,1.931,72.63,17.4
CycloneDDS,WAN,1,4.803,0.574,2.43,72.37,18.77
CycloneDDS,WAN,1,4.917,0.308,0.99,74.35,18.36
CycloneDDS,WAN,1,4.759,0.374,1.638,85.56,13.78
CycloneDDS,WAN,1,4.83,0.441,1.655,80.25,17.71
CycloneDDS,WAN,1,5.384,0.561,1.373,75.01,18.71
CycloneDDS,WAN,1,4.636,0.51,1.767,82.57,21.88
CycloneDDS,WAN,1,5.406,0.376,1.674,75.67,12.32
CycloneDDS,WAN,1,4.743,0.291,1.206,75.37,18.05
CycloneDDS,WAN,1,5.09,0.366,1.461,76.76,16.44
CycloneDDS,WAN,1,5.117,0.39,1.811,79.76,13.14
CycloneDDS,WAN,1,4.714,0.361,1.44,71.44,14.1
CycloneDDS,WAN,1,4.825,0.299,2.17,70.81,20.19
CycloneDDS,WAN,1,4.977,0.483,1.391,77.18,14.44
CycloneDDS,WAN,1,5.416,0.404,1.559,68.55,17.16
CycloneDDS,WAN,1,5.232,0.376,1.373,76.24,19.1
CycloneDDS,WAN,1,5.009,0.285,1.32,70.12,21.04
CycloneDDS,WAN,1,4.528,0.456,0.674,72.92,17.51
CycloneDDS,WAN,1,5.712,0.472,1.931,72.58,17.07
CycloneDDS,WAN,1,4.862,0.599,1.352,75.35,18.76
CycloneDDS,WAN,1,5.005,0.308,1.675,75.81,15.29
CycloneDDS,WAN,1,5.34,0.153,1.894,76.03,17.26
CycloneDDS,WAN,1,4.963,0.396,1.337,77.41,17.34
CycloneDDS,WAN,1,5.616,0.436,1.594,76.91,21.24
CycloneDDS,WAN,1,4.528,0.326,1.374,70.55,19.51
CycloneDDS,WAN,1,5.587,0.503,1.463,70.78,19.65
CycloneDDS,WAN,1,4.962,0.445,0.93,72.99,19.36
CycloneDDS,WAN,1,5.302,0.364,1.845,74.01,18.23
CycloneDDS,WAN,1,5.02,0.514,0.852,78.97,16.5
CycloneDDS,WAN,1,4.274,0.395,1.293,66.67,22.61
CycloneDDS,WAN,1,5.351,0.388,1.115,67.64,16.41
CycloneDDS,WAN,1,4.832,0.412,1.301,77.68,17.89
CycloneDDS,WAN,1,4.503,0.308,1.86,68.88,17.92
CycloneDDS,WAN,1,4.859,0.284,1.725,72.03,21.4
CycloneDDS,WAN,1,4.921,0.478,2.613,67.05,19.4
CycloneDDS,WAN,1,5.507,0.402,0.884,84.29,17.66
CycloneDDS,WAN,1,4.986,0.314,1.562,74.89,24.79
CycloneDDS,WAN,1,5.014,0.423,1.997,68.43,19.19
CycloneDDS,WAN,1,5.14,0.399,0.544,63.64,19.01
CycloneDDS,WAN,1,5.151,0.406,1.61,69.29,13.51
CycloneDDS,WAN,1,4.93,0.417,1.666,70.75,19.95
CycloneDDS,WAN,1,6.273,0.23,1.344,75.48,19.59
CycloneDDS,WAN,1,5.303,0.405,0.919,73.39,21.02
CycloneDDS,WAN,1,5.408,0.499,1.459,77.02,17.0
CycloneDDS,WAN,1,5.422,0.377,1.132,75.22,22.81
CycloneDDS,WAN,1,4.964,0.297,1.868,70.01,16.54
CycloneDDS,WAN,1,5.163,0.311,1.496,71.36,15.21
CycloneDDS,WAN,1,5.237,0.426,1.314,82.03,14.98
CycloneDDS,WAN,1,4.386,0.405,0.921,74.04,12.23
CycloneDDS,WAN,1,5.203,0.396,1.526,73.72,24.09
CycloneDDS,WAN,1,4.992,0.355,1.496,73.61,16.33
CycloneDDS,WAN,1,4.762,0.521,0.618,70.2,19.98
CycloneDDS,WAN,1,4.953,0.421,2.513,57.51,17.44
CycloneDDS,WAN,1,5.21,0.549,1.645,75.13,20.0
CycloneDDS,WAN,1,5.208,0.423,1.296,71.53,14.74
CycloneDDS,WAN,1,5.663,0.34,1.708,74.15,23.58
CycloneDDS,WAN,1,4.953,0.416,0.82,78.6,15.96
CycloneDDS,WAN,1,4.934,0.351,1.034,70.6,18.24
CycloneDDS,WAN,1,4.673,0.38,2.101,76.05,18.87
CycloneDDS,WAN,1,4.972,0.465,1.557,75.56,17.95
CycloneDDS,WAN,1,5.056,0.638,1.555,69.78,15.13
CycloneDDS,WAN,1,4.77,0.408,1.305,79.09,15.14
CycloneDDS,WAN,1,5.655,0.344,2.431,65.51,12.44
CycloneDDS,WAN,4,5.914,0.406,1.261,83.49,14.55
CycloneDDS,WAN,4,4.656,0.379,1.813,69.9,18.03
CycloneDDS,WAN,4,5.423,0.38,1.127,73.58,17.74
CycloneDDS,WAN,4,5.741,0.246,0.909,63.44,16.18
CycloneDDS,WAN,4,4.923,0.169,1.676,77.79,16.17
CycloneDDS,WAN,4,5.672,0.305,0.715,79.59,19.49
CycloneDDS,WAN,4,5.542,0.281,1.562,66.37,18.79
CycloneDDS,WAN,4,5.268,0.346,1.969,65.97,13.02
CycloneDDS,WAN,4,5.421,0.364,1.18,71.14,17.99
CycloneDDS,WAN,4,5.542,0.488,0.952,68.35,23.25
CycloneDDS,WAN,4,5.769,0.361,1.853,79.84,12.51
CycloneDDS,WAN,4,5.842,0.361,1.112,72.76,14.3
CycloneDDS,WAN,4,5.16,0.447,0.596,70.8,12.49
CycloneDDS,WAN,4,5.332,0.324,0.745,74.01,9.65
CycloneDDS,WAN,4,5.208,0.385,1.324,76.37,17.8
CycloneDDS,WAN,4,5.252,0.337,1.381,85.19,16.42
CycloneDDS,WAN,4,4.954,0.375,1.904,78.45,20.15
CycloneDDS,WAN,4,5.298,0.516,1.843,70.41,14.25
CycloneDDS,WAN,4,5.453,0.401,1.419,63.98,16.78
CycloneDDS,WAN,4,5.278,0.314,0.739,81.01,18.85
CycloneDDS,WAN,4,5.218,0.357,0.662,78.88,20.59
CycloneDDS,WAN,4,5.469,0.321,1.554,71.85,18.1
CycloneDDS,WAN,4,5.211,0.531,0.846,80.57,16.07
CycloneDDS,WAN,4,6.076,0.509,1.385,73.94,19.28
CycloneDDS,WAN,4,5.784,0.149,1.092,65.5,19.31
CycloneDDS,WAN,4,5.607,0.391,1.286,68.08,18.24
CycloneDDS,WAN,4,5.085,0.355,1.315,71.03,21.71
CycloneDDS,WAN,4,5.429,0.237,0.86,72.58,15.14
CycloneDDS,WAN,4,6.143,0.493,1.895,71.7,21.5
CycloneDDS,WAN,4,5.399,0.274,2.133,70.21,24.05
CycloneDDS,WAN,4,5.159,0.357,1.624,69.53,20.69
CycloneDDS,WAN,4,5.383,0.256,2.013,68.73,15.88
CycloneDDS,WAN,4,5.131,0.428,0.984,85.51,21.98
CycloneDDS,WAN,4,5.722,0.293,0.988,69.27,19.08
CycloneDDS,WAN,4,5.287,0.296,1.352,82.05,18.19
CycloneDDS,WAN,4,5.123,0.368,2.023,72.78,15.48
CycloneDDS,WAN,4,5.064,0.446,1.722,66.14,19.97
CycloneDDS,WAN,4,5.137,0.394,0.78,73.07,21.02
CycloneDDS,WAN,4,5.769,0.442,1.689,74.91,17.02
CycloneDDS,WAN,4,4.598,0.576,0.834,74.12,13.87
CycloneDDS,WAN,4,5.454,0.493,1.605,66.8,19.77
CycloneDDS,WAN,4,5.271,0.482,1.211,62.65,19.05
CycloneDDS,WAN,4,4.757,0.466,1.447,69.22,18.31
CycloneDDS,WAN,4,4.991,0.417,0.424,59.84,17.21
CycloneDDS,WAN,4,4.79,0.332,1.843,80.78,22.19
CycloneDDS,WAN,4,4.949,0.185,1.014,74.79,18.97
CycloneDDS,WAN,4,5.441,0.155,1.575,72.38,22.62
CycloneDDS,WAN,4,5.292,0.422,2.369,67.24,18.77
CycloneDDS,WAN,4,5.731,0.439,0.181,72.69,18.01
CycloneDDS,WAN,4,5.574,0.271,0.887,69.19,18.82
CycloneDDS,WAN,4,5.29,0.426,0.819,81.6,23.2
CycloneDDS,WAN,4,5.621,0.486,1.754,78.52,25.17
CycloneDDS,WAN,4,5.209,0.352,1.051,64.6,21.88
CycloneDDS,WAN,4,5.023,0.551,1.457,73.57,17.01
CycloneDDS,WAN,4,4.602,0.269,1.657,77.14,20.13
CycloneDDS,WAN,4,5.02,0.44,0.752,78.77,19.39
CycloneDDS,WAN,4,5.316,0.515,1.341,80.57,18.73
CycloneDDS,WAN,4,5.401,0.444,1.157,72.25,18.26
CycloneDDS,WAN,4,5.526,0.423,1.386,65.97,19.42
CycloneDDS,WAN,4,6.015,0.443,1.55,69.3,16.1
CycloneDDS,WAN,4,5.659,0.247,1.886,69.72,17.39
CycloneDDS,WAN,4,5.328,0.464,0.867,79.09,21.51
CycloneDDS,WAN,4,5.665,0.491,1.335,74.9,16.2
CycloneDDS,WAN,4,5.738,0.456,1.517,81.62,19.14
CycloneDDS,WAN,4,5.829,0.22,1.886,65.11,18.74
CycloneDDS,WAN,4,5.034,0.292,1.84,70.51,22.84
CycloneDDS,WAN,4,5.688,0.313,1.428,70.19,20.33
CycloneDDS,WAN,4,5.521,0.342,1.092,69.54,15.04
CycloneDDS,WAN,4,5.236,0.219,1.805,85.02,21.0
CycloneDDS,WAN,4,5.378,0.34,1.187,68.21,24.47
CycloneDDS,WAN,4,5.215,0.337,1.316,71.4,11.76
CycloneDDS,WAN,4,5.22,0.351,0.743,68.69,19.05
CycloneDDS,WAN,4,5.03,0.401,1.081,61.09,22.1
CycloneDDS,WAN,4,5.771,0.29,1.368,75.71,20.04
CycloneDDS,WAN,4,5.221,0.515,1.374,77.41,15.87
CycloneDDS,WAN,4,4.884,0.604,1.498,68.7,13.88
CycloneDDS,WAN,4,5.668,0.229,1.141,77.49,20.27
CycloneDDS,WAN,4,6.65,0.434,2.247,71.04,19.78
CycloneDDS,WAN,4,5.462,0.491,0.945,73.17,20.18
CycloneDDS,WAN,4,4.815,0.444,1.388,76.79,14.86
CycloneDDS,WAN,4,6.181,0.516,0.43,74.6,25.19
CycloneDDS,WAN,4,5.407,0.344,1.584,79.74,22.47
CycloneDDS,WAN,4,5.561,0.32,1.8,73.04,14.62
CycloneDDS,WAN,4,6.247,0.269,1.183,69.09,18.08
CycloneDDS,WAN,4,5.101,0.343,1.075,72.13,20.54
CycloneDDS,WAN,4,4.823,0.225,2.219,68.34,21.55
CycloneDDS,WAN,4,4.976,0.526,0.66,74.42,14.7
CycloneDDS,WAN,4,4.892,0.359,1.515,78.98,17.37
CycloneDDS,WAN,4,5.796,0.38,0.82,66.98,20.82
CycloneDDS,WAN,4,4.808,0.515,0.796,76.6,16.9
CycloneDDS,WAN,4,5.788,0.318,0.938,70.76,19.2
CycloneDDS,WAN,4,5.596,0.285,1.799,76.38,16.66
CycloneDDS,WAN,4,5.334,0.494,1.619,68.47,13.31
CycloneDDS,WAN,4,4.905,0.455,1.444,71.66,16.15
CycloneDDS,WAN,4,5.57,0.501,1.569,76.72,20.92
CycloneDDS,WAN,4,5.051,0.558,1.505,59.19,16.3
CycloneDDS,WAN,4,5.502,0.378,1.393,71.45,20.44
CycloneDDS,WAN,4,5.201,0.492,1.737,67.34,20.87
CycloneDDS,WAN,4,5.589,0.294,1.589,77.85,22.81
CycloneDDS,WAN,4,5.44,0.388,1.2,55.42,20.46
CycloneDDS,WAN,4,5.558,0.283,1.417,69.54,19.0
CycloneDDS,WAN,4,4.96,0.287,0.992,76.59,19.62
CycloneDDS,WAN,4,5.873,0.408,0.817,79.77,15.44
CycloneDDS,WAN,4,5.63,0.377,2.234,75.96,19.17
CycloneDDS,WAN,4,5.725,0.378,0.791,74.23,20.95
CycloneDDS,WAN,4,5.235,0.451,1.119,80.01,22.9
CycloneDDS,WAN,4,6.081,0.504,0.486,80.92,16.22
CycloneDDS,WAN,4,4.949,0.415,1.795,67.78,14.5
CycloneDDS,WAN,4,4.512,0.593,0.899,82.38,16.31
CycloneDDS,WAN,4,5.341,0.445,1.04,65.0,18.89
CycloneDDS,WAN,4,5.874,0.483,1.404,77.24,17.9
CycloneDDS,WAN,4,5.127,0.328,0.56,80.31,15.64
CycloneDDS,WAN,4,5.978,0.431,1.214,73.84,18.8
CycloneDDS,WAN,4,5.159,0.502,1.043,80.28,18.53
CycloneDDS,WAN,4,5.305,0.334,1.275,66.97,11.26
CycloneDDS,WAN,4,5.277,0.429,2.088,69.17,20.84
CycloneDDS,WAN,4,5.387,0.36,2.046,84.07,16.82
CycloneDDS,WAN,4,5.291,0.454,2.094,67.64,17.99
CycloneDDS,WAN,4,5.346,0.393,0.897,74.94,19.29
CycloneDDS,WAN,4,5.997,0.381,1.703,75.27,15.86
CycloneDDS,WAN,4,5.607,0.401,1.658,77.18,20.63
CycloneDDS,WAN,4,5.252,0.225,2.086,76.77,15.45
CycloneDDS,WAN,4,4.907,0.513,1.14,69.64,19.21
CycloneDDS,WAN,4,5.907,0.384,1.864,73.99,17.51
CycloneDDS,WAN,4,5.781,0.247,1.112,75.78,17.14
CycloneDDS,WAN,4,5.375,0.526,1.828,84.06,19.56
CycloneDDS,WAN,4,5.577,0.304,1.156,69.26,16.26
CycloneDDS,WAN,4,4.739,0.441,0.764,69.57,19.84
CycloneDDS,WAN,4,5.241,0.366,1.384,76.73,11.1
CycloneDDS,WAN,4,5.244,0.336,1.893,65.59,19.3
CycloneDDS,WAN,4,5.601,0.445,0.902,71.77,19.9
CycloneDDS,WAN,4,5.552,0.463,1.126,71.86,20.94
CycloneDDS,WAN,4,5.009,0.266,1.204,65.56,14.56
CycloneDDS,WAN,4,5.357,0.41,1.411,67.5,17.55
CycloneDDS,WAN,4,5.062,0.508,0.501,83.74,17.12
CycloneDDS,WAN,4,6.453,0.285,1.812,70.76,23.41
CycloneDDS,WAN,4,6.251,0.384,2.382,75.07,17.23
CycloneDDS,WAN,4,5.999,0.327,1.428,69.96,14.42
CycloneDDS,WAN,4,5.761,0.58,0.566,68.29,16.68
CycloneDDS,WAN,4,5.751,0.402,1.793,66.06,21.94
CycloneDDS,WAN,4,5.448,0.432,1.212,62.36,17.32
CycloneDDS,WAN,4,5.463,0.462,1.327,72.4,16.34
CycloneDDS,WAN,4,5.984,0.337,1.002,67.6,18.51
CycloneDDS,WAN,4,5.326,0.294,1.505,64.9,20.85
CycloneDDS,WAN,4,5.709,0.328,0.986,75.54,17.88
CycloneDDS,WAN,4,5.178,0.334,0.253,78.48,19.44
CycloneDDS,WAN,4,4.822,0.444,0.65,72.05,19.5
CycloneDDS,WAN,4,6.014,0.32,0.919,72.35,14.81
CycloneDDS,WAN,4,5.641,0.385,0.72,80.84,17.36
CycloneDDS,WAN,4,5.204,0.406,1.309,71.85,20.15
CycloneDDS,WAN,4,5.313,0.386,1.702,79.09,17.91
CycloneDDS,WAN,4,5.408,0.427,2.113,74.77,18.9
CycloneDDS,WAN,4,5.619,0.514,1.973,71.11,11.45
CycloneDDS,WAN,4,5.22,0.443,0.918,78.03,17.14
CycloneDDS,WAN,4,5.993,0.389,1.575,74.96,20.5
CycloneDDS,WAN,4,4.723,0.605,1.218,68.46,17.91
CycloneDDS,WAN,4,4.81,0.349,1.052,74.27,17.29
CycloneDDS,WAN,4,5.826,0.5,1.124,68.33,13.44
CycloneDDS,WAN,4,5.884,0.367,0.529,76.53,16.55
CycloneDDS,WAN,4,5.086,0.35,1.369,69.32,11.46
CycloneDDS,WAN,4,5.327,0.367,1.676,71.09,17.03
CycloneDDS,WAN,4,5.694,0.415,1.39,78.95,15.43
CycloneDDS,WAN,4,5.7,0.51,0.592,79.71,16.28
CycloneDDS,WAN,4,5.236,0.305,0.74,66.83,13.12
CycloneDDS,WAN,4,5.07,0.267,1.42,68.8,17.42
CycloneDDS,WAN,4,4.94,0.351,1.564,69.33,13.6
CycloneDDS,WAN,4,5.685,0.442,1.057,65.98,17.06
CycloneDDS,WAN,4,5.472,0.237,1.078,67.98,19.11
CycloneDDS,WAN,4,5.367,0.535,0.927,71.53,16.16
CycloneDDS,WAN,4,5.395,0.252,0.613,72.74,18.03
CycloneDDS,WAN,4,5.352,0.316,1.655,81.55,17.08
CycloneDDS,WAN,4,5.296,0.631,1.62,90.35,17.5
CycloneDDS,WAN,4,5.366,0.424,1.28,74.25,17.83
CycloneDDS,WAN,4,5.618,0.373,1.419,70.26,14.54
CycloneDDS,WAN,4,5.452,0.491,1.285,74.65,19.94
CycloneDDS,WAN,4,5.022,0.477,1.078,78.87,19.84
CycloneDDS,WAN,4,5.837,0.427,1.84,70.46,23.07
CycloneDDS,WAN,4,5.177,0.418,2.137,76.47,17.25
CycloneDDS,WAN,4,5.286,0.395,1.696,72.07,18.19
CycloneDDS,WAN,4,4.816,0.49,1.673,62.45,18.19
CycloneDDS,WAN,4,5.432,0.453,1.838,73.08,12.25
CycloneDDS,WAN,4,5.26,0.281,1.813,75.68,15.44
CycloneDDS,WAN,4,4.935,0.466,0.347,78.06,14.95
CycloneDDS,WAN,4,5.338,0.283,1.823,81.33,20.05
CycloneDDS,WAN,4,5.737,0.321,1.257,64.63,24.04
CycloneDDS,WAN,4,5.157,0.57,1.559,75.14,17.81
CycloneDDS,WAN,4,6.118,0.392,2.091,73.44,15.91
CycloneDDS,WAN,4,5.503,0.407,1.248,68.97,17.68
CycloneDDS,WAN,4,4.922,0.409,1.745,71.46,16.96
CycloneDDS,WAN,4,5.755,0.329,1.742,76.7,16.43
CycloneDDS,WAN,4,5.215,0.54,2.012,77.26,14.57
CycloneDDS,WAN,4,5.302,0.331,1.088,75.94,20.0
CycloneDDS,WAN,4,5.02,0.358,1.4,74.75,17.19
CycloneDDS,WAN,4,5.016,0.224,0.178,82.33,24.13
CycloneDDS,WAN,4,5.587,0.356,1.654,65.22,21.59
CycloneDDS,WAN,4,5.407,0.339,1.995,66.9,19.86
CycloneDDS,WAN,4,4.902,0.54,1.746,66.07,17.24
CycloneDDS,WAN,4,5.543,0.451,1.821,73.68,15.84
CycloneDDS,WAN,4,5.4,0.441,2.426,72.02,17.92
CycloneDDS,WAN,4,5.457,0.456,0.938,72.93,18.35
CycloneDDS,WAN,4,5.168,0.345,2.02,73.19,9.79
CycloneDDS,WAN,4,6.033,0.291,1.708,83.33,14.07
CycloneDDS,WAN,4,5.054,0.397,1.74,79.63,18.03
CycloneDDS,WAN,4,5.764,0.36,1.366,77.27,17.87
CycloneDDS,WAN,4,5.684,0.395,2.117,69.42,17.78
CycloneDDS,WAN,4,5.159,0.362,1.015,78.36,20.1
CycloneDDS,WAN,4,5.073,0.516,0.99,79.93,17.6
CycloneDDS,WAN,4,5.918,0.307,1.358,79.54,14.54
CycloneDDS,WAN,4,5.817,0.449,1.886,83.49,12.9
CycloneDDS,WAN,4,6.149,0.469,1.405,81.74,18.93
CycloneDDS,WAN,4,6.085,0.368,1.605,79.66,16.43
CycloneDDS,WAN,4,5.412,0.392,1.861,74.53,17.2
CycloneDDS,WAN,4,6.254,0.435,1.492,81.05,16.44
CycloneDDS,WAN,4,6.083,0.406,0.934,70.55,18.77
CycloneDDS,WAN,4,5.473,0.377,1.712,72.56,20.64
CycloneDDS,WAN,4,5.795,0.352,1.255,67.82,16.98
CycloneDDS,WAN,4,4.981,0.318,1.487,79.71,20.5
CycloneDDS,WAN,4,5.633,0.482,0.816,79.54,17.63
CycloneDDS,WAN,4,5.466,0.347,0.587,73.69,16.33
CycloneDDS,WAN,4,5.989,0.454,1.019,84.88,17.31
CycloneDDS,WAN,4,5.26,0.458,1.712,78.98,14.02
CycloneDDS,WAN,4,5.378,0.357,1.829,88.34,19.84
CycloneDDS,WAN,4,5.335,0.382,1.246,63.11,20.68
CycloneDDS,WAN,4,5.332,0.354,0.931,64.03,14.95
CycloneDDS,WAN,4,4.896,0.243,1.228,76.0,18.41
CycloneDDS,WAN,4,5.157,0.447,1.316,87.51,18.49
CycloneDDS,WAN,4,4.99,0.373,1.447,78.52,15.46
CycloneDDS,WAN,4,6.052,0.351,1.827,77.55,16.02
CycloneDDS,WAN,4,5.501,0.413,1.093,75.38,21.08
CycloneDDS,WAN,4,5.555,0.345,0.681,68.82,17.37
CycloneDDS,WAN,4,5.0,0.381,1.52,80.71,17.14
CycloneDDS,WAN,4,5.564,0.464,1.768,80.33,16.93
CycloneDDS,WAN,4,4.856,0.166,0.739,71.11,23.54
CycloneDDS,WAN,4,5.69,0.236,1.612,68.92,14.48
CycloneDDS,WAN,4,4.88,0.444,1.402,65.84,14.62
CycloneDDS,WAN,4,5.808,0.269,1.566,72.33,16.38
CycloneDDS,WAN,4,5.237,0.355,1.349,64.05,13.25
CycloneDDS,WAN,4,5.619,0.468,1.922,74.49,20.64
CycloneDDS,WAN,4,5.377,0.418,0.823,83.38,16.18
CycloneDDS,WAN,4,5.53,0.296,1.539,75.82,22.49
CycloneDDS,WAN,4,4.734,0.476,1.494,74.51,18.92
CycloneDDS,WAN,4,5.65,0.122,1.866,77.42,20.75
CycloneDDS,WAN,4,5.648,0.391,1.695,68.95,11.97
CycloneDDS,WAN,4,5.871,0.41,1.079,70.38,13.49
CycloneDDS,WAN,4,5.603,0.366,1.647,75.51,15.46
CycloneDDS,WAN,4,4.882,0.639,1.355,70.01,17.74
CycloneDDS,WAN,4,5.101,0.42,1.855,68.62,19.68
CycloneDDS,WAN,4,5.254,0.552,1.857,73.18,16.45
CycloneDDS,WAN,4,6.081,0.335,1.515,68.09,17.51
CycloneDDS,WAN,4,5.592,0.455,1.317,83.1,20.31
CycloneDDS,WAN,4,5.372,0.384,0.494,78.69,13.98
CycloneDDS,WAN,4,5.387,0.499,0.821,81.22,13.37
CycloneDDS,WAN,4,5.677,0.4,1.388,78.25,13.59
CycloneDDS,WAN,4,5.738,0.374,2.065,74.31,19.47
CycloneDDS,WAN,4,5.208,0.396,1.733,82.68,13.72
CycloneDDS,WAN,4,5.161,0.34,1.524,80.05,18.96
CycloneDDS,WAN,4,5.135,0.447,1.472,72.81,15.18
CycloneDDS,WAN,4,5.774,0.361,2.293,80.11,19.87
CycloneDDS,WAN,4,5.055,0.566,1.556,69.26,12.93
CycloneDDS,WAN,4,5.567,0.456,1.284,67.65,16.86
CycloneDDS,WAN,4,4.965,0.537,1.022,80.64,16.11
CycloneDDS,WAN,4,5.558,0.332,1.762,81.37,15.28
CycloneDDS,WAN,4,5.625,0.331,2.041,78.7,14.75
CycloneDDS,WAN,4,5.193,0.405,1.826,70.6,17.94
CycloneDDS,WAN,4,4.937,0.409,1.524,77.32,22.51
CycloneDDS,WAN,4,5.116,0.409,0.96,74.27,22.04
CycloneDDS,WAN,4,5.003,0.418,1.427,66.42,14.87
CycloneDDS,WAN,4,5.138,0.088,2.202,69.68,20.82
CycloneDDS,WAN,4,5.494,0.386,1.216,77.43,18.84
CycloneDDS,WAN,4,5.964,0.304,1.833,71.66,19.8
CycloneDDS,WAN,4,6.073,0.284,1.689,68.97,17.72
CycloneDDS,WAN,4,5.346,0.463,1.346,73.24,17.72
CycloneDDS,WAN,4,5.621,0.202,1.612,78.9,20.4
CycloneDDS,WAN,4,5.677,0.357,2.343,76.14,22.31
CycloneDDS,WAN,4,4.857,0.409,1.384,72.99,21.44
CycloneDDS,WAN,4,5.39,0.505,1.643,64.33,12.68
CycloneDDS,WAN,4,5.584,0.264,1.294,82.11,21.48
CycloneDDS,WAN,4,5.136,0.419,1.12,74.51,16.59
CycloneDDS,WAN,4,5.705,0.396,1.101,66.26,15.85
CycloneDDS,WAN,4,5.102,0.475,2.117,72.28,14.02
CycloneDDS,WAN,4,5.803,0.313,1.537,77.5,22.59
CycloneDDS,WAN,4,5.361,0.551,1.814,70.94,12.98
CycloneDDS,WAN,4,5.267,0.339,1.651,75.24,19.98
CycloneDDS,WAN,4,4.74,0.329,1.816,75.27,20.24
CycloneDDS,WAN,4,5.056,0.379,1.42,72.81,14.63
CycloneDDS,WAN,4,5.432,0.419,1.224,76.26,15.93
CycloneDDS,WAN,4,5.032,0.515,0.23,74.91,23.43
CycloneDDS,WAN,4,5.414,0.262,1.27,84.04,14.28
CycloneDDS,WAN,4,5.274,0.403,1.2,76.43,17.86
CycloneDDS,WAN,4,5.651,0.415,0.968,73.65,19.32
CycloneDDS,WAN,4,5.283,0.477,1.803,75.08,21.39
CycloneDDS,WAN,4,4.918,0.542,1.818,75.38,17.41
CycloneDDS,WAN,4,5.74,0.382,0.408,77.98,18.17
CycloneDDS,WAN,4,5.317,0.384,1.659,71.72,14.88
CycloneDDS,WAN,4,5.406,0.314,1.955,74.46,15.11
CycloneDDS,WAN,4,5.46,0.381,1.239,74.3,17.29
CycloneDDS,WAN,4,4.892,0.428,0.851,78.12,19.3
CycloneDDS,WAN,4,5.438,0.346,2.117,72.76,16.09
CycloneDDS,WAN,4,5.41,0.404,1.599,81.08,22.26
CycloneDDS,WAN,4,5.077,0.512,1.132,64.8,17.18
CycloneDDS,WAN,16,6.6,0.456,1.088,75.82,16.95
CycloneDDS,WAN,16,6.637,0.543,2.162,67.54,17.77
CycloneDDS,WAN,16,6.512,0.384,1.473,77.9,16.36
CycloneDDS,WAN,16,6.976,0.368,1.035,69.6,16.37
CycloneDDS,WAN,16,6.849,0.213,1.36,77.12,15.73
CycloneDDS,WAN,16,6.657,0.329,1.633,81.64,16.71
CycloneDDS,WAN,16,6.361,0.319,1.085,74.8,17.39
CycloneDDS,WAN,16,6.723,0.259,1.298,70.64,13.32
CycloneDDS,WAN,16,6.601,0.41,1.481,72.41,17.64
CycloneDDS,WAN,16,6.765,0.36,1.072,72.56,18.1
CycloneDDS,WAN,16,6.32,0.46,1.185,71.77,19.12
CycloneDDS,WAN,16,7.125,0.514,0.943,70.53,11.01
CycloneDDS,WAN,16,6.25,0.396,1.224,73.01,19.59
CycloneDDS,WAN,16,7.108,0.485,1.536,66.18,20.82
CycloneDDS,WAN,16,6.553,0.286,1.688,75.89,22.19
CycloneDDS,WAN,16,6.711,0.383,1.124,72.73,21.14
CycloneDDS,WAN,16,6.928,0.428,1.14,81.14,15.89
CycloneDDS,WAN,16,6.58,0.457,1.654,69.82,17.06
CycloneDDS,WAN,16,6.708,0.516,1.452,69.63,20.31
CycloneDDS,WAN,16,6.605,0.547,0.924,75.19,17.71
CycloneDDS,WAN,16,6.264,0.341,1.801,75.5,17.91
CycloneDDS,WAN,16,6.847,0.503,0.923,66.88,18.21
CycloneDDS,WAN,16,6.477,0.561,1.422,67.19,14.95
CycloneDDS,WAN,16,6.489,0.562,1.901,62.22,17.02
CycloneDDS,WAN,16,7.026,0.468,1.285,55.83,21.21
CycloneDDS,WAN,16,6.739,0.28,1.794,67.69,13.52
CycloneDDS,WAN,16,7.33,0.454,1.252,63.67,17.88
CycloneDDS,WAN,16,7.226,0.43,1.751,73.72,18.96
CycloneDDS,WAN,16,6.978,0.396,1.603,87.46,21.61
CycloneDDS,WAN,16,6.641,0.471,1.54,74.5,14.86
CycloneDDS,WAN,16,6.11,0.235,0.53,76.29,14.3
CycloneDDS,WAN,16,7.28,0.583,0.414,67.97,15.4
CycloneDDS,WAN,16,7.148,0.521,1.484,77.15,15.65
CycloneDDS,WAN,16,6.337,0.311,2.06,67.17,15.35
CycloneDDS,WAN,16,7.653,0.423,1.322,74.77,16.23
CycloneDDS,WAN,16,7.006,0.393,1.476,71.65,21.41
CycloneDDS,WAN,16,6.983,0.402,0.397,67.21,12.51
CycloneDDS,WAN,16,6.173,0.544,1.455,79.72,18.7
CycloneDDS,WAN,16,6.334,0.414,1.737,68.99,22.68
CycloneDDS,WAN,16,7.104,0.543,1.666,79.48,20.88
CycloneDDS,WAN,16,6.867,0.229,2.034,76.63,21.14
CycloneDDS,WAN,16,7.271,0.311,1.861,62.74,21.39
CycloneDDS,WAN,16,6.342,0.571,1.078,81.81,19.12
CycloneDDS,WAN,16,5.967,0.306,1.054,72.53,15.21
CycloneDDS,WAN,16,5.946,0.357,1.02,80.01,17.45
CycloneDDS,WAN,16,6.774,0.338,1.284,70.84,20.16
CycloneDDS,WAN,16,6.909,0.403,1.546,71.34,16.25
CycloneDDS,WAN,16,6.573,0.284,2.009,68.33,14.03
CycloneDDS,WAN,16,7.104,0.515,1.117,71.24,17.88
CycloneDDS,WAN,16,7.358,0.437,0.591,69.47,19.26
CycloneDDS,WAN,16,6.804,0.279,1.041,81.87,17.68
CycloneDDS,WAN,16,6.922,0.586,1.209,68.82,23.46
CycloneDDS,WAN,16,7.494,0.362,1.859,73.08,21.8
CycloneDDS,WAN,16,6.86,0.407,1.586,71.62,23.08
CycloneDDS,WAN,16,6.522,0.501,0.912,77.12,17.19
CycloneDDS,WAN,16,6.415,0.411,1.521,59.76,17.05
CycloneDDS,WAN,16,6.158,0.441,2.205,79.69,20.24
CycloneDDS,WAN,16,6.806,0.491,1.339,65.91,12.75
CycloneDDS,WAN,16,6.549,0.303,0.641,76.19,15.36
CycloneDDS,WAN,16,6.457,0.52,1.89,70.16,23.74
CycloneDDS,WAN,16,6.464,0.225,1.299,68.9,11.15
CycloneDDS,WAN,16,7.069,0.507,1.303,80.95,19.12
CycloneDDS,WAN,16,6.943,0.317,0.989,64.25,16.11
CycloneDDS,WAN,16,6.497,0.372,1.24,75.59,15.08
CycloneDDS,WAN,16,6.69,0.297,0.799,73.05,22.25
CycloneDDS,WAN,16,6.787,0.603,0.849,59.19,19.88
CycloneDDS,WAN,16,6.689,0.49,1.037,65.67,19.2
CycloneDDS,WAN,16,6.763,0.472,1.684,84.87,15.57
CycloneDDS,WAN,16,7.044,0.446,1.812,75.43,14.88
CycloneDDS,WAN,16,6.922,0.342,1.575,78.66,16.89
CycloneDDS,WAN,16,7.108,0.411,1.293,75.92,17.21
CycloneDDS,WAN,16,6.694,0.472,1.235,80.6,12.06
CycloneDDS,WAN,16,6.021,0.555,1.477,75.12,16.9
CycloneDDS,WAN,16,7.102,0.498,2.078,71.04,15.06
CycloneDDS,WAN,16,7.077,0.312,1.31,66.07,16.61
CycloneDDS,WAN,16,6.771,0.434,1.265,82.02,19.61
CycloneDDS,WAN,16,6.105,0.491,0.958,72.32,14.22
CycloneDDS,WAN,16,6.865,0.321,1.362,59.36,24.57
CycloneDDS,WAN,16,6.473,0.402,1.29,67.23,18.73
CycloneDDS,WAN,16,6.239,0.39,0.102,60.36,19.63
CycloneDDS,WAN,16,6.887,0.493,0.948,69.28,19.05
CycloneDDS,WAN,16,6.617,0.424,1.105,65.43,16.06
CycloneDDS,WAN,16,6.81,0.482,0.933,63.18,16.81
CycloneDDS,WAN,16,6.426,0.463,1.744,83.51,17.92
CycloneDDS,WAN,16,6.856,0.355,0.924,86.1,22.48
CycloneDDS,WAN,16,7.036,0.443,1.32,65.86,27.55
CycloneDDS,WAN,16,7.266,0.535,1.338,65.94,17.25
CycloneDDS,WAN,16,6.556,0.298,0.537,81.14,21.83
CycloneDDS,WAN,16,6.395,0.343,2.057,73.85,23.5
CycloneDDS,WAN,16,7.145,0.274,1.12,68.37,17.34
CycloneDDS,WAN,16,6.134,0.429,1.796,72.09,21.06
CycloneDDS,WAN,16,7.024,0.368,1.722,66.94,16.2
CycloneDDS,WAN,16,6.801,0.197,2.064,67.27,22.89
CycloneDDS,WAN,16,6.938,0.501,0.638,76.29,17.42
CycloneDDS,WAN,16,6.615,0.385,1.047,70.89,22.74
CycloneDDS,WAN,16,6.679,0.349,0.687,76.35,15.02
CycloneDDS,WAN,16,7.092,0.464,1.359,68.08,20.87
CycloneDDS,WAN,16,6.649,0.354,1.66,73.33,12.99
CycloneDDS,WAN,16,6.857,0.3,1.511,70.73,16.77
CycloneDDS,WAN,16,7.21,0.23,0.94,72.67,22.04
CycloneDDS,WAN,16,6.393,0.457,0.915,75.63,18.13
CycloneDDS,WAN,16,6.385,0.411,1.234,73.35,16.58
CycloneDDS,WAN,16,6.903,0.533,1.627,80.37,15.91
CycloneDDS,WAN,16,6.821,0.478,1.534,70.25,17.88
CycloneDDS,WAN,16,6.006,0.428,0.876,85.36,19.84
CycloneDDS,WAN,16,7.344,0.428,1.345,71.38,16.61
CycloneDDS,WAN,16,5.894,0.302,1.223,68.99,10.82
CycloneDDS,WAN,16,7.567,0.392,0.863,63.68,17.28
CycloneDDS,WAN,16,6.46,0.442,1.973,72.79,16.2
CycloneDDS,WAN,16,6.957,0.219,1.481,72.76,18.42
CycloneDDS,WAN,16,7.16,0.238,0.889,80.91,12.22
CycloneDDS,WAN,16,6.734,0.524,2.0,63.02,18.92
CycloneDDS,WAN,16,6.272,0.407,1.569,73.21,20.53
CycloneDDS,WAN,16,6.78,0.406,1.665,77.4,17.98
CycloneDDS,WAN,16,6.471,0.345,0.979,73.57,18.16
CycloneDDS,WAN,16,7.365,0.454,1.313,61.25,21.89
CycloneDDS,WAN,16,7.269,0.506,1.424,76.55,16.55
CycloneDDS,WAN,16,7.245,0.543,1.46,69.15,18.32
CycloneDDS,WAN,16,6.928,0.321,1.945,67.47,22.29
CycloneDDS,WAN,16,5.83,0.408,1.222,70.04,19.78
CycloneDDS,WAN,16,6.545,0.411,0.95,76.31,14.62
CycloneDDS,WAN,16,6.89,0.5,1.679,62.49,20.46
CycloneDDS,WAN,16,6.981,0.406,1.838,76.6,16.13
CycloneDDS,WAN,16,6.899,0.416,1.483,73.8,15.1
CycloneDDS,WAN,16,6.325,0.418,1.676,62.93,20.36
CycloneDDS,WAN,16,6.181,0.295,1.066,72.12,15.81
CycloneDDS,WAN,16,6.881,0.245,1.107,78.49,15.54
CycloneDDS,WAN,16,7.283,0.423,1.891,76.41,15.54
CycloneDDS,WAN,16,6.823,0.261,1.085,69.97,13.84
CycloneDDS,WAN,16,7.635,0.432,1.648,82.64,16.63
CycloneDDS,WAN,16,6.878,0.55,1.485,75.01,19.41
CycloneDDS,WAN,16,6.488,0.522,0.687,80.88,16.88
CycloneDDS,WAN,16,6.827,0.478,1.564,80.45,13.73
CycloneDDS,WAN,16,6.346,0.375,1.72,83.89,14.24
CycloneDDS,WAN,16,6.572,0.432,1.1,69.31,16.59
CycloneDDS,WAN,16,7.323,0.447,1.489,75.88,15.16
CycloneDDS,WAN,16,6.88,0.497,0.803,66.31,18.98
CycloneDDS,WAN,16,7.135,0.474,1.509,73.12,18.23
CycloneDDS,WAN,16,6.935,0.349,0.458,65.88,17.71
CycloneDDS,WAN,16,6.664,0.428,1.738,66.67,20.22
CycloneDDS,WAN,16,7.405,0.421,0.81,75.0,16.7
CycloneDDS,WAN,16,6.222,0.399,1.405,68.27,13.97
CycloneDDS,WAN,16,6.011,0.502,2.184,67.46,18.48
CycloneDDS,WAN,16,5.814,0.53,1.4,70.81,19.28
CycloneDDS,WAN,16,6.598,0.343,1.225,75.23,18.35
CycloneDDS,WAN,16,7.243,0.527,1.504,62.99,15.91
CycloneDDS,WAN,16,6.931,0.441,1.993,77.92,17.08
CycloneDDS,WAN,16,6.614,0.382,0.874,67.53,16.29
CycloneDDS,WAN,16,6.689,0.526,1.582,74.21,21.27
CycloneDDS,WAN,16,6.102,0.427,1.678,66.78,13.18
CycloneDDS,WAN,16,7.053,0.362,1.678,67.43,20.87
CycloneDDS,WAN,16,6.416,0.326,1.597,80.65,25.42
CycloneDDS,WAN,16,7.095,0.36,0.976,63.24,19.68
CycloneDDS,WAN,16,6.949,0.568,1.79,70.22,14.29
CycloneDDS,WAN,16,7.051,0.46,1.288,77.46,16.28
CycloneDDS,WAN,16,6.555,0.542,2.202,74.28,15.64
CycloneDDS,WAN,16,7.054,0.416,1.577,68.11,18.74
CycloneDDS,WAN,16,6.517,0.247,1.559,78.38,15.22
CycloneDDS,WAN,16,6.526,0.312,1.171,75.0,16.79
CycloneDDS,WAN,16,7.05,0.508,2.086,79.4,21.88
CycloneDDS,WAN,16,6.922,0.446,1.072,68.08,19.26
CycloneDDS,WAN,16,6.926,0.456,1.953,80.11,21.71
CycloneDDS,WAN,16,6.53,0.431,1.74,66.14,16.67
CycloneDDS,WAN,16,6.358,0.536,1.604,72.69,17.63
CycloneDDS,WAN,16,6.447,0.516,1.24,77.58,12.42
CycloneDDS,WAN,16,6.208,0.523,1.379,65.57,21.7
CycloneDDS,WAN,16,7.044,0.11,2.218,69.47,22.37
CycloneDDS,WAN,16,7.357,0.339,1.312,72.26,14.77
CycloneDDS,WAN,16,7.003,0.364,0.716,69.68,19.2
CycloneDDS,WAN,16,6.957,0.417,1.921,80.46,20.6
CycloneDDS,WAN,16,6.568,0.314,2.183,75.77,16.11
CycloneDDS,WAN,16,6.254,0.403,1.576,72.87,14.1
CycloneDDS,WAN,16,6.397,0.37,1.771,77.03,17.19
CycloneDDS,WAN,16,6.574,0.349,1.878,62.84,17.12
CycloneDDS,WAN,16,6.577,0.284,1.788,64.91,18.48
CycloneDDS,WAN,16,6.887,0.32,1.82,76.7,15.75
CycloneDDS,WAN,16,7.175,0.413,1.819,66.32,17.93
CycloneDDS,WAN,16,6.471,0.321,2.587,73.32,19.31
CycloneDDS,WAN,16,6.253,0.313,1.13,65.45,18.3
CycloneDDS,WAN,16,6.964,0.394,1.626,64.99,19.2
CycloneDDS,WAN,16,6.648,0.356,1.593,71.5,15.11
CycloneDDS,WAN,16,6.355,0.42,1.737,82.42,19.61
CycloneDDS,WAN,16,6.58,0.305,1.298,86.48,17.45
CycloneDDS,WAN,16,6.258,0.342,1.381,78.65,19.63
CycloneDDS,WAN,16,6.679,0.508,1.059,62.76,21.63
CycloneDDS,WAN,16,6.487,0.476,1.248,73.85,20.72
CycloneDDS,WAN,16,6.977,0.481,1.585,64.26,21.57
CycloneDDS,WAN,16,6.941,0.427,1.404,72.43,19.31
CycloneDDS,WAN,16,7.091,0.633,0.852,76.44,16.68
CycloneDDS,WAN,16,6.766,0.423,1.302,68.64,17.68
CycloneDDS,WAN,16,7.053,0.418,1.554,66.75,12.97
CycloneDDS,WAN,16,6.548,0.38,0.991,80.66,19.55
CycloneDDS,WAN,16,6.98,0.371,2.091,63.57,16.42
CycloneDDS,WAN,16,6.418,0.26,1.108,70.3,17.58
CycloneDDS,WAN,16,6.963,0.447,0.998,68.73,18.9
CycloneDDS,WAN,16,7.028,0.419,1.439,63.0,13.35
CycloneDDS,WAN,16,7.458,0.342,1.343,71.71,18.33
CycloneDDS,WAN,16,6.257,0.496,1.58,67.62,21.12
CycloneDDS,WAN,16,6.81,0.35,0.819,72.3,18.98
CycloneDDS,WAN,16,6.632,0.462,1.039,66.53,22.9
CycloneDDS,WAN,16,6.338,0.295,0.806,73.89,18.62
CycloneDDS,WAN,16,6.665,0.198,1.335,75.69,8.97
CycloneDDS,WAN,16,6.511,0.222,0.854,67.22,21.83
CycloneDDS,WAN,16,6.706,0.568,1.412,73.88,20.01
CycloneDDS,WAN,16,6.383,0.338,1.461,72.65,16.41
CycloneDDS,WAN,16,6.83,0.414,1.651,60.54,16.47
CycloneDDS,WAN,16,6.555,0.537,0.712,79.22,16.43
CycloneDDS,WAN,16,7.207,0.439,2.461,72.34,14.32
CycloneDDS,WAN,16,6.437,0.447,1.894,64.59,15.38
CycloneDDS,WAN,16,6.912,0.443,2.289,67.72,20.72
CycloneDDS,WAN,16,6.444,0.292,1.618,68.95,21.09
CycloneDDS,WAN,16,7.433,0.435,1.194,74.34,15.32
CycloneDDS,WAN,16,6.472,0.396,1.42,78.95,16.34
CycloneDDS,WAN,16,6.906,0.515,0.629,68.69,19.81
CycloneDDS,WAN,16,7.396,0.42,1.562,66.92,17.18
CycloneDDS,WAN,16,6.435,0.437,0.943,76.24,20.44
CycloneDDS,WAN,16,6.722,0.321,1.115,66.69,20.81
CycloneDDS,WAN,16,6.787,0.394,1.361,70.18,18.35
CycloneDDS,WAN,16,6.45,0.609,1.742,72.22,16.32
CycloneDDS,WAN,16,6.37,0.388,0.896,77.99,21.61
CycloneDDS,WAN,16,6.581,0.36,1.544,59.8,11.05
CycloneDDS,WAN,16,7.153,0.396,1.642,64.54,18.95
CycloneDDS,WAN,16,6.296,0.492,1.455,73.95,16.43
CycloneDDS,WAN,16,7.038,0.639,2.308,61.03,20.64
CycloneDDS,WAN,16,6.911,0.428,1.931,65.97,20.57
CycloneDDS,WAN,16,6.687,0.468,0.707,65.89,16.82
CycloneDDS,WAN,16,6.596,0.396,1.251,76.43,20.42
CycloneDDS,WAN,16,6.571,0.298,1.536,70.67,12.59
CycloneDDS,WAN,16,6.234,0.568,1.747,63.49,18.87
CycloneDDS,WAN,16,6.678,0.301,1.811,78.76,20.48
CycloneDDS,WAN,16,6.46,0.584,1.188,82.6,14.38
CycloneDDS,WAN,16,7.066,0.464,0.791,71.8,18.26
CycloneDDS,WAN,16,6.61,0.435,1.55,79.18,13.78
CycloneDDS,WAN,16,7.002,0.382,0.704,81.07,14.65
CycloneDDS,WAN,16,6.632,0.487,1.475,70.9,16.25
CycloneDDS,WAN,16,7.051,0.43,1.621,67.26,15.66
CycloneDDS,WAN,16,6.752,0.431,1.735,79.34,16.01
CycloneDDS,WAN,16,6.948,0.376,1.042,75.66,17.07
CycloneDDS,WAN,16,6.753,0.328,1.546,70.54,11.37
CycloneDDS,WAN,16,6.472,0.424,1.59,69.13,22.76
CycloneDDS,WAN,16,6.701,0.383,0.969,77.57,11.67
CycloneDDS,WAN,16,6.81,0.275,1.76,64.95,16.17
CycloneDDS,WAN,16,6.59,0.441,1.981,69.09,17.51
CycloneDDS,WAN,16,6.836,0.427,1.651,76.86,19.87
CycloneDDS,WAN,16,6.606,0.31,1.504,69.6,17.52
CycloneDDS,WAN,16,7.085,0.372,1.218,67.38,18.19
CycloneDDS,WAN,16,7.719,0.368,1.023,68.55,21.95
CycloneDDS,WAN,16,7.138,0.541,0.92,70.67,16.47
CycloneDDS,WAN,16,7.038,0.454,1.685,75.93,15.69
CycloneDDS,WAN,16,6.748,0.402,1.341,73.73,14.72
CycloneDDS,WAN,16,7.122,0.228,1.213,68.73,17.94
CycloneDDS,WAN,16,6.519,0.449,1.486,76.93,16.25
CycloneDDS,WAN,16,6.396,0.447,1.603,71.2,18.47
CycloneDDS,WAN,16,6.782,0.385,0.515,66.7,19.62
CycloneDDS,WAN,16,6.479,0.502,1.701,78.0,17.35
CycloneDDS,WAN,16,6.745,0.461,1.679,73.96,10.46
CycloneDDS,WAN,16,6.08,0.336,1.688,73.45,19.94
CycloneDDS,WAN,16,7.44,0.443,1.137,73.38,22.85
CycloneDDS,WAN,16,6.684,0.401,1.622,69.32,16.72
CycloneDDS,WAN,16,6.567,0.451,1.283,71.21,18.44
CycloneDDS,WAN,16,7.106,0.404,1.684,73.32,22.03
CycloneDDS,WAN,16,6.937,0.43,1.082,70.65,24.75
CycloneDDS,WAN,16,7.148,0.374,0.0,66.81,18.35
CycloneDDS,WAN,16,6.631,0.377,1.522,85.29,18.51
CycloneDDS,WAN,16,6.973,0.306,1.029,82.72,15.05
CycloneDDS,WAN,16,6.747,0.476,0.97,77.95,22.37
CycloneDDS,WAN,16,6.605,0.274,1.325,71.15,16.71
CycloneDDS,WAN,16,6.499,0.431,1.299,78.94,21.0
CycloneDDS,WAN,16,6.95,0.47,1.212,67.48,21.79
CycloneDDS,WAN,16,6.898,0.257,0.77,74.94,16.14
CycloneDDS,WAN,16,6.996,0.377,1.287,69.33,18.41
CycloneDDS,WAN,16,6.644,0.389,1.215,67.47,15.83
CycloneDDS,WAN,16,6.956,0.502,1.133,77.39,17.52
CycloneDDS,WAN,16,7.264,0.421,0.749,72.2,23.52
CycloneDDS,WAN,16,6.83,0.249,1.84,72.04,18.0
CycloneDDS,WAN,16,7.189,0.352,1.641,81.55,19.77
CycloneDDS,WAN,16,7.198,0.299,0.712,73.25,21.55
CycloneDDS,WAN,16,6.985,0.537,1.625,61.13,17.26
CycloneDDS,WAN,16,6.597,0.386,1.13,67.78,16.38
CycloneDDS,WAN,16,7.322,0.448,0.965,71.82,16.17
CycloneDDS,WAN,16,6.607,0.336,1.569,82.46,21.02
CycloneDDS,WAN,16,6.18,0.408,1.984,78.5,21.54
CycloneDDS,WAN,16,6.242,0.525,1.06,76.01,16.02
CycloneDDS,WAN,16,5.5,0.461,1.281,75.82,16.67
CycloneDDS,WAN,16,6.49,0.517,1.103,64.45,15.46
CycloneDDS,WAN,16,6.256,0.309,1.446,67.68,17.96
CycloneDDS,WAN,16,6.423,0.479,0.929,80.78,13.88
CycloneDDS,WAN,16,6.898,0.465,1.353,76.8,23.82
CycloneDDS,WAN,16,6.367,0.393,1.65,72.62,16.17
CycloneDDS,WAN,16,7.216,0.552,0.833,82.11,18.56
CycloneDDS,WAN,16,6.872,0.257,0.924,71.06,16.74
CycloneDDS,WAN,16,6.457,0.316,1.777,63.31,14.83
CycloneDDS,WAN,16,6.976,0.372,2.165,72.97,16.21
CycloneDDS,WAN,16,7.081,0.387,1.464,61.66,16.16
CycloneDDS,WAN,16,6.664,0.516,0.98,68.25,18.79
CycloneDDS,WAN,16,7.041,0.282,0.746,68.8,15.92
CycloneDDS,WAN,16,6.675,0.479,1.536,71.87,17.26
CycloneDDS,WAN,16,6.684,0.393,0.459,68.16,20.62
CycloneDDS,WAN,16,6.477,0.473,0.713,74.04,14.87
CycloneDDS,WAN,16,7.223,0.366,1.723,76.7,19.0
CycloneDDS,WAN,64,11.568,0.356,1.896,52.09,19.22
CycloneDDS,WAN,64,11.478,0.467,1.384,65.85,21.23
CycloneDDS,WAN,64,11.925,0.428,1.739,65.85,16.51
CycloneDDS,WAN,64,11.261,0.359,1.493,68.68,17.25
CycloneDDS,WAN,64,12.014,0.426,1.123,73.46,20.26
CycloneDDS,WAN,64,12.282,0.401,0.902,68.61,20.98
CycloneDDS,WAN,64,12.446,0.619,1.511,70.87,16.6
CycloneDDS,WAN,64,12.296,0.463,1.285,69.14,21.92
CycloneDDS,WAN,64,11.706,0.236,1.282,72.55,18.35
CycloneDDS,WAN,64,12.506,0.453,1.882,73.51,17.96
CycloneDDS,WAN,64,11.835,0.432,0.447,72.04,21.09
CycloneDDS,WAN,64,12.235,0.35,1.898,74.77,24.03
CycloneDDS,WAN,64,12.76,0.544,1.087,72.18,17.71
CycloneDDS,WAN,64,11.691,0.482,1.215,61.05,19.37
CycloneDDS,WAN,64,11.854,0.285,0.588,69.74,16.94
CycloneDDS,WAN,64,12.267,0.445,1.531,77.74,15.44
CycloneDDS,WAN,64,12.18,0.391,0.751,67.22,20.02
CycloneDDS,WAN,64,12.335,0.154,1.575,72.27,23.22
CycloneDDS,WAN,64,12.03,0.494,2.231,79.95,13.04
CycloneDDS,WAN,64,12.094,0.299,1.819,69.07,19.06
CycloneDDS,WAN,64,11.608,0.528,2.029,66.36,12.61
CycloneDDS,WAN,64,11.547,0.407,0.885,67.28,15.98
CycloneDDS,WAN,64,11.952,0.365,1.086,71.55,16.48
CycloneDDS,WAN,64,12.298,0.294,1.33,66.08,17.56
CycloneDDS,WAN,64,12.359,0.232,1.201,68.78,22.64
CycloneDDS,WAN,64,12.189,0.264,1.774,62.61,14.46
CycloneDDS,WAN,64,12.292,0.445,1.359,67.1,14.8
CycloneDDS,WAN,64,11.844,0.487,0.919,53.72,16.63
CycloneDDS,WAN,64,11.723,0.462,1.438,70.35,20.01
CycloneDDS,WAN,64,11.737,0.3,1.096,68.26,23.01
CycloneDDS,WAN,64,12.355,0.129,1.32,68.03,14.44
CycloneDDS,WAN,64,11.913,0.402,0.867,72.98,10.09
CycloneDDS,WAN,64,11.696,0.418,1.907,72.82,18.25
CycloneDDS,WAN,64,12.237,0.314,1.365,71.03,20.84
CycloneDDS,WAN,64,11.425,0.461,0.958,70.77,22.15
CycloneDDS,WAN,64,12.285,0.348,0.91,69.29,17.75
CycloneDDS,WAN,64,11.855,0.354,0.94,61.25,19.48
CycloneDDS,WAN,64,12.134,0.454,1.574,66.33,20.03
CycloneDDS,WAN,64,11.819,0.398,1.907,62.16,18.44
CycloneDDS,WAN,64,11.805,0.365,1.444,66.39,18.42
CycloneDDS,WAN,64,12.113,0.462,2.341,70.95,18.73
CycloneDDS,WAN,64,11.743,0.363,1.094,61.83,15.93
CycloneDDS,WAN,64,12.842,0.419,1.168,66.94,13.34
CycloneDDS,WAN,64,12.632,0.304,1.159,75.48,19.24
CycloneDDS,WAN,64,12.081,0.228,1.548,74.34,18.31
CycloneDDS,WAN,64,12.152,0.522,1.423,62.57,21.37
CycloneDDS,WAN,64,11.963,0.159,1.501,70.3,20.14
CycloneDDS,WAN,64,11.883,0.404,1.283,68.14,19.83
CycloneDDS,WAN,64,11.831,0.498,1.048,71.22,19.96
CycloneDDS,WAN,64,11.97,0.31,0.387,65.66,19.24
CycloneDDS,WAN,64,12.004,0.385,1.533,68.81,20.36
CycloneDDS,WAN,64,11.8,0.478,1.794,70.81,16.75
CycloneDDS,WAN,64,11.787,0.285,0.623,66.62,15.99
CycloneDDS,WAN,64,12.287,0.353,1.25,75.29,23.83
CycloneDDS,WAN,64,11.984,0.285,1.866,72.97,20.35
CycloneDDS,WAN,64,12.411,0.355,1.3,68.14,18.89
CycloneDDS,WAN,64,12.25,0.459,1.055,56.52,20.39
CycloneDDS,WAN,64,11.492,0.347,2.454,66.26,13.76
CycloneDDS,WAN,64,11.955,0.394,1.027,57.68,14.76
CycloneDDS,WAN,64,11.778,0.359,1.918,66.11,11.28
CycloneDDS,WAN,64,12.075,0.383,1.999,76.48,15.07
CycloneDDS,WAN,64,12.173,0.452,0.572,66.03,20.6
CycloneDDS,WAN,64,12.248,0.327,1.409,75.5,19.27
CycloneDDS,WAN,64,11.758,0.319,2.321,70.48,13.72
CycloneDDS,WAN,64,12.346,0.379,1.214,69.42,13.6
CycloneDDS,WAN,64,12.718,0.506,1.694,63.06,20.58
CycloneDDS,WAN,64,12.33,0.327,1.399,77.2,20.91
CycloneDDS,WAN,64,12.599,0.34,0.63,74.33,16.58
CycloneDDS,WAN,64,12.177,0.445,1.759,63.02,14.93
CycloneDDS,WAN,64,11.806,0.325,0.8,68.23,17.52
CycloneDDS,WAN,64,12.007,0.322,1.059,78.95,16.27
CycloneDDS,WAN,64,12.773,0.531,1.159,64.58,26.76
CycloneDDS,WAN,64,11.774,0.333,0.734,72.32,13.24
CycloneDDS,WAN,64,12.465,0.487,1.425,67.27,14.21
CycloneDDS,WAN,64,11.502,0.322,1.796,75.33,16.2
CycloneDDS,WAN,64,11.519,0.396,1.979,65.56,19.34
CycloneDDS,WAN,64,12.103,0.356,1.623,67.01,20.72
CycloneDDS,WAN,64,12.505,0.397,0.499,65.61,19.22
CycloneDDS,WAN,64,11.744,0.263,1.658,73.38,13.57
CycloneDDS,WAN,64,11.837,0.282,1.61,68.18,15.43
CycloneDDS,WAN,64,12.331,0.34,1.665,71.14,20.28
CycloneDDS,WAN,64,11.293,0.492,0.622,72.09,15.26
CycloneDDS,WAN,64,12.108,0.368,1.754,68.33,9.87
CycloneDDS,WAN,64,12.156,0.384,0.993,67.71,13.86
CycloneDDS,WAN,64,12.078,0.308,1.658,63.84,20.91
CycloneDDS,WAN,64,11.921,0.251,1.292,73.63,18.95
CycloneDDS,WAN,64,11.677,0.381,0.783,64.1,15.79
CycloneDDS,WAN,64,12.185,0.297,0.579,66.61,20.64
CycloneDDS,WAN,64,12.212,0.367,0.722,78.03,21.41
CycloneDDS,WAN,64,11.622,0.314,2.0,68.89,15.06
CycloneDDS,WAN,64,11.82,0.524,1.232,50.77,17.21
CycloneDDS,WAN,64,11.692,0.443,0.454,70.54,19.02
CycloneDDS,WAN,64,11.818,0.433,2.115,65.47,17.07
CycloneDDS,WAN,64,11.924,0.473,1.299,74.14,14.79
CycloneDDS,WAN,64,12.514,0.426,1.025,61.71,16.68
CycloneDDS,WAN,64,12.359,0.334,1.585,66.72,22.18
CycloneDDS,WAN,64,12.678,0.317,0.868,69.09,20.23
CycloneDDS,WAN,64,11.588,0.489,1.425,66.76,14.68
CycloneDDS,WAN,64,12.401,0.308,1.971,60.28,13.69
CycloneDDS,WAN,64,11.708,0.41,0.728,68.05,18.22
CycloneDDS,WAN,64,11.214,0.321,2.246,65.85,16.22
CycloneDDS,WAN,64,12.074,0.317,2.072,71.85,18.11
CycloneDDS,WAN,64,12.106,0.153,1.181,72.37,15.26
CycloneDDS,WAN,64,11.709,0.362,1.725,69.12,18.5
CycloneDDS,WAN,64,12.823,0.621,2.143,71.87,18.01
CycloneDDS,WAN,64,11.963,0.449,1.446,69.46,17.08
CycloneDDS,WAN,64,12.508,0.247,1.116,67.0,20.88
CycloneDDS,WAN,64,12.425,0.487,2.263,58.09,10.31
CycloneDDS,WAN,64,12.717,0.411,1.38,79.98,18.15
CycloneDDS,WAN,64,11.788,0.366,1.362,66.1,21.68
CycloneDDS,WAN,64,12.13,0.311,1.083,77.38,21.07
CycloneDDS,WAN,64,12.553,0.447,1.514,57.09,20.43
CycloneDDS,WAN,64,12.513,0.232,1.847,73.93,15.97
CycloneDDS,WAN,64,12.349,0.387,1.578,71.75,18.99
CycloneDDS,WAN,64,11.399,0.457,2.068,70.76,24.42
CycloneDDS,WAN,64,12.633,0.474,2.181,65.28,19.23
CycloneDDS,WAN,64,12.39,0.334,0.985,69.48,19.79
CycloneDDS,WAN,64,12.553,0.264,1.954,66.64,20.38
CycloneDDS,WAN,64,12.035,0.315,1.545,66.7,15.58
CycloneDDS,WAN,64,11.845,0.434,1.828,74.5,17.94
CycloneDDS,WAN,64,12.55,0.459,1.398,70.82,17.16
CycloneDDS,WAN,64,12.202,0.492,1.177,80.5,18.29
CycloneDDS,WAN,64,12.097,0.333,0.767,61.06,16.77
CycloneDDS,WAN,64,11.466,0.342,1.277,70.65,12.62
CycloneDDS,WAN,64,12.016,0.318,2.33,71.79,17.53
CycloneDDS,WAN,64,11.772,0.399,1.801,67.05,18.05
CycloneDDS,WAN,64,11.814,0.28,1.016,77.04,13.7
CycloneDDS,WAN,64,12.813,0.501,1.221,74.49,20.55
CycloneDDS,WAN,64,12.402,0.291,1.751,75.92,14.77
CycloneDDS,WAN,64,12.379,0.263,0.599,74.62,17.93
CycloneDDS,WAN,64,12.288,0.526,1.425,62.29,19.45
CycloneDDS,WAN,64,11.64,0.125,1.972,71.6,14.63
CycloneDDS,WAN,64,12.118,0.315,1.223,73.05,20.51
CycloneDDS,WAN,64,11.995,0.507,1.224,71.36,13.44
CycloneDDS,WAN,64,11.948,0.234,0.721,74.07,17.91
CycloneDDS,WAN,64,11.738,0.481,1.409,75.68,15.32
CycloneDDS,WAN,64,12.144,0.399,1.704,64.14,18.04
CycloneDDS,WAN,64,11.678,0.538,1.359,69.48,15.39
CycloneDDS,WAN,64,12.25,0.085,1.982,71.91,13.61
CycloneDDS,WAN,64,12.014,0.507,1.641,61.85,19.5
CycloneDDS,WAN,64,12.472,0.39,1.174,77.12,13.43
CycloneDDS,WAN,64,11.839,0.475,1.426,60.2,16.7
CycloneDDS,WAN,64,12.249,0.504,1.513,65.34,18.17
CycloneDDS,WAN,64,12.473,0.493,1.337,63.0,19.84
CycloneDDS,WAN,64,11.855,0.54,2.08,85.33,18.18
CycloneDDS,WAN,64,12.011,0.322,0.833,79.33,14.6
CycloneDDS,WAN,64,11.79,0.358,1.145,81.87,14.9
CycloneDDS,WAN,64,11.668,0.419,1.125,65.78,13.87
CycloneDDS,WAN,64,11.71,0.363,1.145,67.71,20.28
CycloneDDS,WAN,64,12.207,0.305,1.329,77.04,18.8
CycloneDDS,WAN,64,11.732,0.39,3.097,77.8,13.05
CycloneDDS,WAN,64,11.528,0.404,2.132,67.7,15.23
CycloneDDS,WAN,64,12.944,0.402,1.821,65.55,23.66
CycloneDDS,WAN,64,12.265,0.46,1.188,71.33,14.52
CycloneDDS,WAN,64,12.171,0.331,0.598,74.42,16.62
CycloneDDS,WAN,64,12.162,0.567,1.857,72.48,14.45
CycloneDDS,WAN,64,12.295,0.384,1.779,73.22,17.65
CycloneDDS,WAN,64,11.856,0.494,1.257,76.96,18.03
CycloneDDS,WAN,64,11.737,0.355,2.405,70.31,22.65
CycloneDDS,WAN,64,12.294,0.309,0.692,59.39,16.03
CycloneDDS,WAN,64,12.074,0.352,0.891,57.99,14.27
CycloneDDS,WAN,64,12.512,0.235,2.569,71.14,23.7
CycloneDDS,WAN,64,11.844,0.312,1.557,69.26,16.16
CycloneDDS,WAN,64,11.593,0.56,1.178,71.57,21.43
CycloneDDS,WAN,64,11.814,0.505,1.962,64.88,16.47
CycloneDDS,WAN,64,11.59,0.318,0.777,65.69,20.94
CycloneDDS,WAN,64,12.199,0.158,1.29,70.16,13.62
CycloneDDS,WAN,64,12.058,0.405,0.849,66.62,22.48
CycloneDDS,WAN,64,12.063,0.249,1.426,76.71,19.58
CycloneDDS,WAN,64,12.235,0.267,1.021,69.14,19.62
CycloneDDS,WAN,64,12.113,0.45,1.713,63.12,19.06
CycloneDDS,WAN,64,12.16,0.257,0.862,59.75,19.9
CycloneDDS,WAN,64,11.811,0.391,1.333,70.26,17.2
CycloneDDS,WAN,64,12.565,0.168,1.753,71.66,14.86
CycloneDDS,WAN,64,12.498,0.592,1.469,78.4,21.98
CycloneDDS,WAN,64,11.756,0.419,2.07,64.36,19.2
CycloneDDS,WAN,64,11.934,0.328,1.34,74.52,12.36
CycloneDDS,WAN,64,12.379,0.44,1.395,67.74,22.8
CycloneDDS,WAN,64,12.102,0.378,0.704,64.94,18.76
CycloneDDS,WAN,64,12.501,0.48,1.137,61.51,24.97
CycloneDDS,WAN,64,12.425,0.355,1.775,62.23,20.77
CycloneDDS,WAN,64,11.714,0.357,1.653,66.99,19.55
CycloneDDS,WAN,64,12.442,0.309,1.311,60.9,18.02
CycloneDDS,WAN,64,11.337,0.196,1.232,64.44,20.41
CycloneDDS,WAN,64,11.681,0.519,1.948,60.29,19.15
CycloneDDS,WAN,64,11.673,0.475,1.863,61.75,15.01
CycloneDDS,WAN,64,11.762,0.361,1.194,66.83,14.34
CycloneDDS,WAN,64,12.178,0.514,1.674,72.39,21.75
CycloneDDS,WAN,64,12.344,0.478,0.383,66.31,13.78
CycloneDDS,WAN,64,12.039,0.401,1.42,66.75,17.34
CycloneDDS,WAN,64,12.132,0.37,1.319,71.91,22.85
CycloneDDS,WAN,64,11.847,0.25,0.995,61.28,16.94
CycloneDDS,WAN,64,12.141,0.431,1.692,64.53,24.05
CycloneDDS,WAN,64,12.402,0.265,0.8,67.34,19.18
CycloneDDS,WAN,64,11.239,0.26,2.162,71.34,19.98
CycloneDDS,WAN,64,12.318,0.478,0.527,71.74,23.65
CycloneDDS,WAN,64,11.48,0.426,1.005,74.66,17.4
CycloneDDS,WAN,64,12.186,0.304,1.002,59.13,19.54
CycloneDDS,WAN,64,11.784,0.46,2.007,68.92,19.58
CycloneDDS,WAN,64,11.991,0.658,1.043,74.53,19.93
CycloneDDS,WAN,64,11.413,0.365,1.424,71.5,18.26
CycloneDDS,WAN,64,11.878,0.499,1.134,71.63,16.57
CycloneDDS,WAN,64,12.294,0.382,1.486,64.79,18.58
CycloneDDS,WAN,64,12.48,0.484,1.34,55.67,18.61
CycloneDDS,WAN,64,11.655,0.246,1.621,63.78,14.84
CycloneDDS,WAN,64,12.1,0.456,2.764,76.26,24.79
CycloneDDS,WAN,64,11.658,0.239,1.032,76.92,21.78
CycloneDDS,WAN,64,12.369,0.431,2.124,66.66,11.2
CycloneDDS,WAN,64,12.301,0.513,1.431,73.34,17.39
CycloneDDS,WAN,64,12.154,0.367,0.787,65.83,20.71
CycloneDDS,WAN,64,11.725,0.369,1.522,70.09,19.72
CycloneDDS,WAN,64,11.824,0.472,1.149,61.95,19.93
CycloneDDS,WAN,64,12.162,0.249,0.702,58.89,19.2
CycloneDDS,WAN,64,12.184,0.311,1.126,67.47,20.46
CycloneDDS,WAN,64,12.013,0.57,0.697,70.12,20.0
CycloneDDS,WAN,64,11.733,0.478,1.619,75.98,23.45
CycloneDDS,WAN,64,12.207,0.298,1.006,76.11,20.23
CycloneDDS,WAN,64,12.276,0.436,1.141,70.71,18.15
CycloneDDS,WAN,64,11.931,0.435,2.01,67.24,17.69
CycloneDDS,WAN,64,11.286,0.312,1.64,71.78,21.9
CycloneDDS,WAN,64,12.312,0.257,1.979,72.48,16.13
CycloneDDS,WAN,64,12.629,0.323,1.405,64.35,16.18
CycloneDDS,WAN,64,12.237,0.402,2.029,72.02,14.4
CycloneDDS,WAN,64,11.788,0.398,1.357,82.96,19.35
CycloneDDS,WAN,64,12.293,0.401,1.702,71.02,18.26
CycloneDDS,WAN,64,11.674,0.377,1.913,62.08,15.52
CycloneDDS,WAN,64,12.125,0.412,0.966,60.68,11.93
CycloneDDS,WAN,64,11.984,0.599,2.217,60.36,16.4
CycloneDDS,WAN,64,12.084,0.362,1.731,71.37,19.34
CycloneDDS,WAN,64,11.608,0.457,1.115,60.34,21.96
CycloneDDS,WAN,64,11.475,0.472,1.789,71.84,17.61
CycloneDDS,WAN,64,12.425,0.346,0.936,68.33,17.3
CycloneDDS,WAN,64,12.267,0.359,1.118,70.55,18.38
CycloneDDS,WAN,64,11.876,0.394,0.618,62.14,22.6
CycloneDDS,WAN,64,12.472,0.315,1.709,78.03,16.89
CycloneDDS,WAN,64,12.102,0.443,2.323,81.86,20.08
CycloneDDS,WAN,64,11.658,0.345,1.486,75.44,14.08
CycloneDDS,WAN,64,12.308,0.29,1.354,71.52,19.68
CycloneDDS,WAN,64,12.291,0.486,1.528,71.24,19.88
CycloneDDS,WAN,64,12.484,0.516,1.968,62.69,17.98
CycloneDDS,WAN,64,11.912,0.33,1.504,66.25,21.31
CycloneDDS,WAN,64,12.08,0.185,1.493,60.06,16.91
CycloneDDS,WAN,64,11.801,0.286,1.829,75.98,11.14
CycloneDDS,WAN,64,12.264,0.224,0.721,71.37,14.59
CycloneDDS,WAN,64,11.449,0.261,2.112,72.89,16.86
CycloneDDS,WAN,64,11.946,0.366,1.233,77.71,14.84
CycloneDDS,WAN,64,12.11,0.267,1.841,62.65,21.38
CycloneDDS,WAN,64,12.175,0.285,1.005,70.57,18.98
CycloneDDS,WAN,64,11.977,0.359,1.246,64.56,18.23
CycloneDDS,WAN,64,11.808,0.441,2.516,70.29,18.75
CycloneDDS,WAN,64,13.008,0.462,1.488,68.14,20.14
CycloneDDS,WAN,64,12.465,0.526,1.36,59.87,17.49
CycloneDDS,WAN,64,12.589,0.444,1.609,72.48,15.2
CycloneDDS,WAN,64,12.437,0.388,0.831,60.51,14.36
CycloneDDS,WAN,64,12.551,0.52,1.8,63.88,13.43
CycloneDDS,WAN,64,12.012,0.435,1.331,71.0,21.13
CycloneDDS,WAN,64,11.853,0.421,0.513,64.5,18.28
CycloneDDS,WAN,64,12.394,0.471,1.991,70.24,12.82
CycloneDDS,WAN,64,11.701,0.389,1.341,75.5,19.83
CycloneDDS,WAN,64,11.93,0.399,1.298,67.39,21.41
CycloneDDS,WAN,64,11.532,0.558,1.552,72.62,20.09
CycloneDDS,WAN,64,11.913,0.377,0.997,62.05,23.25
CycloneDDS,WAN,64,11.244,0.317,1.764,68.43,9.12
CycloneDDS,WAN,64,12.537,0.379,1.392,71.06,15.27
CycloneDDS,WAN,64,12.439,0.344,1.804,69.56,20.76
CycloneDDS,WAN,64,11.794,0.492,0.652,74.72,17.3
CycloneDDS,WAN,64,11.792,0.351,1.59,78.76,19.23
CycloneDDS,WAN,64,12.66,0.577,1.288,73.98,22.08
CycloneDDS,WAN,64,11.856,0.433,1.34,67.11,20.31
CycloneDDS,WAN,64,11.886,0.362,2.029,64.87,16.27
CycloneDDS,WAN,64,11.908,0.416,1.391,71.07,20.38
CycloneDDS,WAN,64,11.378,0.386,1.732,77.92,21.86
CycloneDDS,WAN,64,11.771,0.319,1.492,71.57,16.47
CycloneDDS,WAN,64,11.734,0.38,0.862,73.29,16.57
CycloneDDS,WAN,64,12.427,0.561,1.25,61.57,21.53
CycloneDDS,WAN,64,12.121,0.448,1.328,71.19,19.39
CycloneDDS,WAN,64,12.135,0.519,1.065,66.61,17.04
CycloneDDS,WAN,64,12.088,0.551,1.292,73.07,16.42
CycloneDDS,WAN,64,12.037,0.409,1.437,77.08,21.16
CycloneDDS,WAN,64,12.095,0.319,1.425,77.96,16.07
CycloneDDS,WAN,64,11.655,0.324,0.859,73.91,17.38
CycloneDDS,WAN,64,12.128,0.294,1.741,67.56,17.08
CycloneDDS,WAN,64,12.417,0.259,1.288,70.12,15.85
CycloneDDS,WAN,64,12.019,0.386,1.993,73.46,16.03
CycloneDDS,WAN,64,12.089,0.426,1.809,68.84,19.51
CycloneDDS,WAN,64,11.852,0.27,1.573,70.11,11.11
CycloneDDS,WAN,64,12.185,0.361,0.997,71.24,16.81
CycloneDDS,WAN,64,12.097,0.283,1.08,83.42,17.0
CycloneDDS,WAN,64,12.222,0.555,0.891,60.21,17.27
CycloneDDS,WAN,64,11.803,0.456,0.978,62.0,20.02
CycloneDDS,WAN,64,12.47,0.459,0.633,66.71,17.9
CycloneDDS,WAN,64,11.697,0.338,1.327,58.71,16.77
CycloneDDS,WAN,64,11.723,0.458,1.891,54.14,21.84
CycloneDDS,WAN,64,12.082,0.369,1.595,60.1,20.1
CycloneDDS,WAN,64,12.377,0.378,1.529,58.1,21.11
CycloneDDS,WAN,64,11.753,0.508,1.028,66.38,18.44
CycloneDDS,WAN,64,12.137,0.416,1.598,64.27,18.06
CycloneDDS,WAN,64,12.698,0.379,1.001,59.02,24.9
CycloneDDS,WAN,64,11.547,0.399,1.793,71.44,12.8
CycloneDDS,WAN,64,11.701,0.194,0.904,83.38,22.7
Zenoh,LAN,1,4.318,0.363,0.035,85.49,20.43
Zenoh,LAN,1,3.08,0.581,0.005,80.81,23.79
Zenoh,LAN,1,4.496,0.804,0.016,78.3,20.0
Zenoh,LAN,1,5.7,0.204,0.019,85.69,20.69
Zenoh,LAN,1,5.027,0.587,0.005,84.46,18.4
Zenoh,LAN,1,4.331,0.765,0.024,79.22,14.5
Zenoh,LAN,1,4.483,0.517,0.053,89.09,16.24
Zenoh,LAN,1,4.121,0.29,0.027,83.85,19.75
Zenoh,LAN,1,3.072,0.43,0.038,79.89,20.24
Zenoh,LAN,1,3.152,0.574,0.041,81.54,22.58
Zenoh,LAN,1,4.061,0.625,0.019,73.27,14.83
Zenoh,LAN,1,4.381,0.704,0.05,77.21,20.93
Zenoh,LAN,1,4.708,0.15,0.004,82.79,19.95
Zenoh,LAN,1,3.863,0.639,0.042,82.32,21.04
Zenoh,LAN,1,4.774,0.486,0.012,84.21,18.52
Zenoh,LAN,1,4.605,0.655,0.0,77.45,23.77
Zenoh,LAN,1,3.692,0.434,0.034,75.89,19.5
Zenoh,LAN,1,3.703,0.608,0.03,88.47,23.63
Zenoh,LAN,1,3.992,0.771,0.015,92.96,20.93
Zenoh,LAN,1,3.851,0.617,0.05,75.25,26.44
Zenoh,LAN,1,3.81,0.531,0.008,91.02,19.79
Zenoh,LAN,1,3.719,0.58,0.031,89.0,19.61
Zenoh,LAN,1,3.182,0.737,0.04,81.14,19.53
Zenoh,LAN,1,4.665,0.873,0.0,78.73,21.96
Zenoh,LAN,1,3.407,0.396,0.026,78.65,21.99
Zenoh,LAN,1,3.422,0.479,0.024,83.2,18.33
Zenoh,LAN,1,3.922,0.881,0.05,79.42,24.6
Zenoh,LAN,1,3.816,0.529,0.06,70.75,21.73
Zenoh,LAN,1,5.272,0.434,0.034,76.64,18.7
Zenoh,LAN,1,4.482,0.409,0.034,76.83,12.82
Zenoh,LAN,1,4.008,0.195,0.024,78.68,24.9
Zenoh,LAN,1,5.199,0.365,0.041,73.93,21.79
Zenoh,LAN,1,3.796,0.397,0.021,78.52,17.12
Zenoh,LAN,1,4.192,0.517,0.043,86.77,21.36
Zenoh,LAN,1,4.22,0.832,0.038,71.05,22.35
Zenoh,LAN,1,3.609,0.624,0.025,81.97,17.63
Zenoh,LAN,1,3.816,0.611,0.023,78.81,16.99
Zenoh,LAN,1,4.468,0.59,0.061,84.2,23.49
Zenoh,LAN,1,3.794,0.221,0.04,85.04,19.37
Zenoh,LAN,1,4.103,0.518,0.024,81.3,22.8
Zenoh,LAN,1,2.649,0.404,0.008,84.96,20.83
Zenoh,LAN,1,4.111,0.605,0.0,75.63,18.69
Zenoh,LAN,1,4.964,0.72,0.067,81.44,23.93
Zenoh,LAN,1,4.592,0.259,0.048,76.22,13.92
Zenoh,LAN,1,4.229,0.743,0.005,89.07,20.03
Zenoh,LAN,1,4.385,0.722,0.012,74.5,18.96
Zenoh,LAN,1,4.522,0.65,0.03,74.1,20.37
Zenoh,LAN,1,3.725,0.672,0.008,80.75,14.21
Zenoh,LAN,1,4.387,0.801,0.017,86.75,18.79
Zenoh,LAN,1,3.745,0.6,0.046,83.1,16.53
Zenoh,LAN,1,4.512,0.386,0.043,76.16,22.04
Zenoh,LAN,1,4.67,0.571,0.02,86.57,23.8
Zenoh,LAN,1,4.713,0.608,0.048,71.08,22.44
Zenoh,LAN,1,4.323,0.283,0.026,78.7,21.85
Zenoh,LAN,1,4.275,0.474,0.001,91.79,21.74
Zenoh,LAN,1,3.688,0.517,0.0,81.08,19.4
Zenoh,LAN,1,4.637,0.487,0.018,81.56,22.97
Zenoh,LAN,1,3.674,0.486,0.03,68.55,15.16
Zenoh,LAN,1,3.35,0.605,0.024,83.74,21.83
Zenoh,LAN,1,4.265,0.439,0.051,83.97,22.26
Zenoh,LAN,1,3.936,0.331,0.068,76.81,17.57
Zenoh,LAN,1,3.62,0.361,0.047,73.16,21.74
Zenoh,LAN,1,3.162,0.452,0.043,81.8,20.94
Zenoh,LAN,1,4.312,0.547,0.031,86.23,20.56
Zenoh,LAN,1,3.711,0.543,0.03,75.32,17.69
Zenoh,LAN,1,4.276,0.437,0.016,83.19,19.03
Zenoh,LAN,1,2.39,0.843,0.033,80.19,20.41
Zenoh,LAN,1,3.582,0.729,0.008,89.38,19.14
Zenoh,LAN,1,4.482,0.735,0.027,91.88,11.92
Zenoh,LAN,1,3.594,0.498,0.048,75.96,12.41
Zenoh,LAN,1,4.882,0.764,0.017,73.87,16.81
Zenoh,LAN,1,4.669,0.664,0.004,75.72,28.45
Zenoh,LAN,1,3.985,0.159,0.073,79.91,24.21
Zenoh,LAN,1,4.938,0.507,0.005,76.67,19.22
Zenoh,LAN,1,3.247,0.633,0.057,75.62,19.42
Zenoh,LAN,1,4.3,0.54,0.056,77.82,16.22
Zenoh,LAN,1,4.429,0.673,0.037,88.01,13.34
Zenoh,LAN,1,2.976,0.762,0.013,85.48,20.17
Zenoh,LAN,1,3.136,0.304,0.063,73.15,19.51
Zenoh,LAN,1,3.028,0.894,0.037,82.22,17.75
Zenoh,LAN,1,4.423,0.376,0.036,73.07,22.37
Zenoh,LAN,1,4.236,0.645,0.047,78.0,26.59
Zenoh,LAN,1,3.881,0.338,0.019,83.15,19.39
Zenoh,LAN,1,4.409,0.764,0.007,78.04,14.71
Zenoh,LAN,1,4.341,0.625,0.025,80.05,25.51
Zenoh,LAN,1,4.652,0.721,0.008,71.4,19.47
Zenoh,LAN,1,4.169,0.429,0.066,81.42,26.78
Zenoh,LAN,1,4.735,0.835,0.005,65.94,28.43
Zenoh,LAN,1,3.442,0.394,0.034,76.77,26.5
Zenoh,LAN,1,4.58,0.362,0.017,79.95,16.73
Zenoh,LAN,1,4.173,0.887,0.032,82.22,18.98
Zenoh,LAN,1,3.396,0.399,0.021,84.0,27.97
Zenoh,LAN,1,2.494,0.506,0.034,79.07,21.24
Zenoh,LAN,1,3.961,0.815,0.068,83.96,15.71
Zenoh,LAN,1,3.406,0.609,0.055,86.55,20.15
Zenoh,LAN,1,4.49,0.396,0.007,80.46,22.69
Zenoh,LAN,1,4.144,0.635,0.044,78.72,22.28
Zenoh,LAN,1,4.063,0.089,0.013,76.5,23.6
Zenoh,LAN,1,4.574,0.255,0.012,74.71,28.47
Zenoh,LAN,1,4.146,0.681,0.0,77.99,19.2
Zenoh,LAN,1,4.173,0.3,0.024,76.55,26.93
Zenoh,LAN,1,4.866,0.691,0.034,67.09,14.47
Zenoh,LAN,1,2.851,0.367,0.011,83.52,19.0
Zenoh,LAN,1,3.394,0.374,0.09,89.43,15.07
Zenoh,LAN,1,3.613,0.323,0.054,75.15,18.51
Zenoh,LAN,1,3.665,0.714,0.018,86.48,19.31
Zenoh,LAN,1,4.147,0.655,0.068,79.86,17.35
Zenoh,LAN,1,4.179,0.417,0.014,86.53,17.22
Zenoh,LAN,1,3.883,0.536,0.03,73.47,20.84
Zenoh,LAN,1,3.9,0.593,0.056,72.64,22.23
Zenoh,LAN,1,4.003,0.865,0.027,78.87,23.52
Zenoh,LAN,1,3.322,0.593,0.028,82.62,20.3
Zenoh,LAN,1,3.101,0.49,0.02,86.28,17.62
Zenoh,LAN,1,4.655,0.465,0.028,84.15,20.88
Zenoh,LAN,1,3.371,0.194,0.031,74.94,19.01
Zenoh,LAN,1,4.506,0.723,0.011,86.4,21.87
Zenoh,LAN,1,5.091,0.558,0.031,81.54,11.63
Zenoh,LAN,1,3.997,0.578,0.042,74.04,22.04
Zenoh,LAN,1,3.847,0.581,0.044,80.55,24.46
Zenoh,LAN,1,3.417,0.587,0.031,78.45,19.68
Zenoh,LAN,1,4.044,0.85,0.008,83.9,20.22
Zenoh,LAN,1,4.35,0.548,0.025,82.51,24.36
Zenoh,LAN,1,4.12,0.715,0.045,81.39,22.56
Zenoh,LAN,1,4.502,0.68,0.037,77.46,13.59
Zenoh,LAN,1,4.515,0.855,0.0,75.56,23.04
Zenoh,LAN,1,4.1,0.204,0.048,76.7,16.51
Zenoh,LAN,1,4.165,0.671,0.011,74.06,17.45
Zenoh,LAN,1,2.499,0.658,0.026,91.87,23.99
Zenoh,LAN,1,3.874,0.488,0.02,71.06,15.11
Zenoh,LAN,1,4.215,0.133,0.059,77.66,18.36
Zenoh,LAN,1,4.335,0.991,0.012,76.75,22.7
Zenoh,LAN,1,3.879,0.623,0.028,79.15,19.1
Zenoh,LAN,1,3.165,0.669,0.015,86.7,20.89
Zenoh,LAN,1,3.211,0.092,0.034,82.22,25.67
Zenoh,LAN,1,3.708,0.45,0.017,75.36,22.4
Zenoh,LAN,1,3.154,0.672,0.005,83.78,32.74
Zenoh,LAN,1,2.9,0.565,0.051,84.09,20.47
Zenoh,LAN,1,3.838,0.563,0.051,77.08,17.43
Zenoh,LAN,1,5.153,0.584,0.005,73.96,24.25
Zenoh,LAN,1,4.347,0.333,0.028,68.76,21.64
Zenoh,LAN,1,4.142,0.476,0.04,79.23,20.65
Zenoh,LAN,1,3.944,0.438,0.025,83.67,18.82
Zenoh,LAN,1,3.523,0.553,0.054,83.62,19.48
Zenoh,LAN,1,5.055,0.448,0.034,77.42,18.26
Zenoh,LAN,1,3.846,0.696,0.015,74.63,15.55
Zenoh,LAN,1,3.348,0.342,0.034,88.34,13.58
Zenoh,LAN,1,4.254,0.52,0.016,86.77,16.8
Zenoh,LAN,1,4.414,0.404,0.043,88.8,20.42
Zenoh,LAN,1,4.045,0.254,0.015,73.55,20.31
Zenoh,LAN,1,3.941,0.482,0.023,80.75,19.62
Zenoh,LAN,1,4.268,0.193,0.037,76.93,23.49
Zenoh,LAN,1,3.981,0.17,0.026,82.32,19.73
Zenoh,LAN,1,4.94,0.577,0.05,85.03,22.07
Zenoh,LAN,1,4.546,0.622,0.032,71.1,31.01
Zenoh,LAN,1,3.781,0.596,0.06,66.6,12.44
Zenoh,LAN,1,4.614,0.357,0.049,89.04,18.83
Zenoh,LAN,1,3.574,0.645,0.058,75.56,20.45
Zenoh,LAN,1,4.811,0.812,0.025,63.77,19.22
Zenoh,LAN,1,3.99,0.669,0.01,68.96,23.31
Zenoh,LAN,1,3.549,0.785,0.021,91.96,15.2
Zenoh,LAN,1,5.45,0.497,0.032,80.68,19.15
Zenoh,LAN,1,4.524,0.541,0.017,82.39,18.3
Zenoh,LAN,1,4.077,0.392,0.048,81.42,16.3
Zenoh,LAN,1,4.427,0.555,0.031,80.08,24.24
Zenoh,LAN,1,3.696,0.525,0.057,87.5,15.39
Zenoh,LAN,1,3.811,0.408,0.0,76.41,25.96
Zenoh,LAN,1,4.283,0.48,0.044,89.76,24.4
Zenoh,LAN,1,3.693,0.663,0.068,74.93,22.66
Zenoh,LAN,1,3.113,0.607,0.022,82.85,23.96
Zenoh,LAN,1,4.494,0.282,0.04,78.34,21.73
Zenoh,LAN,1,3.283,0.477,0.013,82.93,14.77
Zenoh,LAN,1,4.48,0.387,0.002,67.45,20.91
Zenoh,LAN,1,5.157,0.645,0.032,80.82,21.01
Zenoh,LAN,1,5.419,0.677,0.06,77.21,18.2
Zenoh,LAN,1,4.548,0.833,0.0,82.19,16.84
Zenoh,LAN,1,4.286,0.827,0.095,78.24,16.62
Zenoh,LAN,1,4.468,0.445,0.045,71.39,17.08
Zenoh,LAN,1,3.685,0.385,0.021,80.36,23.46
Zenoh,LAN,1,4.722,0.37,0.052,81.6,15.84
Zenoh,LAN,1,4.229,0.405,0.033,78.4,20.53
Zenoh,LAN,1,4.95,0.44,0.023,75.38,20.94
Zenoh,LAN,1,4.283,0.607,0.022,81.94,15.4
Zenoh,LAN,1,4.996,0.69,0.025,84.16,18.52
Zenoh,LAN,1,4.12,0.661,0.009,74.85,16.72
Zenoh,LAN,1,3.779,0.53,0.011,76.22,20.36
Zenoh,LAN,1,3.979,0.623,0.018,75.52,24.92
Zenoh,LAN,1,4.701,0.851,0.048,85.85,17.21
Zenoh,LAN,1,4.939,0.616,0.029,88.01,19.83
Zenoh,LAN,1,4.367,0.792,0.012,70.11,22.81
Zenoh,LAN,1,3.386,0.492,0.038,74.56,16.56
Zenoh,LAN,1,4.811,0.388,0.037,79.07,20.66
Zenoh,LAN,1,3.477,0.654,0.054,77.87,13.84
Zenoh,LAN,1,2.621,0.876,0.022,69.35,26.22
Zenoh,LAN,1,4.865,0.488,0.059,75.59,14.78
Zenoh,LAN,1,4.748,0.813,0.003,81.65,17.25
Zenoh,LAN,1,3.473,0.102,0.022,84.76,18.65
Zenoh,LAN,1,3.331,0.499,0.083,80.1,21.17
Zenoh,LAN,1,4.533,0.608,0.016,79.31,16.3
Zenoh,LAN,1,3.363,0.771,0.012,79.16,22.58
Zenoh,LAN,1,3.266,0.292,0.025,85.88,24.5
Zenoh,LAN,1,3.229,0.133,0.022,77.88,24.2
Zenoh,LAN,1,3.994,0.655,0.046,76.96,29.96
Zenoh,LAN,1,3.553,0.505,0.045,89.81,22.91
Zenoh,LAN,1,3.3,0.524,0.0,79.9,19.8
Zenoh,LAN,1,4.321,0.722,0.033,81.64,21.03
Zenoh,LAN,1,4.127,0.781,0.0,92.26,23.04
Zenoh,LAN,1,3.293,0.5,0.036,74.59,21.96
Zenoh,LAN,1,5.263,0.68,0.045,78.79,16.14
Zenoh,LAN,1,5.196,0.494,0.019,68.59,20.2
Zenoh,LAN,1,3.62,0.758,0.083,75.74,21.1
Zenoh,LAN,1,4.521,0.313,0.033,76.36,21.25
Zenoh,LAN,1,4.815,0.459,0.01,71.35,22.98
Zenoh,LAN,1,4.299,0.576,0.042,86.44,18.74
Zenoh,LAN,1,3.655,0.66,0.065,72.56,20.37
Zenoh,LAN,1,4.642,0.523,0.03,75.89,18.63
Zenoh,LAN,1,3.843,0.498,0.033,76.73,23.47
Zenoh,LAN,1,4.837,0.354,0.028,90.05,19.96
Zenoh,LAN,1,2.783,0.563,0.035,82.91,20.24
Zenoh,LAN,1,3.875,0.745,0.011,74.16,16.24
Zenoh,LAN,1,4.066,0.619,0.038,72.81,22.04
Zenoh,LAN,1,3.816,0.231,0.059,78.75,14.53
Zenoh,LAN,1,5.206,0.531,0.022,70.28,25.3
Zenoh,LAN,1,3.942,0.677,0.031,74.88,28.23
Zenoh,LAN,1,3.237,0.41,0.047,95.17,20.17
Zenoh,LAN,1,4.163,0.895,0.012,72.31,24.25
Zenoh,LAN,1,4.286,0.644,0.071,72.68,18.91
Zenoh,LAN,1,4.854,0.141,0.03,86.23,20.56
Zenoh,LAN,1,4.685,0.692,0.019,97.92,26.55
Zenoh,LAN,1,5.215,0.29,0.018,79.29,25.33
Zenoh,LAN,1,4.135,0.64,0.057,91.15,18.31
Zenoh,LAN,1,3.918,0.521,0.037,72.15,19.12
Zenoh,LAN,1,3.433,0.434,0.039,87.76,24.25
Zenoh,LAN,1,3.922,0.701,0.029,78.2,16.68
Zenoh,LAN,1,3.726,0.573,0.044,85.83,20.11
Zenoh,LAN,1,3.941,0.677,0.021,78.73,17.12
Zenoh,LAN,1,3.637,0.366,0.033,86.53,26.37
Zenoh,LAN,1,3.633,0.833,0.035,85.84,23.28
Zenoh,LAN,1,4.327,0.841,0.016,70.88,16.81
Zenoh,LAN,1,3.45,0.777,0.082,86.36,16.9
Zenoh,LAN,1,4.114,0.672,0.043,70.61,16.32
Zenoh,LAN,1,4.366,0.438,0.01,78.2,25.52
Zenoh,LAN,1,4.011,0.582,0.036,80.86,25.86
Zenoh,LAN,1,3.616,0.246,0.055,76.32,14.32
Zenoh,LAN,1,3.613,0.091,0.043,78.06,25.54
Zenoh,LAN,1,3.853,0.517,0.02,77.53,19.53
Zenoh,LAN,1,4.84,0.387,0.057,80.81,22.49
Zenoh,LAN,1,3.075,0.908,0.026,71.63,19.96
Zenoh,LAN,1,3.59,0.257,0.029,83.36,20.87
Zenoh,LAN,1,3.103,0.865,0.0,81.42,22.59
Zenoh,LAN,1,4.952,0.44,0.023,86.2,28.51
Zenoh,LAN,1,3.66,0.621,0.052,84.06,22.5
Zenoh,LAN,1,4.505,0.462,0.0,74.17,19.59
Zenoh,LAN,1,4.214,0.8,0.049,78.55,14.48
Zenoh,LAN,1,3.662,0.621,0.015,75.16,18.11
Zenoh,LAN,1,4.496,0.392,0.043,74.05,23.7
Zenoh,LAN,1,5.033,0.581,0.04,84.63,13.6
Zenoh,LAN,1,4.298,0.873,0.047,91.17,20.33
Zenoh,LAN,1,4.311,0.602,0.042,84.21,19.09
Zenoh,LAN,1,4.373,0.348,0.022,79.34,18.72
Zenoh,LAN,1,4.492,0.729,0.046,80.0,17.14
Zenoh,LAN,1,4.115,0.49,0.035,74.33,18.39
Zenoh,LAN,1,3.231,0.395,0.022,76.45,19.65
Zenoh,LAN,1,4.17,0.865,0.0,79.68,20.08
Zenoh,LAN,1,3.416,0.822,0.003,82.59,17.38
Zenoh,LAN,1,3.363,0.502,0.046,73.04,20.09
Zenoh,LAN,1,3.365,0.4,0.011,84.33,14.15
Zenoh,LAN,1,3.922,0.554,0.046,80.45,21.75
Zenoh,LAN,1,3.423,0.379,0.041,85.04,23.79
Zenoh,LAN,1,3.271,0.887,0.015,73.46,19.17
Zenoh,LAN,1,5.19,0.563,0.05,74.49,17.65
Zenoh,LAN,1,3.955,0.519,0.028,82.95,20.5
Zenoh,LAN,1,4.275,0.343,0.056,85.23,24.96
Zenoh,LAN,1,5.059,0.83,0.02,77.54,19.99
Zenoh,LAN,1,4.738,0.39,0.02,79.24,15.97
Zenoh,LAN,1,3.284,0.577,0.02,72.67,21.31
Zenoh,LAN,1,3.558,0.141,0.022,75.77,22.38
Zenoh,LAN,1,2.867,0.775,0.0,76.27,21.38
Zenoh,LAN,1,4.034,0.557,0.056,74.67,26.98
Zenoh,LAN,1,4.368,0.496,0.038,84.52,23.67
Zenoh,LAN,1,4.205,0.613,0.052,83.59,19.0
Zenoh,LAN,1,3.098,0.516,0.044,82.67,23.07
Zenoh,LAN,1,3.649,0.507,0.051,65.05,19.82
Zenoh,LAN,1,3.853,0.395,0.019,89.05,23.73
Zenoh,LAN,1,4.512,0.2,0.033,77.49,21.77
Zenoh,LAN,1,5.072,0.599,0.018,78.77,26.01
Zenoh,LAN,1,3.79,0.678,0.028,78.71,19.19
Zenoh,LAN,1,4.615,0.557,0.03,91.51,28.28
Zenoh,LAN,1,3.981,0.662,0.021,72.55,15.65
Zenoh,LAN,1,5.005,0.434,0.037,74.95,22.89
Zenoh,LAN,1,4.164,0.598,0.007,89.24,20.65
Zenoh,LAN,1,3.85,0.559,0.05,82.08,15.97
Zenoh,LAN,1,2.886,0.421,0.029,69.58,20.43
Zenoh,LAN,1,4.217,0.34,0.034,70.13,21.54
Zenoh,LAN,1,3.659,0.477,0.035,94.85,13.57
Zenoh,LAN,1,3.46,0.52,0.038,78.55,21.37
Zenoh,LAN,1,3.025,0.37,0.058,93.03,18.95
Zenoh,LAN,1,3.422,0.303,0.045,80.22,28.23
Zenoh,LAN,1,3.627,0.474,0.024,80.28,20.24
Zenoh,LAN,1,4.229,0.414,0.02,75.78,22.25
Zenoh,LAN,1,4.466,0.741,0.04,84.44,19.96
Zenoh,LAN,4,3.769,0.506,0.023,64.13,24.87
Zenoh,LAN,4,4.457,0.786,0.029,68.57,19.64
Zenoh,LAN,4,4.858,0.502,0.004,81.93,20.44
Zenoh,LAN,4,3.906,0.25,0.015,71.16,16.92
Zenoh,LAN,4,4.32,0.579,0.041,81.13,18.42
Zenoh,LAN,4,3.368,0.652,0.042,84.89,13.26
Zenoh,LAN,4,3.411,0.8,0.027,75.02,19.49
Zenoh,LAN,4,2.828,0.219,0.033,83.38,21.01
Zenoh,LAN,4,3.725,0.672,0.025,84.02,24.78
Zenoh,LAN,4,4.556,0.662,0.011,71.77,22.1
Zenoh,LAN,4,3.947,0.426,0.039,73.72,16.55
Zenoh,LAN,4,3.321,0.55,0.019,77.95,18.64
Zenoh,LAN,4,4.776,0.43,0.039,79.3,26.93
Zenoh,LAN,4,4.589,0.668,0.01,84.5,19.45
Zenoh,LAN,4,3.612,0.426,0.025,76.65,23.59
Zenoh,LAN,4,4.347,0.55,0.065,87.0,16.4
Zenoh,LAN,4,4.324,0.355,0.061,93.79,27.98
Zenoh,LAN,4,4.354,0.763,0.046,83.29,21.55
Zenoh,LAN,4,4.132,0.743,0.05,77.06,21.78
Zenoh,LAN,4,4.335,0.786,0.0,91.25,18.78
Zenoh,LAN,4,3.709,0.43,0.069,78.76,18.52
Zenoh,LAN,4,5.034,0.785,0.033,70.31,15.88
Zenoh,LAN,4,3.414,0.373,0.038,86.93,26.12
Zenoh,LAN,4,4.579,0.676,0.037,79.9,20.34
Zenoh,LAN,4,4.548,0.023,0.039,98.26,24.28
Zenoh,LAN,4,4.681,0.371,0.038,86.22,24.36
Zenoh,LAN,4,3.697,0.757,0.047,77.31,15.57
Zenoh,LAN,4,3.943,0.571,0.034,82.82,18.69
Zenoh,LAN,4,4.646,0.395,0.06,80.19,21.45
Zenoh,LAN,4,3.982,0.78,0.02,70.57,16.12
Zenoh,LAN,4,3.611,0.352,0.028,74.18,21.15
Zenoh,LAN,4,4.837,0.451,0.046,80.65,20.88
Zenoh,LAN,4,3.738,0.727,0.008,79.09,14.4
Zenoh,LAN,4,3.854,0.583,0.026,84.17,20.64
Zenoh,LAN,4,3.116,0.681,0.011,90.18,19.66
Zenoh,LAN,4,5.012,0.301,0.042,82.88,23.36
Zenoh,LAN,4,3.767,0.626,0.065,75.29,18.12
Zenoh,LAN,4,4.934,0.657,0.021,87.88,13.07
Zenoh,LAN,4,4.956,0.689,0.014,83.89,21.73
Zenoh,LAN,4,3.987,0.851,0.043,85.61,28.21
Zenoh,LAN,4,4.698,0.201,0.04,76.86,19.63
Zenoh,LAN,4,4.52,0.758,0.015,74.26,19.95
Zenoh,LAN,4,4.507,0.729,0.009,85.79,16.37
Zenoh,LAN,4,3.939,0.603,0.013,87.18,18.47
Zenoh,LAN,4,4.339,0.454,0.058,73.51,18.05
Zenoh,LAN,4,4.215,0.408,0.005,73.35,18.82
Zenoh,LAN,4,4.069,0.036,0.053,83.3,19.69
Zenoh,LAN,4,4.961,0.698,0.056,86.47,20.47
Zenoh,LAN,4,3.514,0.423,0.0,80.71,20.52
Zenoh,LAN,4,3.82,0.945,0.006,79.59,12.58
Zenoh,LAN,4,4.546,0.643,0.016,84.66,23.96
Zenoh,LAN,4,4.667,0.408,0.014,70.26,23.38
Zenoh,LAN,4,3.583,0.676,0.029,80.28,20.64
Zenoh,LAN,4,4.19,0.436,0.005,86.06,15.35
Zenoh,LAN,4,4.683,0.287,0.0,72.1,14.57
Zenoh,LAN,4,5.114,0.816,0.057,75.65,28.3
Zenoh,LAN,4,4.977,0.515,0.044,79.59,18.58
Zenoh,LAN,4,3.9,0.767,0.047,72.28,19.08
Zenoh,LAN,4,3.628,0.353,0.0,72.47,23.37
Zenoh,LAN,4,4.327,0.204,0.026,81.01,24.69
Zenoh,LAN,4,4.28,0.943,0.016,76.44,23.62
Zenoh,LAN,4,5.331,0.556,0.05,78.79,21.4
Zenoh,LAN,4,3.685,0.643,0.052,72.28,16.25
Zenoh,LAN,4,4.046,0.649,0.055,89.92,20.26
Zenoh,LAN,4,3.324,0.65,0.014,77.57,22.37
Zenoh,LAN,4,4.126,0.632,0.019,80.61,13.55
Zenoh,LAN,4,3.688,0.554,0.008,65.03,22.34
Zenoh,LAN,4,4.086,0.794,0.037,81.59,20.38
Zenoh,LAN,4,4.097,0.557,0.019,80.77,24.72
Zenoh,LAN,4,3.282,0.078,0.0,79.13,21.58
Zenoh,LAN,4,3.426,0.252,0.056,76.51,22.27
Zenoh,LAN,4,5.006,0.062,0.042,84.6,18.86
Zenoh,LAN,4,3.981,0.959,0.029,79.77,17.59
Zenoh,LAN,4,3.568,0.577,0.042,80.46,18.71
Zenoh,LAN,4,4.043,0.63,0.033,83.83,18.65
Zenoh,LAN,4,4.963,0.36,0.016,86.56,22.16
Zenoh,LAN,4,3.87,0.528,0.0,86.89,17.22
Zenoh,LAN,4,3.095,0.233,0.019,82.8,25.8
Zenoh,LAN,4,3.188,0.807,0.054,79.75,22.7
Zenoh,LAN,4,4.285,0.187,0.03,73.64,19.47
Zenoh,LAN,4,3.839,0.44,0.027,80.48,26.35
Zenoh,LAN,4,3.085,0.542,0.032,77.51,20.04
Zenoh,LAN,4,4.293,0.706,0.05,78.47,13.86
Zenoh,LAN,4,4.413,0.219,0.01,63.91,18.88
Zenoh,LAN,4,5.473,0.767,0.01,89.74,21.15
Zenoh,LAN,4,5.276,0.7,0.056,84.26,21.91
Zenoh,LAN,4,4.585,0.594,0.017,76.83,29.09
Zenoh,LAN,4,4.417,0.571,0.054,87.72,20.01
Zenoh,LAN,4,4.516,0.343,0.06,68.67,19.47
Zenoh,LAN,4,5.6,0.712,0.017,88.71,19.15
Zenoh,LAN,4,3.432,0.473,0.03,86.51,17.93
Zenoh,LAN,4,3.577,0.429,0.052,88.08,18.65
Zenoh,LAN,4,4.279,0.458,0.027,73.68,21.12
Zenoh,LAN,4,3.82,0.528,0.001,81.35,21.4
Zenoh,LAN,4,3.877,1.079,0.042,76.5,21.51
Zenoh,LAN,4,3.935,0.575,0.021,77.11,14.76
Zenoh,LAN,4,4.314,0.559,0.032,76.92,27.44
Zenoh,LAN,4,2.972,0.27,0.017,80.04,16.67
Zenoh,LAN,4,3.789,0.525,0.02,77.7,19.66
Zenoh,LAN,4,4.686,0.533,0.026,79.75,21.79
Zenoh,LAN,4,4.317,0.437,0.02,78.52,17.61
Zenoh,LAN,4,4.274,0.451,0.02,80.73,21.6
Zenoh,LAN,4,4.071,0.428,0.0,68.97,24.83
Zenoh,LAN,4,3.641,0.53,0.035,83.76,15.52
Zenoh,LAN,4,4.777,0.727,0.035,86.14,19.01
Zenoh,LAN,4,4.331,0.691,0.068,75.0,21.32
Zenoh,LAN,4,4.172,0.624,0.018,76.13,18.85
Zenoh,LAN,4,3.96,0.241,0.0,80.28,19.59
Zenoh,LAN,4,4.306,0.147,0.04,87.8,23.29
Zenoh,LAN,4,3.466,0.326,0.043,88.72,20.17
Zenoh,LAN,4,3.825,0.82,0.011,83.33,21.91
Zenoh,LAN,4,4.512,0.626,0.032,73.7,23.49
Zenoh,LAN,4,5.716,0.493,0.052,76.17,21.44
Zenoh,LAN,4,3.65,0.588,0.027,91.28,22.12
Zenoh,LAN,4,4.151,0.613,0.019,80.23,19.87
Zenoh,LAN,4,4.18,0.531,0.046,86.71,18.84
Zenoh,LAN,4,4.243,0.28,0.047,83.04,26.79
Zenoh,LAN,4,3.798,0.604,0.057,75.83,11.55
Zenoh,LAN,4,2.685,0.738,0.051,78.74,18.73
Zenoh,LAN,4,3.981,0.53,0.03,82.84,25.85
Zenoh,LAN,4,3.141,0.795,0.04,81.04,26.73
Zenoh,LAN,4,3.22,0.561,0.032,83.99,21.79
Zenoh,LAN,4,4.567,0.406,0.0,85.32,17.34
Zenoh,LAN,4,3.246,0.552,0.064,80.43,21.89
Zenoh,LAN,4,4.537,0.438,0.016,90.57,14.4
Zenoh,LAN,4,4.205,0.32,0.002,86.01,16.44
Zenoh,LAN,4,4.244,0.669,0.021,78.32,21.15
Zenoh,LAN,4,4.659,0.652,0.051,85.06,20.16
Zenoh,LAN,4,3.56,0.365,0.032,75.15,18.9
Zenoh,LAN,4,4.247,0.518,0.028,67.62,20.29
Zenoh,LAN,4,4.512,0.796,0.056,83.69,18.09
Zenoh,LAN,4,4.896,0.68,0.014,72.16,17.41
Zenoh,LAN,4,4.296,0.471,0.043,84.82,20.93
Zenoh,LAN,4,2.736,0.674,0.019,74.06,18.15
Zenoh,LAN,4,4.82,0.942,0.049,82.88,19.72
Zenoh,LAN,4,3.792,0.709,0.034,68.43,24.27
Zenoh,LAN,4,4.006,0.364,0.003,76.79,14.53
Zenoh,LAN,4,4.29,0.534,0.02,73.13,23.57
Zenoh,LAN,4,4.119,0.79,0.04,68.37,20.24
Zenoh,LAN,4,4.672,0.538,0.033,85.49,17.87
Zenoh,LAN,4,3.552,0.82,0.018,84.37,29.3
Zenoh,LAN,4,4.441,0.418,0.028,80.4,16.36
Zenoh,LAN,4,3.103,0.893,0.044,71.35,20.23
Zenoh,LAN,4,3.36,0.752,0.026,75.52,21.26
Zenoh,LAN,4,4.206,0.681,0.01,73.7,15.91
Zenoh,LAN,4,3.728,0.345,0.043,94.17,11.47
Zenoh,LAN,4,5.261,0.505,0.02,76.03,22.89
Zenoh,LAN,4,4.142,0.486,0.043,74.76,21.24
Zenoh,LAN,4,3.767,0.534,0.025,81.26,21.02
Zenoh,LAN,4,4.879,0.507,0.009,82.26,25.19
Zenoh,LAN,4,4.161,0.465,0.0,74.57,17.79
Zenoh,LAN,4,4.586,0.634,0.038,76.63,18.36
Zenoh,LAN,4,5.252,0.473,0.027,80.82,25.63
Zenoh,LAN,4,4.587,0.647,0.063,80.38,23.49
Zenoh,LAN,4,4.767,0.757,0.013,76.09,23.2
Zenoh,LAN,4,4.077,0.802,0.003,82.55,23.57
Zenoh,LAN,4,4.511,0.352,0.014,75.34,19.49
Zenoh,LAN,4,4.349,0.6,0.046,88.77,14.32
Zenoh,LAN,4,5.209,0.678,0.02,80.84,19.56
Zenoh,LAN,4,4.115,0.661,0.024,73.13,15.98
Zenoh,LAN,4,4.006,0.76,0.077,83.5,20.61
Zenoh,LAN,4,4.31,0.631,0.034,82.11,27.97
Zenoh,LAN,4,3.724,0.651,0.006,74.33,17.64
Zenoh,LAN,4,3.381,0.451,0.04,81.91,15.98
Zenoh,LAN,4,2.74,0.36,0.037,76.43,20.95
Zenoh,LAN,4,3.767,0.397,0.049,74.25,18.99
Zenoh,LAN,4,3.003,0.453,0.043,79.25,18.57
Zenoh,LAN,4,5.576,0.431,0.023,80.93,16.39
Zenoh,LAN,4,4.68,0.57,0.065,81.87,18.82
Zenoh,LAN,4,4.275,0.314,0.022,73.25,13.41
Zenoh,LAN,4,3.699,0.857,0.024,80.48,17.85
Zenoh,LAN,4,5.319,0.385,0.064,70.09,18.38
Zenoh,LAN,4,5.282,0.587,0.019,76.54,27.76
Zenoh,LAN,4,4.733,0.436,0.021,87.29,26.79
Zenoh,LAN,4,4.276,0.477,0.042,69.64,15.05
Zenoh,LAN,4,4.067,0.58,0.007,86.07,14.41
Zenoh,LAN,4,4.545,0.517,0.047,71.0,28.64
Zenoh,LAN,4,4.04,0.635,0.0,85.18,17.72
Zenoh,LAN,4,3.89,0.604,0.059,75.25,16.4
Zenoh,LAN,4,4.65,0.607,0.029,76.28,16.26
Zenoh,LAN,4,5.155,0.193,0.027,80.27,20.42
Zenoh,LAN,4,4.49,0.611,0.028,85.4,22.45
Zenoh,LAN,4,4.467,0.589,0.042,84.14,28.32
Zenoh,LAN,4,4.802,0.443,0.051,81.59,23.04
Zenoh,LAN,4,4.291,0.669,0.014,79.48,28.56
Zenoh,LAN,4,3.203,0.61,0.031,80.09,17.87
Zenoh,LAN,4,4.087,0.214,0.023,81.59,21.81
Zenoh,LAN,4,4.585,0.243,0.037,84.38,24.65
Zenoh,LAN,4,3.239,0.355,0.0,85.14,20.25
Zenoh,LAN,4,4.063,0.379,0.051,77.74,24.39
Zenoh,LAN,4,3.977,0.519,0.02,80.04,17.9
Zenoh,LAN,4,5.147,0.653,0.005,79.79,17.81
Zenoh,LAN,4,4.242,0.635,0.062,85.92,25.51
Zenoh,LAN,4,4.99,0.287,0.043,87.12,23.49
Zenoh,LAN,4,5.092,0.681,0.023,71.68,17.25
Zenoh,LAN,4,5.042,0.186,0.03,81.27,20.86
Zenoh,LAN,4,4.328,0.512,0.049,71.06,16.3
Zenoh,LAN,4,4.434,0.589,0.054,79.24,21.08
Zenoh,LAN,4,4.144,0.61,0.059,85.07,17.16
Zenoh,LAN,4,4.788,0.68,0.005,74.93,19.37
Zenoh,LAN,4,4.35,0.374,0.028,81.15,21.51
Zenoh,LAN,4,4.387,0.475,0.006,82.3,13.97
Zenoh,LAN,4,5.48,0.221,0.017,77.32,21.99
Zenoh,LAN,4,4.188,0.618,0.038,80.77,25.09
Zenoh,LAN,4,4.024,0.675,0.024,74.72,15.37
Zenoh,LAN,4,4.592,0.788,0.044,81.26,15.5
Zenoh,LAN,4,4.129,0.23,0.034,70.47,15.35
Zenoh,LAN,4,4.53,0.772,0.018,77.22,18.97
Zenoh,LAN,4,3.901,0.572,0.019,87.67,26.79
Zenoh,LAN,4,5.092,0.638,0.044,78.91,21.3
Zenoh,LAN,4,3.52,0.283,0.05,87.7,14.41
Zenoh,LAN,4,4.269,0.34,0.015,83.06,22.86
Zenoh,LAN,4,4.029,0.38,0.021,85.37,25.13
Zenoh,LAN,4,3.613,0.55,0.024,84.84,18.8
Zenoh,LAN,4,4.207,0.486,0.064,79.43,21.22
Zenoh,LAN,4,4.432,0.605,0.046,72.54,18.28
Zenoh,LAN,4,4.495,0.447,0.034,78.21,15.72
Zenoh,LAN,4,5.445,0.725,0.0,76.75,18.96
Zenoh,LAN,4,4.92,0.506,0.011,79.78,16.58
Zenoh,LAN,4,4.207,0.322,0.049,70.25,17.48
Zenoh,LAN,4,5.611,0.453,0.033,76.75,18.1
Zenoh,LAN,4,4.074,0.704,0.035,77.4,21.9
Zenoh,LAN,4,3.34,1.002,0.045,82.45,26.82
Zenoh,LAN,4,4.884,0.71,0.054,66.37,19.0
Zenoh,LAN,4,3.872,0.736,0.032,78.65,21.3
Zenoh,LAN,4,3.663,0.499,0.015,82.07,20.67
Zenoh,LAN,4,4.389,0.28,0.071,89.78,21.58
Zenoh,LAN,4,4.963,0.616,0.02,77.83,24.27
Zenoh,LAN,4,4.271,1.08,0.051,82.35,26.16
Zenoh,LAN,4,3.115,0.458,0.061,76.56,16.22
Zenoh,LAN,4,4.062,0.548,0.0,80.75,18.16
Zenoh,LAN,4,5.218,0.884,0.02,82.68,12.34
Zenoh,LAN,4,4.579,0.478,0.034,97.67,19.36
Zenoh,LAN,4,2.953,0.308,0.019,77.97,22.31
Zenoh,LAN,4,3.666,0.674,0.039,83.9,16.24
Zenoh,LAN,4,4.194,0.422,0.009,80.44,25.24
Zenoh,LAN,4,3.257,0.565,0.037,69.48,21.13
Zenoh,LAN,4,4.386,0.498,0.034,80.63,24.63
Zenoh,LAN,4,3.504,0.723,0.035,92.41,20.67
Zenoh,LAN,4,4.404,0.849,0.039,76.71,22.5
Zenoh,LAN,4,4.514,0.872,0.033,69.42,26.79
Zenoh,LAN,4,5.115,0.783,0.005,91.72,23.72
Zenoh,LAN,4,3.973,0.755,0.037,88.3,14.47
Zenoh,LAN,4,4.217,0.512,0.051,81.88,19.61
Zenoh,LAN,4,5.868,0.502,0.032,79.91,19.46
Zenoh,LAN,4,3.187,0.398,0.052,78.86,22.61
Zenoh,LAN,4,4.267,0.528,0.02,87.21,16.81
Zenoh,LAN,4,4.007,0.435,0.043,79.32,13.34
Zenoh,LAN,4,3.577,0.5,0.053,73.88,14.65
Zenoh,LAN,4,4.93,0.479,0.04,71.24,24.83
Zenoh,LAN,4,4.028,0.708,0.036,82.63,23.56
Zenoh,LAN,4,3.704,0.529,0.025,85.82,23.18
Zenoh,LAN,4,4.999,0.461,0.063,84.13,17.47
Zenoh,LAN,4,4.573,0.868,0.025,76.48,19.74
Zenoh,LAN,4,3.422,0.378,0.047,77.04,24.49
Zenoh,LAN,4,4.245,0.429,0.046,72.34,26.77
Zenoh,LAN,4,4.002,0.474,0.01,91.28,16.97
Zenoh,LAN,4,5.632,0.595,0.034,90.17,13.58
Zenoh,LAN,4,4.405,0.422,0.073,78.71,21.04
Zenoh,LAN,4,5.778,0.021,0.045,72.92,23.64
Zenoh,LAN,4,4.737,0.53,0.024,74.98,19.42
Zenoh,LAN,4,5.437,0.628,0.0,81.2,23.16
Zenoh,LAN,4,4.892,0.574,0.042,80.04,12.9
Zenoh,LAN,4,4.265,0.632,0.021,80.94,19.41
Zenoh,LAN,4,4.55,0.679,0.058,70.82,27.11
Zenoh,LAN,4,3.991,0.448,0.02,87.52,19.28
Zenoh,LAN,4,4.5,0.567,0.043,81.7,26.27
Zenoh,LAN,4,4.397,0.603,0.051,78.23,16.26
Zenoh,LAN,4,3.728,0.275,0.03,72.16,21.45
Zenoh,LAN,4,5.462,0.56,0.049,82.69,20.74
Zenoh,LAN,4,4.309,0.701,0.035,76.55,20.72
Zenoh,LAN,4,4.709,0.637,0.0,76.61,19.93
Zenoh,LAN,4,3.764,0.531,0.051,84.99,19.86
Zenoh,LAN,4,3.84,0.448,0.064,68.62,29.57
Zenoh,LAN,4,3.864,0.377,0.018,74.89,12.43
Zenoh,LAN,4,5.219,0.741,0.009,73.68,23.31
Zenoh,LAN,4,5.092,0.606,0.026,68.39,17.93
Zenoh,LAN,4,3.195,0.388,0.044,85.55,14.72
Zenoh,LAN,4,3.39,0.677,0.028,76.2,13.97
Zenoh,LAN,4,4.055,0.584,0.013,75.71,18.41
Zenoh,LAN,4,4.204,0.369,0.072,83.26,18.11
Zenoh,LAN,4,2.772,0.46,0.031,82.36,17.82
Zenoh,LAN,4,4.349,0.537,0.0,88.36,20.82
Zenoh,LAN,4,3.418,0.407,0.0,88.26,26.6
Zenoh,LAN,4,5.159,0.772,0.049,78.83,15.57
Zenoh,LAN,4,4.53,0.689,0.0,91.04,13.26
Zenoh,LAN,4,4.478,0.765,0.03,68.08,25.68
Zenoh,LAN,4,3.701,0.482,0.038,70.28,20.2
Zenoh,LAN,4,4.286,0.367,0.01,81.09,20.03
Zenoh,LAN,4,5.075,0.303,0.029,80.75,12.81
Zenoh,LAN,4,3.316,0.71,0.009,87.57,26.34
Zenoh,LAN,4,4.632,0.64,0.028,82.86,19.9
Zenoh,LAN,4,3.93,0.481,0.053,69.14,26.29
Zenoh,LAN,4,4.282,0.4,0.058,86.44,27.39
Zenoh,LAN,4,5.736,0.547,0.024,75.18,18.21
Zenoh,LAN,4,3.308,0.631,0.021,74.79,24.61
Zenoh,LAN,4,3.47,0.722,0.032,85.62,26.33
Zenoh,LAN,4,4.173,0.404,0.017,77.83,20.72
Zenoh,LAN,4,4.122,0.608,0.023,86.71,17.1
Zenoh,LAN,4,4.757,0.731,0.013,73.7,20.33
Zenoh,LAN,16,4.79,0.566,0.0,83.14,20.84
Zenoh,LAN,16,3.805,0.246,0.017,75.07,19.58
Zenoh,LAN,16,5.402,0.349,0.016,74.95,20.48
Zenoh,LAN,16,4.763,0.306,0.011,75.86,18.37
Zenoh,LAN,16,4.701,0.72,0.025,84.77,21.23
Zenoh,LAN,16,6.735,0.649,0.021,63.81,15.83
Zenoh,LAN,16,5.534,0.715,0.031,80.54,16.53
Zenoh,LAN,16,4.979,0.675,0.039,83.54,19.94
Zenoh,LAN,16,4.345,0.726,0.0,79.64,23.6
Zenoh,LAN,16,5.593,0.443,0.0,89.25,18.46
Zenoh,LAN,16,4.551,0.686,0.018,76.77,24.22
Zenoh,LAN,16,5.174,0.43,0.029,79.99,17.36
Zenoh,LAN,16,5.078,0.525,0.036,91.21,18.22
Zenoh,LAN,16,4.123,0.615,0.006,75.33,15.43
Zenoh,LAN,16,3.758,0.765,0.035,83.87,14.09
Zenoh,LAN,16,4.969,0.529,0.014,75.6,19.11
Zenoh,LAN,16,5.67,0.293,0.059,80.05,19.9
Zenoh,LAN,16,4.934,0.853,0.053,71.53,20.18
Zenoh,LAN,16,5.399,0.64,0.031,80.26,19.48
Zenoh,LAN,16,4.291,0.362,0.053,64.98,22.15
Zenoh,LAN,16,5.439,1.042,0.013,80.69,19.06
Zenoh,LAN,16,4.154,0.423,0.036,75.63,24.35
Zenoh,LAN,16,3.739,0.509,0.033,81.1,21.33
Zenoh,LAN,16,5.368,0.605,0.0,78.15,15.11
Zenoh,LAN,16,5.15,0.61,0.046,82.6,20.67
Zenoh,LAN,16,5.157,0.611,0.019,83.03,24.03
Zenoh,LAN,16,5.273,0.649,0.048,74.63,19.35
Zenoh,LAN,16,3.902,0.703,0.06,77.7,16.42
Zenoh,LAN,16,5.6,0.581,0.03,77.44,18.42
Zenoh,LAN,16,3.45,0.68,0.058,79.06,14.22
Zenoh,LAN,16,5.655,0.697,0.017,72.65,18.66
Zenoh,LAN,16,4.407,0.34,0.019,80.89,26.67
Zenoh,LAN,16,5.372,0.479,0.059,66.68,12.37
Zenoh,LAN,16,4.821,0.41,0.035,76.67,20.18
Zenoh,LAN,16,3.352,0.52,0.04,82.58,18.49
Zenoh,LAN,16,4.532,0.362,0.065,81.03,24.91
Zenoh,LAN,16,5.2,0.766,0.0,68.46,15.43
Zenoh,LAN,16,4.646,0.48,0.018,82.27,20.29
Zenoh,LAN,16,4.506,0.188,0.013,76.41,15.64
Zenoh,LAN,16,5.634,0.347,0.063,81.6,20.03
Zenoh,LAN,16,5.046,0.766,0.015,84.7,23.83
Zenoh,LAN,16,4.081,0.706,0.027,68.39,18.34
Zenoh,LAN,16,4.824,0.391,0.034,90.56,22.78
Zenoh,LAN,16,3.483,0.617,0.032,77.54,24.03
Zenoh,LAN,16,5.464,0.537,0.053,83.72,22.71
Zenoh,LAN,16,3.739,0.223,0.0,71.12,22.11
Zenoh,LAN,16,5.731,0.589,0.018,73.73,27.38
Zenoh,LAN,16,3.491,0.733,0.05,72.6,21.36
Zenoh,LAN,16,4.655,0.338,0.047,83.33,23.26
Zenoh,LAN,16,5.878,0.529,0.029,75.14,19.01
Zenoh,LAN,16,6.186,0.336,0.021,84.82,25.86
Zenoh,LAN,16,5.495,0.628,0.029,81.39,19.81
Zenoh,LAN,16,3.827,0.559,0.032,71.37,20.64
Zenoh,LAN,16,5.202,0.565,0.034,72.86,21.6
Zenoh,LAN,16,3.657,0.9,0.041,77.21,17.88
Zenoh,LAN,16,3.922,0.781,0.05,82.32,27.25
Zenoh,LAN,16,5.246,0.535,0.028,73.58,18.12
Zenoh,LAN,16,3.299,0.483,0.043,91.85,18.81
Zenoh,LAN,16,4.907,0.817,0.029,84.27,18.26
Zenoh,LAN,16,4.9,0.246,0.039,80.05,11.56
Zenoh,LAN,16,4.928,0.488,0.044,84.2,21.77
Zenoh,LAN,16,4.416,0.418,0.039,85.49,15.97
Zenoh,LAN,16,4.45,0.478,0.0,84.0,16.8
Zenoh,LAN,16,3.817,0.365,0.022,77.62,24.21
Zenoh,LAN,16,5.527,0.613,0.028,78.34,23.04
Zenoh,LAN,16,4.618,0.658,0.023,75.68,26.81
Zenoh,LAN,16,5.575,0.46,0.007,76.61,16.18
Zenoh,LAN,16,5.604,0.487,0.023,83.99,22.53
Zenoh,LAN,16,4.976,0.448,0.018,73.07,25.7
Zenoh,LAN,16,5.458,0.312,0.024,74.49,17.22
Zenoh,LAN,16,4.305,0.484,0.044,74.53,23.06
Zenoh,LAN,16,3.467,0.266,0.022,82.37,20.05
Zenoh,LAN,16,4.932,0.219,0.018,77.81,11.97
Zenoh,LAN,16,4.775,0.725,0.013,72.39,21.93
Zenoh,LAN,16,5.704,0.284,0.019,79.71,20.31
Zenoh,LAN,16,4.7,0.485,0.04,77.07,23.21
Zenoh,LAN,16,5.038,0.41,0.011,86.25,17.85
Zenoh,LAN,16,4.775,0.877,0.034,83.14,27.2
Zenoh,LAN,16,5.234,0.555,0.036,79.59,23.99
Zenoh,LAN,16,5.202,0.664,0.019,76.35,21.6
Zenoh,LAN,16,4.23,0.447,0.009,71.5,13.25
Zenoh,LAN,16,4.567,0.677,0.052,80.7,24.16
Zenoh,LAN,16,5.264,0.448,0.0,85.32,16.11
Zenoh,LAN,16,5.058,0.398,0.044,88.67,23.09
Zenoh,LAN,16,4.253,0.402,0.054,80.25,16.35
Zenoh,LAN,16,5.009,0.327,0.013,83.12,15.04
Zenoh,LAN,16,4.718,0.479,0.0,61.15,17.56
Zenoh,LAN,16,5.05,0.694,0.005,72.75,22.27
Zenoh,LAN,16,5.663,0.776,0.024,79.78,17.69
Zenoh,LAN,16,4.857,0.355,0.034,76.48,15.85
Zenoh,LAN,16,5.277,0.413,0.028,83.95,15.07
Zenoh,LAN,16,6.078,0.327,0.053,87.65,22.9
Zenoh,LAN,16,3.848,0.436,0.057,69.04,26.15
Zenoh,LAN,16,4.973,0.354,0.075,79.46,18.39
Zenoh,LAN,16,6.052,0.757,0.045,69.49,14.83
Zenoh,LAN,16,5.146,0.551,0.026,82.9,20.76
Zenoh,LAN,16,3.564,0.561,0.056,84.7,16.94
Zenoh,LAN,16,4.761,0.287,0.052,79.42,21.5
Zenoh,LAN,16,5.384,0.473,0.06,80.58,18.82
Zenoh,LAN,16,5.265,0.619,0.026,74.5,25.55
Zenoh,LAN,16,5.22,0.471,0.006,76.56,14.33
Zenoh,LAN,16,4.461,0.525,0.027,73.69,18.44
Zenoh,LAN,16,4.769,0.807,0.017,82.13,15.79
Zenoh,LAN,16,4.45,0.614,0.048,83.46,18.21
Zenoh,LAN,16,4.782,0.889,0.03,82.47,19.74
Zenoh,LAN,16,5.051,0.379,0.007,67.05,20.78
Zenoh,LAN,16,4.989,0.575,0.019,84.7,20.86
Zenoh,LAN,16,4.292,0.527,0.057,90.8,26.36
Zenoh,LAN,16,4.129,0.81,0.012,85.67,18.24
Zenoh,LAN,16,4.812,0.186,0.04,76.48,22.14
Zenoh,LAN,16,4.468,0.567,0.029,83.34,15.35
Zenoh,LAN,16,4.078,0.555,0.039,74.76,23.96
Zenoh,LAN,16,3.458,0.348,0.026,68.69,26.06
Zenoh,LAN,16,4.065,0.347,0.017,70.44,18.46
Zenoh,LAN,16,3.464,0.649,0.06,73.69,21.05
Zenoh,LAN,16,5.731,0.577,0.009,78.48,22.47
Zenoh,LAN,16,5.638,0.345,0.028,87.55,23.05
Zenoh,LAN,16,5.036,0.607,0.017,75.52,20.58
Zenoh,LAN,16,4.259,0.36,0.006,89.51,15.69
Zenoh,LAN,16,5.124,0.502,0.013,77.43,22.35
Zenoh,LAN,16,4.651,0.551,0.034,72.32,24.71
Zenoh,LAN,16,3.652,0.463,0.038,80.24,20.28
Zenoh,LAN,16,4.962,0.672,0.036,83.3,14.23
Zenoh,LAN,16,4.957,0.355,0.034,76.91,18.9
Zenoh,LAN,16,5.575,0.543,0.057,76.67,26.6
Zenoh,LAN,16,4.785,0.44,0.045,70.02,13.04
Zenoh,LAN,16,4.279,0.671,0.038,82.71,21.17
Zenoh,LAN,16,5.078,0.773,0.035,85.0,15.28
Zenoh,LAN,16,4.247,0.207,0.021,64.03,22.21
Zenoh,LAN,16,4.919,0.628,0.022,78.3,22.69
Zenoh,LAN,16,5.359,0.552,0.051,79.25,23.09
Zenoh,LAN,16,4.793,0.166,0.046,86.5,16.32
Zenoh,LAN,16,5.184,0.55,0.037,74.5,13.07
Zenoh,LAN,16,5.137,0.523,0.027,79.06,12.7
Zenoh,LAN,16,4.13,0.673,0.061,68.44,14.54
Zenoh,LAN,16,4.556,0.532,0.009,76.59,17.0
Zenoh,LAN,16,4.684,0.432,0.048,72.04,21.29
Zenoh,LAN,16,5.485,0.39,0.029,75.16,19.47
Zenoh,LAN,16,4.803,0.617,0.004,72.45,15.89
Zenoh,LAN,16,3.877,0.643,0.036,63.85,16.45
Zenoh,LAN,16,5.453,0.478,0.05,77.86,27.27
Zenoh,LAN,16,5.062,1.074,0.02,79.94,19.75
Zenoh,LAN,16,3.474,0.272,0.032,85.03,16.07
Zenoh,LAN,16,4.959,0.548,0.058,67.67,23.32
Zenoh,LAN,16,4.125,0.621,0.055,78.86,12.16
Zenoh,LAN,16,5.094,0.344,0.032,83.26,10.54
Zenoh,LAN,16,5.077,0.306,0.044,77.59,24.49
Zenoh,LAN,16,4.093,0.334,0.0,84.13,22.34
Zenoh,LAN,16,5.242,0.62,0.016,71.92,18.79
Zenoh,LAN,16,3.043,0.521,0.058,64.15,13.46
Zenoh,LAN,16,4.718,0.435,0.0,77.15,16.8
Zenoh,LAN,16,5.22,0.597,0.037,78.04,19.93
Zenoh,LAN,16,4.994,0.861,0.037,75.7,23.34
Zenoh,LAN,16,6.007,0.889,0.04,77.25,14.61
Zenoh,LAN,16,5.77,0.736,0.047,82.53,15.23
Zenoh,LAN,16,4.129,0.753,0.003,80.83,18.13
Zenoh,LAN,16,4.989,1.11,0.047,82.69,20.0
Zenoh,LAN,16,4.951,0.481,0.048,82.4,22.3
Zenoh,LAN,16,4.98,0.727,0.003,80.38,18.1
Zenoh,LAN,16,4.318,0.609,0.011,82.75,25.62
Zenoh,LAN,16,5.931,0.334,0.044,79.9,22.41
Zenoh,LAN,16,4.177,0.57,0.04,80.94,25.21
Zenoh,LAN,16,4.301,0.388,0.05,75.02,19.35
Zenoh,LAN,16,4.846,0.718,0.015,74.13,17.29
Zenoh,LAN,16,4.73,0.808,0.023,85.13,20.92
Zenoh,LAN,16,3.729,0.611,0.021,74.66,28.7
Zenoh,LAN,16,4.722,0.784,0.048,70.06,15.14
Zenoh,LAN,16,3.409,0.647,0.025,74.54,20.24
Zenoh,LAN,16,4.095,0.375,0.009,75.27,16.79
Zenoh,LAN,16,5.343,0.449,0.014,86.51,23.95
Zenoh,LAN,16,5.421,0.603,0.05,81.94,19.78
Zenoh,LAN,16,6.17,0.317,0.041,81.78,22.77
Zenoh,LAN,16,5.745,0.1,0.022,75.37,18.46
Zenoh,LAN,16,4.135,0.436,0.049,85.77,17.55
Zenoh,LAN,16,4.925,0.96,0.02,74.28,21.78
Zenoh,LAN,16,4.597,0.408,0.032,87.86,18.5
Zenoh,LAN,16,5.016,0.524,0.039,75.68,17.49
Zenoh,LAN,16,6.271,0.513,0.06,71.61,21.94
Zenoh,LAN,16,3.921,0.661,0.034,79.07,23.42
Zenoh,LAN,16,3.658,0.289,0.002,72.33,20.29
Zenoh,LAN,16,3.229,0.688,0.03,79.23,21.38
Zenoh,LAN,16,4.925,0.416,0.028,77.76,13.59
Zenoh,LAN,16,4.79,0.447,0.02,84.78,14.58
Zenoh,LAN,16,5.037,0.684,0.012,78.46,22.19
Zenoh,LAN,16,5.151,0.258,0.008,86.64,22.54
Zenoh,LAN,16,5.989,0.317,0.0,75.42,24.61
Zenoh,LAN,16,4.66,0.562,0.048,82.02,19.91
Zenoh,LAN,16,5.038,0.624,0.069,81.65,14.78
Zenoh,LAN,16,5.632,0.547,0.016,79.15,18.31
Zenoh,LAN,16,5.216,0.562,0.043,80.49,26.65
Zenoh,LAN,16,4.394,0.51,0.007,84.13,21.23
Zenoh,LAN,16,5.204,0.361,0.081,90.19,18.46
Zenoh,LAN,16,4.174,0.592,0.047,80.13,19.23
Zenoh,LAN,16,3.724,0.727,0.0,90.82,24.31
Zenoh,LAN,16,5.005,0.145,0.008,77.25,16.68
Zenoh,LAN,16,4.179,0.266,0.016,90.27,22.42
Zenoh,LAN,16,4.588,0.227,0.046,73.16,19.57
Zenoh,LAN,16,3.546,0.71,0.012,75.24,16.28
Zenoh,LAN,16,4.612,0.91,0.066,81.87,21.62
Zenoh,LAN,16,5.603,0.478,0.022,75.63,11.34
Zenoh,LAN,16,6.426,0.811,0.012,79.38,15.72
Zenoh,LAN,16,4.709,0.499,0.051,97.55,18.02
Zenoh,LAN,16,5.466,0.848,0.024,85.01,23.97
Zenoh,LAN,16,5.486,0.131,0.015,72.5,21.17
Zenoh,LAN,16,5.348,0.805,0.055,84.12,23.2
Zenoh,LAN,16,4.861,0.691,0.012,91.35,14.25
Zenoh,LAN,16,5.386,0.676,0.043,71.76,17.09
Zenoh,LAN,16,6.592,0.508,0.064,82.74,21.62
Zenoh,LAN,16,4.541,0.691,0.054,76.32,19.56
Zenoh,LAN,16,4.235,0.692,0.0,76.38,19.6
Zenoh,LAN,16,4.455,0.883,0.027,81.83,15.79
Zenoh,LAN,16,5.905,0.618,0.014,88.87,22.37
Zenoh,LAN,16,4.5,0.492,0.034,88.36,22.04
Zenoh,LAN,16,4.619,0.581,0.018,70.26,15.07
Zenoh,LAN,16,5.791,0.651,0.033,89.4,24.8
Zenoh,LAN,16,6.04,0.446,0.046,75.66,17.93
Zenoh,LAN,16,5.236,0.67,0.0,75.48,24.13
Zenoh,LAN,16,5.09,0.488,0.016,83.87,27.22
Zenoh,LAN,16,5.225,0.296,0.031,81.28,14.97
Zenoh,LAN,16,4.728,0.905,0.033,80.86,23.25
Zenoh,LAN,16,4.84,0.802,0.002,77.62,21.05
Zenoh,LAN,16,4.316,0.715,0.068,75.89,14.44
Zenoh,LAN,16,4.71,0.519,0.045,82.54,12.08
Zenoh,LAN,16,5.767,0.562,0.003,75.12,19.34
Zenoh,LAN,16,4.962,0.383,0.029,85.3,18.56
Zenoh,LAN,16,5.307,0.875,0.031,85.02,19.47
Zenoh,LAN,16,5.259,0.613,0.029,85.87,17.14
Zenoh,LAN,16,6.087,0.403,0.041,85.68,22.87
Zenoh,LAN,16,5.612,0.331,0.029,77.6,19.76
Zenoh,LAN,16,5.246,0.426,0.002,77.71,24.35
Zenoh,LAN,16,4.741,0.401,0.0,76.75,18.31
Zenoh,LAN,16,5.369,0.421,0.017,78.21,18.88
Zenoh,LAN,16,3.779,0.805,0.005,81.92,18.16
Zenoh,LAN,16,5.531,0.198,0.0,84.19,21.15
Zenoh,LAN,16,5.258,0.682,0.021,76.79,19.58
Zenoh,LAN,16,4.755,0.605,0.0,82.75,22.97
Zenoh,LAN,16,4.141,0.602,0.022,79.39,18.88
Zenoh,LAN,16,5.371,0.703,0.049,76.93,21.64
Zenoh,LAN,16,5.898,0.62,0.009,87.74,21.33
Zenoh,LAN,16,4.737,0.113,0.001,75.24,19.37
Zenoh,LAN,16,4.814,0.621,0.047,75.28,13.68
Zenoh,LAN,16,5.87,0.727,0.046,75.75,28.78
Zenoh,LAN,16,3.332,0.856,0.028,81.08,27.11
Zenoh,LAN,16,4.314,0.794,0.054,79.56,20.79
Zenoh,LAN,16,4.711,0.683,0.052,77.92,17.32
Zenoh,LAN,16,4.653,0.553,0.018,73.81,22.61
Zenoh,LAN,16,5.278,0.465,0.035,74.27,18.78
Zenoh,LAN,16,4.858,0.414,0.023,82.33,23.37
Zenoh,LAN,16,5.034,0.347,0.017,72.52,17.71
Zenoh,LAN,16,5.451,0.671,0.021,72.86,26.51
Zenoh,LAN,16,5.296,0.615,0.052,80.93,19.46
Zenoh,LAN,16,5.255,0.704,0.04,76.94,17.96
Zenoh,LAN,16,4.188,0.753,0.055,74.46,18.54
Zenoh,LAN,16,4.696,1.064,0.016,97.52,9.9
Zenoh,LAN,16,4.765,0.591,0.031,81.42,21.31
Zenoh,LAN,16,4.326,0.655,0.029,78.67,15.15
Zenoh,LAN,16,5.779,0.483,0.021,79.16,17.8
Zenoh,LAN,16,5.2,0.502,0.033,90.24,18.79
Zenoh,LAN,16,4.478,0.498,0.033,68.65,19.11
Zenoh,LAN,16,4.39,0.374,0.008,75.01,21.94
Zenoh,LAN,16,5.593,0.463,0.014,83.54,15.2
Zenoh,LAN,16,3.812,0.59,0.03,83.71,22.54
Zenoh,LAN,16,4.783,0.159,0.058,81.51,19.7
Zenoh,LAN,16,4.994,0.461,0.0,73.98,15.38
Zenoh,LAN,16,5.727,0.665,0.032,82.26,21.99
Zenoh,LAN,16,5.846,0.312,0.025,74.4,21.6
Zenoh,LAN,16,4.481,0.364,0.042,78.08,17.01
Zenoh,LAN,16,3.961,0.883,0.028,67.45,25.09
Zenoh,LAN,16,4.024,0.573,0.035,84.33,23.22
Zenoh,LAN,16,4.08,0.296,0.029,85.64,22.95
Zenoh,LAN,16,5.324,0.719,0.031,78.15,10.59
Zenoh,LAN,16,4.042,0.879,0.009,67.79,18.73
Zenoh,LAN,16,4.839,0.283,0.021,81.33,16.08
Zenoh,LAN,16,5.039,0.772,0.023,74.77,19.96
Zenoh,LAN,16,4.421,0.253,0.015,98.94,19.6
Zenoh,LAN,16,4.883,0.796,0.047,77.0,18.66
Zenoh,LAN,16,5.208,0.57,0.026,76.29,18.32
Zenoh,LAN,16,4.562,0.795,0.079,83.3,25.6
Zenoh,LAN,16,4.301,0.314,0.038,73.73,22.73
Zenoh,LAN,16,4.273,0.622,0.032,85.96,22.68
Zenoh,LAN,16,4.737,0.563,0.08,70.5,16.47
Zenoh,LAN,16,5.108,0.587,0.047,83.89,22.63
Zenoh,LAN,16,4.347,0.45,0.0,79.13,18.65
Zenoh,LAN,16,5.414,0.715,0.004,85.63,16.69
Zenoh,LAN,16,4.698,0.639,0.056,86.91,16.22
Zenoh,LAN,16,4.569,0.462,0.037,85.69,17.12
Zenoh,LAN,16,5.281,0.5,0.002,82.86,18.88
Zenoh,LAN,16,3.821,0.606,0.011,75.6,22.09
Zenoh,LAN,16,3.27,0.495,0.049,67.77,22.01
Zenoh,LAN,16,4.97,0.891,0.06,71.14,13.5
Zenoh,LAN,16,5.149,0.582,0.058,74.45,20.32
Zenoh,LAN,16,4.247,0.436,0.017,82.71,18.89
Zenoh,LAN,16,5.335,0.646,0.051,82.01,19.13
Zenoh,LAN,16,4.231,0.433,0.011,75.46,18.2
Zenoh,LAN,16,4.748,0.552,0.054,89.38,18.74
Zenoh,LAN,16,4.533,0.297,0.046,77.48,23.6
Zenoh,LAN,16,5.355,0.249,0.051,88.93,22.09
Zenoh,LAN,16,4.812,0.5,0.045,75.94,22.11
Zenoh,LAN,16,4.408,0.991,0.038,76.48,13.16
Zenoh,LAN,16,4.408,0.338,0.024,75.48,12.66
Zenoh,LAN,64,6.537,0.231,0.02,75.31,24.77
Zenoh,LAN,64,7.836,0.021,0.018,67.67,24.44
Zenoh,LAN,64,6.47,0.498,0.053,72.46,17.32
Zenoh,LAN,64,6.871,0.539,0.04,64.3,23.41
Zenoh,LAN,64,6.721,0.688,0.0,66.4,24.8
Zenoh,LAN,64,7.688,0.569,0.021,72.96,20.99
Zenoh,LAN,64,7.467,0.605,0.02,68.6,23.11
Zenoh,LAN,64,6.168,0.563,0.0,77.01,20.81
Zenoh,LAN,64,7.704,0.53,0.037,83.78,21.91
Zenoh,LAN,64,6.461,0.507,0.033,82.16,20.42
Zenoh,LAN,64,7.705,0.954,0.024,73.27,25.42
Zenoh,LAN,64,7.589,0.737,0.0,80.44,7.17
Zenoh,LAN,64,6.748,0.417,0.022,75.43,18.77
Zenoh,LAN,64,7.32,0.364,0.022,77.9,18.42
Zenoh,LAN,64,7.615,0.527,0.014,69.3,19.62
Zenoh,LAN,64,6.884,0.485,0.027,78.24,20.6
Zenoh,LAN,64,7.663,0.546,0.016,72.03,18.18
Zenoh,LAN,64,7.848,0.214,0.045,82.27,20.07
Zenoh,LAN,64,6.377,0.709,0.003,84.83,20.03
Zenoh,LAN,64,6.916,0.713,0.031,73.18,19.55
Zenoh,LAN,64,7.112,0.554,0.027,75.16,19.78
Zenoh,LAN,64,6.335,0.426,0.037,71.54,22.95
Zenoh,LAN,64,6.226,0.559,0.042,74.48,27.05
Zenoh,LAN,64,6.364,0.552,0.053,70.42,21.31
Zenoh,LAN,64,6.573,0.245,0.022,73.96,22.96
Zenoh,LAN,64,6.45,0.555,0.036,74.79,20.2
Zenoh,LAN,64,7.629,0.447,0.046,75.98,11.7
Zenoh,LAN,64,7.624,0.386,0.015,70.59,24.0
Zenoh,LAN,64,6.369,0.47,0.043,71.34,14.52
Zenoh,LAN,64,6.476,0.539,0.017,77.87,20.69
Zenoh,LAN,64,7.577,0.275,0.053,75.89,25.34
Zenoh,LAN,64,6.908,0.507,0.025,72.85,23.11
Zenoh,LAN,64,7.71,0.746,0.039,58.13,23.92
Zenoh,LAN,64,7.059,0.489,0.034,63.63,18.01
Zenoh,LAN,64,8.52,0.463,0.057,76.48,24.22
Zenoh,LAN,64,7.229,0.802,0.058,79.78,15.77
Zenoh,LAN,64,5.793,0.456,0.057,72.98,16.73
Zenoh,LAN,64,7.258,0.719,0.025,87.25,24.14
Zenoh,LAN,64,6.155,0.438,0.056,79.96,14.89
Zenoh,LAN,64,5.557,0.425,0.029,74.92,23.84
Zenoh,LAN,64,6.959,0.729,0.032,63.7,25.78
Zenoh,LAN,64,7.307,0.479,0.009,78.62,13.09
Zenoh,LAN,64,7.944,0.314,0.045,79.39,26.78
Zenoh,LAN,64,7.476,0.435,0.0,71.64,17.85
Zenoh,LAN,64,7.428,0.832,0.006,70.76,22.86
Zenoh,LAN,64,7.356,0.711,0.014,72.45,12.99
Zenoh,LAN,64,7.674,0.232,0.046,73.28,13.95
Zenoh,LAN,64,6.597,0.101,0.028,79.62,12.41
Zenoh,LAN,64,7.513,0.315,0.0,72.6,17.13
Zenoh,LAN,64,5.82,0.567,0.004,78.41,20.95
Zenoh,LAN,64,6.254,0.565,0.0,75.42,16.68
Zenoh,LAN,64,7.187,0.365,0.075,83.51,26.17
Zenoh,LAN,64,6.118,0.646,0.088,82.72,27.69
Zenoh,LAN,64,7.39,0.414,0.007,70.99,19.48
Zenoh,LAN,64,6.495,0.345,0.05,74.44,28.6
Zenoh,LAN,64,7.398,0.539,0.031,78.75,23.18
Zenoh,LAN,64,7.173,0.658,0.073,68.6,21.46
Zenoh,LAN,64,8.015,0.595,0.048,73.62,22.53
Zenoh,LAN,64,7.974,0.763,0.017,76.0,17.04
Zenoh,LAN,64,5.938,0.34,0.02,74.38,24.05
Zenoh,LAN,64,6.197,0.734,0.025,68.27,20.18
Zenoh,LAN,64,7.646,0.683,0.03,82.04,23.78
Zenoh,LAN,64,7.834,0.414,0.037,69.96,19.19
Zenoh,LAN,64,7.269,0.632,0.037,74.74,23.63
Zenoh,LAN,64,6.884,0.328,0.034,75.56,18.61
Zenoh,LAN,64,7.486,0.781,0.04,64.54,14.62
Zenoh,LAN,64,6.657,0.218,0.042,82.06,24.63
Zenoh,LAN,64,8.192,0.838,0.023,77.07,19.4
Zenoh,LAN,64,7.658,0.425,0.058,67.1,21.2
Zenoh,LAN,64,6.155,0.452,0.054,75.57,23.0
Zenoh,LAN,64,7.899,0.437,0.009,77.91,19.89
Zenoh,LAN,64,7.071,0.643,0.041,66.51,17.28
Zenoh,LAN,64,7.347,0.338,0.013,85.09,14.05
Zenoh,LAN,64,6.85,0.719,0.042,80.46,21.31
Zenoh,LAN,64,7.065,0.761,0.03,68.99,18.23
Zenoh,LAN,64,6.471,0.442,0.044,75.64,28.81
Zenoh,LAN,64,6.687,0.967,0.042,75.56,18.45
Zenoh,LAN,64,6.531,0.417,0.036,75.43,18.48
Zenoh,LAN,64,8.099,0.361,0.047,68.29,19.83
Zenoh,LAN,64,7.821,0.443,0.036,77.65,18.66
Zenoh,LAN,64,7.993,0.803,0.023,59.22,18.52
Zenoh,LAN,64,5.82,0.849,0.04,81.91,20.51
Zenoh,LAN,64,8.308,0.785,0.042,74.66,14.79
Zenoh,LAN,64,6.211,0.662,0.012,78.1,14.06
Zenoh,LAN,64,6.354,0.427,0.039,73.82,20.56
Zenoh,LAN,64,7.029,0.4,0.051,73.1,23.58
Zenoh,LAN,64,7.095,0.369,0.047,74.67,22.12
Zenoh,LAN,64,5.995,0.68,0.0,81.07,14.09
Zenoh,LAN,64,7.106,0.555,0.048,79.5,26.48
Zenoh,LAN,64,6.986,0.773,0.068,76.59,22.87
Zenoh,LAN,64,6.716,0.491,0.02,72.36,20.41
Zenoh,LAN,64,7.325,0.721,0.007,71.44,10.44
Zenoh,LAN,64,6.586,0.302,0.048,84.31,15.1
Zenoh,LAN,64,7.597,0.611,0.041,80.0,19.25
Zenoh,LAN,64,6.73,0.613,0.017,80.06,24.18
Zenoh,LAN,64,7.643,0.862,0.0,74.96,19.83
Zenoh,LAN,64,6.546,0.371,0.024,72.14,24.01
Zenoh,LAN,64,7.51,0.506,0.048,70.01,26.79
Zenoh,LAN,64,7.499,0.232,0.031,67.38,22.58
Zenoh,LAN,64,7.138,0.78,0.056,67.0,22.13
Zenoh,LAN,64,7.894,0.52,0.032,76.71,16.2
Zenoh,LAN,64,8.053,0.144,0.024,76.13,13.78
Zenoh,LAN,64,8.735,0.642,0.058,80.32,17.95
Zenoh,LAN,64,6.858,0.456,0.048,72.23,18.52
Zenoh,LAN,64,6.234,0.524,0.03,81.26,17.0
Zenoh,LAN,64,7.386,0.396,0.023,69.29,13.84
Zenoh,LAN,64,6.961,0.413,0.05,74.22,23.83
Zenoh,LAN,64,8.174,0.819,0.031,81.86,14.98
Zenoh,LAN,64,7.353,0.901,0.005,66.91,16.21
Zenoh,LAN,64,7.333,0.733,0.0,71.26,28.46
Zenoh,LAN,64,6.826,0.269,0.0,81.01,19.8
Zenoh,LAN,64,7.246,0.347,0.011,77.85,15.26
Zenoh,LAN,64,7.429,0.399,0.008,71.4,20.45
Zenoh,LAN,64,8.187,0.479,0.068,76.11,18.0
Zenoh,LAN,64,6.595,0.649,0.026,66.85,24.07
Zenoh,LAN,64,6.777,0.297,0.031,74.99,20.36
Zenoh,LAN,64,7.228,0.751,0.04,88.35,19.97
Zenoh,LAN,64,6.941,0.491,0.007,75.6,19.36
Zenoh,LAN,64,7.347,0.576,0.0,76.06,17.59
Zenoh,LAN,64,7.606,0.462,0.0,83.97,17.18
Zenoh,LAN,64,7.686,0.717,0.045,90.52,24.1
Zenoh,LAN,64,7.194,0.572,0.063,79.81,24.44
Zenoh,LAN,64,6.486,0.806,0.036,84.69,20.44
Zenoh,LAN,64,7.588,0.692,0.046,78.44,17.74
Zenoh,LAN,64,5.997,0.463,0.029,74.32,18.54
Zenoh,LAN,64,7.723,0.613,0.017,78.07,9.34
Zenoh,LAN,64,8.025,0.45,0.028,88.86,19.33
Zenoh,LAN,64,7.569,0.553,0.0,68.59,18.95
Zenoh,LAN,64,7.851,0.634,0.045,67.83,14.66
Zenoh,LAN,64,7.561,0.53,0.013,77.58,16.33
Zenoh,LAN,64,6.976,0.65,0.008,71.67,24.04
Zenoh,LAN,64,7.216,0.348,0.029,75.14,12.27
Zenoh,LAN,64,7.614,0.45,0.05,82.21,15.41
Zenoh,LAN,64,6.202,0.613,0.042,78.02,16.57
Zenoh,LAN,64,7.948,0.775,0.039,75.56,19.63
Zenoh,LAN,64,6.693,0.406,0.042,86.78,20.47
Zenoh,LAN,64,7.436,0.692,0.024,79.86,19.21
Zenoh,LAN,64,6.577,0.436,0.011,77.11,17.07
Zenoh,LAN,64,7.546,0.653,0.076,79.97,21.44
Zenoh,LAN,64,6.925,0.19,0.007,74.77,20.34
Zenoh,LAN,64,6.011,0.539,0.052,73.17,21.7
Zenoh,LAN,64,7.391,0.456,0.038,74.84,21.04
Zenoh,LAN,64,6.045,0.533,0.006,74.84,20.17
Zenoh,LAN,64,5.84,0.616,0.014,76.17,21.67
Zenoh,LAN,64,6.384,0.662,0.0,78.27,23.97
Zenoh,LAN,64,7.153,0.543,0.022,74.91,22.45
Zenoh,LAN,64,6.38,0.123,0.009,81.03,19.16
Zenoh,LAN,64,7.672,0.712,0.005,69.2,20.34
Zenoh,LAN,64,7.065,0.581,0.005,69.19,18.86
Zenoh,LAN,64,8.085,0.391,0.064,82.05,20.64
Zenoh,LAN,64,8.97,0.589,0.029,74.25,17.14
Zenoh,LAN,64,7.989,0.607,0.033,68.89,18.23
Zenoh,LAN,64,6.431,0.574,0.017,76.83,20.22
Zenoh,LAN,64,7.36,0.83,0.019,55.05,22.5
Zenoh,LAN,64,6.958,0.578,0.022,70.5,23.28
Zenoh,LAN,64,7.682,0.51,0.037,71.46,23.01
Zenoh,LAN,64,7.233,0.754,0.04,71.58,25.63
Zenoh,LAN,64,6.382,0.57,0.037,77.45,21.32
Zenoh,LAN,64,6.647,0.375,0.064,61.98,16.05
Zenoh,LAN,64,8.103,0.8,0.007,74.13,27.29
Zenoh,LAN,64,6.56,0.29,0.004,77.55,21.09
Zenoh,LAN,64,6.75,0.471,0.033,72.69,24.24
Zenoh,LAN,64,7.806,0.291,0.028,66.46,23.76
Zenoh,LAN,64,7.158,0.746,0.0,81.9,18.66
Zenoh,LAN,64,6.863,0.465,0.051,77.0,25.26
Zenoh,LAN,64,7.273,0.716,0.037,59.94,22.68
Zenoh,LAN,64,7.21,0.681,0.044,71.83,16.58
Zenoh,LAN,64,6.756,0.275,0.004,77.34,21.61
Zenoh,LAN,64,6.037,0.41,0.049,64.19,18.6
Zenoh,LAN,64,7.609,0.647,0.014,73.23,16.3
Zenoh,LAN,64,7.473,0.769,0.029,68.67,16.63
Zenoh,LAN,64,7.348,0.513,0.039,68.49,17.47
Zenoh,LAN,64,6.116,0.622,0.054,69.94,20.84
Zenoh,LAN,64,7.458,0.648,0.008,87.12,21.37
Zenoh,LAN,64,7.33,0.54,0.001,73.34,18.01
Zenoh,LAN,64,7.383,0.545,0.016,67.61,23.95
Zenoh,LAN,64,6.88,0.664,0.068,65.62,21.78
Zenoh,LAN,64,8.15,0.926,0.017,77.97,18.91
Zenoh,LAN,64,7.229,0.593,0.035,79.46,20.59
Zenoh,LAN,64,6.384,0.587,0.026,64.96,20.56
Zenoh,LAN,64,7.303,0.479,0.044,67.28,14.13
Zenoh,LAN,64,6.403,0.596,0.037,80.15,21.19
Zenoh,LAN,64,7.135,0.272,0.024,83.03,22.84
Zenoh,LAN,64,7.401,0.542,0.069,67.0,29.22
Zenoh,LAN,64,7.535,0.709,0.029,72.43,16.97
Zenoh,LAN,64,7.367,0.628,0.015,78.67,20.2
Zenoh,LAN,64,8.213,0.253,0.044,84.86,24.3
Zenoh,LAN,64,7.037,0.466,0.054,76.54,19.86
Zenoh,LAN,64,7.002,0.508,0.058,76.18,14.45
Zenoh,LAN,64,6.754,0.786,0.029,77.24,22.04
Zenoh,LAN,64,7.149,0.973,0.028,68.43,19.64
Zenoh,LAN,64,6.054,0.313,0.025,85.62,17.02
Zenoh,LAN,64,6.337,0.894,0.0,73.03,19.49
Zenoh,LAN,64,7.167,0.766,0.049,75.67,18.86
Zenoh,LAN,64,5.829,0.521,0.042,81.27,21.36
Zenoh,LAN,64,7.368,0.901,0.042,74.2,19.28
Zenoh,LAN,64,6.872,0.442,0.041,75.3,18.28
Zenoh,LAN,64,7.385,0.916,0.024,83.43,20.38
Zenoh,LAN,64,6.817,0.604,0.039,78.33,17.65
Zenoh,LAN,64,7.729,0.718,0.044,62.27,14.39
Zenoh,LAN,64,7.283,0.757,0.04,73.66,29.07
Zenoh,LAN,64,5.951,0.61,0.003,80.54,20.72
Zenoh,LAN,64,7.702,0.556,0.014,70.32,20.15
Zenoh,LAN,64,8.202,0.56,0.03,76.16,19.22
Zenoh,LAN,64,6.851,0.321,0.011,77.56,18.55
Zenoh,LAN,64,6.382,0.48,0.052,68.85,23.18
Zenoh,LAN,64,4.901,0.744,0.05,77.88,15.65
Zenoh,LAN,64,7.684,0.646,0.012,71.84,18.87
Zenoh,LAN,64,7.121,0.715,0.001,68.23,15.76
Zenoh,LAN,64,7.399,0.073,0.029,69.39,22.28
Zenoh,LAN,64,6.173,0.56,0.041,76.72,23.73
Zenoh,LAN,64,6.245,0.67,0.053,70.36,21.38
Zenoh,LAN,64,8.351,0.541,0.019,77.52,23.3
Zenoh,LAN,64,8.069,0.533,0.028,85.79,21.43
Zenoh,LAN,64,6.58,0.804,0.027,70.71,22.3
Zenoh,LAN,64,7.318,0.515,0.024,80.63,15.29
Zenoh,LAN,64,7.818,0.816,0.046,69.34,20.73
Zenoh,LAN,64,7.892,0.629,0.018,69.42,24.05
Zenoh,LAN,64,7.848,0.24,0.018,76.89,25.59
Zenoh,LAN,64,8.037,0.627,0.06,80.83,23.02
Zenoh,LAN,64,6.148,0.69,0.058,73.28,22.13
Zenoh,LAN,64,7.575,0.489,0.047,79.12,21.73
Zenoh,LAN,64,6.644,0.276,0.04,77.27,26.41
Zenoh,LAN,64,6.024,0.507,0.038,88.91,23.37
Zenoh,LAN,64,5.989,0.446,0.034,63.62,17.08
Zenoh,LAN,64,6.807,0.858,0.002,76.51,22.48
Zenoh,LAN,64,7.753,0.438,0.019,73.47,21.92
Zenoh,LAN,64,5.735,0.447,0.035,65.93,23.06
Zenoh,LAN,64,7.274,0.652,0.062,80.96,12.71
Zenoh,LAN,64,6.971,0.684,0.022,71.63,16.07
Zenoh,LAN,64,8.321,0.249,0.023,68.15,24.38
Zenoh,LAN,64,6.603,0.54,0.042,66.27,21.3
Zenoh,LAN,64,7.809,0.192,0.058,84.43,15.22
Zenoh,LAN,64,6.803,0.802,0.016,68.98,16.85
Zenoh,LAN,64,7.865,0.918,0.043,70.01,20.23
Zenoh,LAN,64,7.922,0.284,0.031,66.28,18.65
Zenoh,LAN,64,7.225,0.426,0.049,83.81,23.03
Zenoh,LAN,64,6.992,0.5,0.015,67.86,24.08
Zenoh,LAN,64,6.641,0.437,0.017,70.54,21.93
Zenoh,LAN,64,6.849,0.085,0.045,76.92,20.95
Zenoh,LAN,64,7.484,0.579,0.06,81.22,18.92
Zenoh,LAN,64,7.337,0.735,0.024,75.02,9.61
Zenoh,LAN,64,7.584,0.598,0.007,78.65,20.78
Zenoh,LAN,64,7.06,0.459,0.06,77.05,23.22
Zenoh,LAN,64,5.493,0.511,0.045,81.1,20.97
Zenoh,LAN,64,6.615,0.693,0.003,79.86,24.45
Zenoh,LAN,64,7.808,0.783,0.0,73.81,24.12
Zenoh,LAN,64,7.246,0.431,0.031,85.66,26.93
Zenoh,LAN,64,6.965,0.642,0.005,79.05,20.4
Zenoh,LAN,64,6.459,0.555,0.09,66.37,19.46
Zenoh,LAN,64,6.621,0.414,0.036,80.92,14.89
Zenoh,LAN,64,7.299,0.822,0.051,66.72,20.58
Zenoh,LAN,64,8.456,0.523,0.03,71.52,16.38
Zenoh,LAN,64,7.082,0.289,0.021,85.55,15.72
Zenoh,LAN,64,7.164,0.573,0.047,70.38,21.15
Zenoh,LAN,64,8.198,0.643,0.026,75.64,14.87
Zenoh,LAN,64,7.059,0.362,0.051,80.65,23.67
Zenoh,LAN,64,7.218,0.516,0.03,82.37,15.54
Zenoh,LAN,64,6.423,0.627,0.0,74.46,22.48
Zenoh,LAN,64,8.752,0.33,0.048,76.47,17.81
Zenoh,LAN,64,7.176,0.761,0.037,74.24,18.94
Zenoh,LAN,64,7.316,0.45,0.036,79.98,21.61
Zenoh,LAN,64,7.317,0.551,0.014,80.8,19.73
Zenoh,LAN,64,6.778,0.869,0.048,76.61,13.96
Zenoh,LAN,64,7.789,0.348,0.0,65.4,17.23
Zenoh,LAN,64,7.64,0.036,0.021,73.25,15.44
Zenoh,LAN,64,7.612,0.426,0.023,73.3,20.7
Zenoh,LAN,64,6.751,0.551,0.047,71.92,21.44
Zenoh,LAN,64,7.008,0.322,0.027,64.84,15.54
Zenoh,LAN,64,6.164,0.687,0.043,69.62,17.25
Zenoh,LAN,64,6.585,0.409,0.036,70.78,17.93
Zenoh,LAN,64,7.448,0.379,0.037,65.65,20.3
Zenoh,LAN,64,7.917,0.812,0.042,75.44,22.22
Zenoh,LAN,64,7.451,0.738,0.025,73.51,20.41
Zenoh,LAN,64,6.65,0.513,0.009,71.06,20.41
Zenoh,LAN,64,7.864,0.678,0.013,69.96,23.01
Zenoh,LAN,64,7.457,0.654,0.052,74.09,17.12
Zenoh,LAN,64,6.861,0.412,0.012,70.14,22.75
Zenoh,LAN,64,6.954,0.484,0.0,65.98,20.69
Zenoh,LAN,64,7.746,0.279,0.027,90.24,21.37
Zenoh,LAN,64,7.283,0.581,0.0,66.33,18.28
Zenoh,LAN,64,7.573,0.609,0.038,73.41,21.62
Zenoh,LAN,64,6.873,0.171,0.057,80.88,16.3
Zenoh,LAN,64,6.704,0.643,0.034,75.97,16.09
Zenoh,LAN,64,7.073,0.648,0.031,68.18,17.18
Zenoh,LAN,64,7.241,0.216,0.042,87.97,20.49
Zenoh,LAN,64,7.845,0.448,0.05,77.5,17.66
Zenoh,LAN,64,7.667,0.656,0.042,74.71,24.5
Zenoh,LAN,64,7.137,0.545,0.038,74.48,20.23
Zenoh,LAN,64,8.297,0.421,0.043,82.16,25.21
Zenoh,LAN,64,6.19,0.878,0.044,70.52,20.88
Zenoh,LAN,64,5.961,0.676,0.012,84.81,16.95
Zenoh,LAN,64,7.908,0.532,0.009,70.2,34.18
Zenoh,LAN,64,7.216,0.5,0.013,62.54,23.64
Zenoh,LAN,64,7.104,0.557,0.033,79.16,19.39
Zenoh,LAN,64,6.492,0.598,0.002,74.71,15.07
Zenoh,LAN,64,7.375,0.493,0.017,70.53,21.23
Zenoh,LAN,64,7.702,0.558,0.0,74.86,20.37
Zenoh,LAN,64,6.614,0.482,0.015,84.14,19.57
Zenoh,LAN,64,7.674,0.662,0.0,67.49,16.63
Zenoh,WAN,1,5.07,0.829,1.185,65.61,17.0
Zenoh,WAN,1,6.461,0.912,0.355,68.13,18.82
Zenoh,WAN,1,6.153,0.316,0.623,82.74,19.35
Zenoh,WAN,1,6.938,0.7,0.76,75.46,19.31
Zenoh,WAN,1,6.236,0.683,0.416,64.01,15.73
Zenoh,WAN,1,4.418,0.604,0.925,63.97,24.35
Zenoh,WAN,1,5.341,0.782,0.669,78.32,22.48
Zenoh,WAN,1,5.6,0.659,1.051,56.7,17.81
Zenoh,WAN,1,6.126,0.847,0.747,67.26,20.03
Zenoh,WAN,1,5.91,0.572,0.405,70.59,16.8
Zenoh,WAN,1,5.921,0.685,0.946,62.94,19.69
Zenoh,WAN,1,6.07,0.574,0.179,73.77,15.39
Zenoh,WAN,1,5.204,0.493,0.732,62.84,22.56
Zenoh,WAN,1,5.693,0.396,0.794,70.55,22.19
Zenoh,WAN,1,6.455,0.471,0.86,65.07,18.02
Zenoh,WAN,1,5.661,0.745,0.366,75.04,15.56
Zenoh,WAN,1,6.498,0.589,0.414,67.52,21.84
Zenoh,WAN,1,5.469,0.713,0.428,61.76,20.76
Zenoh,WAN,1,7.253,0.776,0.964,75.59,17.29
Zenoh,WAN,1,5.85,0.683,0.508,69.09,23.86
Zenoh,WAN,1,6.637,0.768,0.743,61.3,24.23
Zenoh,WAN,1,6.078,0.793,0.254,74.57,19.23
Zenoh,WAN,1,5.755,0.529,0.822,64.08,22.86
Zenoh,WAN,1,5.314,0.553,0.862,63.63,23.57
Zenoh,WAN,1,5.213,0.688,1.022,67.74,20.52
Zenoh,WAN,1,5.346,0.783,0.545,65.81,18.38
Zenoh,WAN,1,6.233,0.562,0.628,73.86,17.74
Zenoh,WAN,1,6.996,0.469,1.021,80.95,24.33
Zenoh,WAN,1,6.206,0.843,0.815,70.69,14.18
Zenoh,WAN,1,5.748,0.541,0.053,72.84,16.9
Zenoh,WAN,1,7.009,0.603,0.845,72.28,21.56
Zenoh,WAN,1,7.249,0.522,0.956,63.23,12.37
Zenoh,WAN,1,5.616,0.951,0.421,80.16,20.0
Zenoh,WAN,1,5.378,0.566,0.929,72.8,23.09
Zenoh,WAN,1,5.364,0.557,0.854,81.23,26.06
Zenoh,WAN,1,6.277,0.755,0.307,69.56,19.41
Zenoh,WAN,1,6.447,0.573,0.818,73.7,19.33
Zenoh,WAN,1,4.018,0.525,0.587,71.18,16.24
Zenoh,WAN,1,6.952,0.52,0.595,73.14,19.13
Zenoh,WAN,1,5.285,0.863,0.144,65.01,21.47
Zenoh,WAN,1,6.386,0.614,0.577,55.81,18.59
Zenoh,WAN,1,5.437,0.908,1.027,74.79,15.53
Zenoh,WAN,1,5.942,0.742,0.612,67.38,20.75
Zenoh,WAN,1,5.166,0.8,0.732,75.35,25.11
Zenoh,WAN,1,4.491,1.116,0.436,70.63,19.15
Zenoh,WAN,1,7.029,0.823,0.585,63.76,17.53
Zenoh,WAN,1,6.826,0.657,0.553,72.97,15.55
Zenoh,WAN,1,6.635,0.467,0.305,67.03,28.48
Zenoh,WAN,1,6.932,0.549,0.839,71.05,16.25
Zenoh,WAN,1,5.085,0.693,1.095,77.19,18.7
Zenoh,WAN,1,6.985,0.373,0.31,62.77,20.6
Zenoh,WAN,1,7.1,0.302,0.71,66.03,10.37
Zenoh,WAN,1,6.163,0.6,1.02,63.94,18.0
Zenoh,WAN,1,6.531,0.854,0.93,72.45,14.5
Zenoh,WAN,1,5.503,0.721,0.592,83.7,26.37
Zenoh,WAN,1,5.996,0.852,0.927,60.56,21.94
Zenoh,WAN,1,6.995,0.55,0.736,72.38,20.52
Zenoh,WAN,1,4.694,0.619,0.536,79.57,23.63
Zenoh,WAN,1,6.286,0.753,0.317,64.7,18.21
Zenoh,WAN,1,5.853,0.547,0.848,78.17,18.48
Zenoh,WAN,1,5.013,0.629,0.413,67.59,18.1
Zenoh,WAN,1,5.946,0.523,0.484,62.33,20.6
Zenoh,WAN,1,6.534,0.786,0.858,75.51,18.92
Zenoh,WAN,1,5.181,0.54,0.897,71.98,21.6
Zenoh,WAN,1,6.203,0.255,0.681,66.98,21.36
Zenoh,WAN,1,5.287,0.328,0.431,75.79,15.53
Zenoh,WAN,1,5.34,0.688,0.793,76.01,15.0
Zenoh,WAN,1,4.875,0.745,1.223,57.11,21.89
Zenoh,WAN,1,6.417,0.54,0.681,61.44,22.03
Zenoh,WAN,1,5.318,0.833,0.644,67.59,22.19
Zenoh,WAN,1,5.467,0.62,0.741,74.49,23.52
Zenoh,WAN,1,5.426,0.838,0.248,71.87,19.38
Zenoh,WAN,1,5.727,1.097,0.401,68.16,20.53
Zenoh,WAN,1,6.143,0.629,0.362,88.96,23.68
Zenoh,WAN,1,5.74,0.772,0.516,66.19,24.35
Zenoh,WAN,1,6.424,0.729,0.738,72.25,19.15
Zenoh,WAN,1,5.59,0.187,0.838,83.95,27.99
Zenoh,WAN,1,5.188,0.646,0.228,69.88,18.05
Zenoh,WAN,1,6.063,0.154,0.434,77.36,20.09
Zenoh,WAN,1,6.29,0.702,0.239,83.65,19.76
Zenoh,WAN,1,5.164,0.53,1.166,67.0,16.76
Zenoh,WAN,1,5.072,0.56,1.03,62.64,21.72
Zenoh,WAN,1,5.525,0.722,0.379,67.25,19.95
Zenoh,WAN,1,6.827,0.579,0.732,71.96,21.14
Zenoh,WAN,1,4.871,0.882,1.1,73.29,20.91
Zenoh,WAN,1,5.659,0.789,0.187,57.64,23.13
Zenoh,WAN,1,5.942,0.223,0.837,76.3,16.16
Zenoh,WAN,1,5.127,0.467,1.014,78.59,19.3
Zenoh,WAN,1,6.08,0.966,0.277,76.34,19.0
Zenoh,WAN,1,5.586,0.358,0.67,71.64,10.92
Zenoh,WAN,1,6.708,0.785,0.763,66.86,26.2
Zenoh,WAN,1,4.717,0.576,0.952,72.78,21.33
Zenoh,WAN,1,6.346,0.828,0.829,58.98,19.74
Zenoh,WAN,1,5.769,0.872,1.257,57.82,22.69
Zenoh,WAN,1,5.561,0.245,0.694,65.1,20.82
Zenoh,WAN,1,5.913,0.784,0.979,73.09,12.63
Zenoh,WAN,1,7.163,0.478,0.903,66.88,17.77
Zenoh,WAN,1,6.596,0.853,0.846,71.8,17.54
Zenoh,WAN,1,6.457,0.49,0.473,62.57,19.75
Zenoh,WAN,1,5.715,0.149,0.354,72.67,25.44
Zenoh,WAN,1,5.704,0.407,0.637,68.57,15.32
Zenoh,WAN,1,6.7,0.429,0.682,62.71,16.03
Zenoh,WAN,1,4.32,0.602,0.6,63.82,19.55
Zenoh,WAN,1,6.217,0.75,0.53,65.98,18.56
Zenoh,WAN,1,5.543,0.689,0.806,64.2,24.32
Zenoh,WAN,1,6.697,0.651,0.619,75.01,20.79
Zenoh,WAN,1,5.463,0.361,0.828,73.33,29.18
Zenoh,WAN,1,6.026,0.73,0.758,68.94,19.26
Zenoh,WAN,1,4.467,0.539,0.873,63.4,19.16
Zenoh,WAN,1,6.652,1.049,0.878,67.97,14.0
Zenoh,WAN,1,5.066,0.362,0.811,65.1,6.94
Zenoh,WAN,1,6.279,0.674,0.993,75.39,20.32
Zenoh,WAN,1,5.548,0.315,0.532,65.41,23.01
Zenoh,WAN,1,5.722,0.672,0.221,69.41,14.91
Zenoh,WAN,1,6.297,0.684,0.433,65.84,19.96
Zenoh,WAN,1,6.245,0.594,0.566,66.57,20.17
Zenoh,WAN,1,6.244,0.945,0.836,68.56,22.33
Zenoh,WAN,1,6.049,0.864,1.178,67.65,23.76
Zenoh,WAN,1,5.301,0.483,0.649,80.76,23.71
Zenoh,WAN,1,5.763,0.866,1.042,66.0,15.56
Zenoh,WAN,1,5.323,0.608,0.108,57.48,16.55
Zenoh,WAN,1,5.706,0.823,1.056,61.37,20.11
Zenoh,WAN,1,6.214,0.85,0.802,67.35,20.89
Zenoh,WAN,1,5.859,0.544,0.677,65.46,18.51
Zenoh,WAN,1,5.988,0.484,0.254,56.79,18.47
Zenoh,WAN,1,5.357,0.596,0.569,69.11,18.36
Zenoh,WAN,1,5.384,0.709,0.679,61.94,21.0
Zenoh,WAN,1,5.662,0.591,0.588,66.01,24.0
Zenoh,WAN,1,6.43,0.574,0.887,75.45,21.49
Zenoh,WAN,1,5.661,0.494,0.609,65.34,24.45
Zenoh,WAN,1,5.856,0.896,0.881,72.29,23.67
Zenoh,WAN,1,6.366,0.748,0.522,67.33,20.86
Zenoh,WAN,1,5.542,0.43,0.401,74.13,23.28
Zenoh,WAN,1,6.507,0.746,0.714,68.39,26.87
Zenoh,WAN,1,5.225,0.376,0.736,72.84,20.79
Zenoh,WAN,1,6.023,0.508,0.675,63.82,22.75
Zenoh,WAN,1,6.016,0.575,0.638,64.67,23.21
Zenoh,WAN,1,5.153,0.646,0.653,76.66,14.12
Zenoh,WAN,1,6.82,0.463,0.893,77.04,13.79
Zenoh,WAN,1,4.892,0.872,0.447,67.05,24.62
Zenoh,WAN,1,5.263,0.593,0.825,65.52,23.37
Zenoh,WAN,1,5.881,0.958,0.478,61.59,21.21
Zenoh,WAN,1,6.387,0.511,0.785,69.46,18.26
Zenoh,WAN,1,5.48,0.692,1.237,71.44,25.07
Zenoh,WAN,1,5.672,0.673,0.477,63.75,15.02
Zenoh,WAN,1,5.637,0.634,0.579,74.09,18.67
Zenoh,WAN,1,5.504,0.463,0.791,69.52,10.55
Zenoh,WAN,1,6.269,0.995,0.701,74.48,23.25
Zenoh,WAN,1,6.873,0.515,0.39,77.64,22.23
Zenoh,WAN,1,4.81,0.85,0.622,65.0,18.58
Zenoh,WAN,1,5.223,0.321,1.145,64.4,16.83
Zenoh,WAN,1,7.041,0.604,1.097,62.51,18.92
Zenoh,WAN,1,6.268,0.7,0.643,75.08,23.61
Zenoh,WAN,1,6.684,0.547,0.833,82.89,21.63
Zenoh,WAN,1,5.891,0.854,0.937,67.35,18.24
Zenoh,WAN,1,5.582,0.461,0.425,66.77,19.02
Zenoh,WAN,1,6.442,0.088,0.963,53.74,13.0
Zenoh,WAN,1,6.195,0.653,0.619,67.23,20.4
Zenoh,WAN,1,6.88,0.58,0.554,78.5,28.21
Zenoh,WAN,1,5.803,0.187,0.47,78.99,15.08
Zenoh,WAN,1,6.334,0.329,0.646,66.05,24.38
Zenoh,WAN,1,6.059,0.723,0.415,76.13,22.55
Zenoh,WAN,1,5.722,0.74,1.089,67.11,27.26
Zenoh,WAN,1,6.224,1.157,0.013,70.77,15.45
Zenoh,WAN,1,7.428,0.135,0.843,79.18,20.47
Zenoh,WAN,1,5.816,0.844,0.121,73.74,18.75
Zenoh,WAN,1,4.309,0.644,0.227,75.2,17.79
Zenoh,WAN,1,6.399,0.556,0.77,84.18,17.12
Zenoh,WAN,1,6.915,0.553,0.851,78.77,24.4
Zenoh,WAN,1,6.349,0.67,1.036,76.39,14.53
Zenoh,WAN,1,5.976,0.744,1.003,72.31,23.06
Zenoh,WAN,1,5.673,0.354,0.82,66.09,26.36
Zenoh,WAN,1,6.991,0.808,0.792,74.34,23.51
Zenoh,WAN,1,6.935,0.997,0.811,68.84,16.6
Zenoh,WAN,1,5.497,1.03,0.662,57.04,19.46
Zenoh,WAN,1,6.313,0.788,0.46,59.27,20.97
Zenoh,WAN,1,6.402,0.643,0.7,59.56,18.4
Zenoh,WAN,1,6.765,0.645,0.409,71.08,25.02
Zenoh,WAN,1,6.475,0.398,0.692,66.71,26.04
Zenoh,WAN,1,5.847,0.702,0.713,72.17,24.31
Zenoh,WAN,1,4.088,0.506,0.757,73.27,19.18
Zenoh,WAN,1,5.737,0.548,0.786,74.51,13.52
Zenoh,WAN,1,6.011,0.909,0.635,64.9,21.22
Zenoh,WAN,1,5.408,0.819,0.781,71.89,18.4
Zenoh,WAN,1,5.693,0.59,0.827,74.31,20.37
Zenoh,WAN,1,6.829,0.746,0.313,66.18,24.5
Zenoh,WAN,1,6.158,0.764,0.812,74.75,20.76
Zenoh,WAN,1,6.308,0.178,0.744,63.06,17.07
Zenoh,WAN,1,4.989,0.745,0.448,71.79,21.47
Zenoh,WAN,1,5.81,0.966,0.85,79.78,14.42
Zenoh,WAN,1,7.692,0.631,0.564,84.17,25.44
Zenoh,WAN,1,5.692,0.727,0.368,70.36,13.54
Zenoh,WAN,1,6.079,0.737,0.741,75.45,21.26
Zenoh,WAN,1,6.605,0.231,0.679,65.45,19.23
Zenoh,WAN,1,6.23,0.534,0.845,68.68,19.19
Zenoh,WAN,1,6.003,0.768,1.093,61.06,20.69
Zenoh,WAN,1,5.639,0.466,0.987,81.29,18.46
Zenoh,WAN,1,5.347,0.616,0.579,71.27,19.06
Zenoh,WAN,1,4.678,0.416,0.547,62.44,19.21
Zenoh,WAN,1,5.649,0.619,0.937,71.8,20.66
Zenoh,WAN,1,6.186,0.057,0.407,72.99,20.44
Zenoh,WAN,1,6.04,0.591,0.561,68.41,26.77
Zenoh,WAN,1,5.362,0.644,0.718,70.92,21.73
Zenoh,WAN,1,5.947,0.771,1.088,74.74,10.0
Zenoh,WAN,1,6.675,0.48,0.726,60.92,20.16
Zenoh,WAN,1,5.177,0.437,1.099,69.09,26.55
Zenoh,WAN,1,6.551,0.47,0.941,59.72,24.03
Zenoh,WAN,1,6.749,0.593,0.846,79.69,9.29
Zenoh,WAN,1,5.448,0.759,1.013,64.26,14.98
Zenoh,WAN,1,7.111,0.902,0.432,64.96,21.51
Zenoh,WAN,1,5.982,0.898,0.726,68.68,13.52
Zenoh,WAN,1,4.971,0.905,0.963,72.74,19.08
Zenoh,WAN,1,7.12,0.822,0.704,73.22,27.57
Zenoh,WAN,1,6.816,0.778,0.223,72.41,20.17
Zenoh,WAN,1,5.831,0.171,1.02,61.35,22.73
Zenoh,WAN,1,6.472,0.769,0.635,58.89,20.59
Zenoh,WAN,1,5.959,0.879,0.796,72.47,14.81
Zenoh,WAN,1,4.725,0.79,0.424,66.18,24.3
Zenoh,WAN,1,5.759,0.912,0.978,65.34,15.86
Zenoh,WAN,1,5.9,0.76,0.918,57.9,24.89
Zenoh,WAN,1,6.262,0.369,0.512,63.7,26.89
Zenoh,WAN,1,7.642,0.534,0.55,69.21,16.37
Zenoh,WAN,1,6.256,0.884,0.192,71.1,20.73
Zenoh,WAN,1,5.994,0.641,0.878,58.53,18.57
Zenoh,WAN,1,6.279,0.735,0.504,63.91,13.27
Zenoh,WAN,1,5.53,0.656,0.777,71.5,23.22
Zenoh,WAN,1,4.959,0.623,0.984,75.11,20.18
Zenoh,WAN,1,5.548,0.534,1.226,67.61,19.48
Zenoh,WAN,1,6.55,0.404,0.555,82.83,13.08
Zenoh,WAN,1,5.583,0.749,0.525,74.32,26.37
Zenoh,WAN,1,5.642,0.582,0.477,66.82,23.94
Zenoh,WAN,1,6.291,0.527,0.878,70.86,22.28
Zenoh,WAN,1,5.602,0.33,0.577,68.88,26.83
Zenoh,WAN,1,5.787,0.847,1.157,68.35,23.52
Zenoh,WAN,1,5.639,0.589,1.127,64.93,18.64
Zenoh,WAN,1,5.628,1.195,0.782,71.66,12.99
Zenoh,WAN,1,4.526,0.598,0.772,71.09,12.69
Zenoh,WAN,1,5.925,0.499,0.848,64.09,16.05
Zenoh,WAN,1,6.392,0.572,0.412,68.58,22.87
Zenoh,WAN,1,6.43,0.545,0.581,74.85,24.11
Zenoh,WAN,1,5.224,0.721,0.71,75.59,13.57
Zenoh,WAN,1,5.04,0.542,0.798,73.97,21.71
Zenoh,WAN,1,6.023,0.463,0.711,70.57,20.49
Zenoh,WAN,1,5.444,0.51,0.99,66.31,20.19
Zenoh,WAN,1,6.045,0.482,0.556,68.75,13.98
Zenoh,WAN,1,4.989,0.391,0.699,79.31,20.64
Zenoh,WAN,1,5.808,0.593,0.512,67.68,23.03
Zenoh,WAN,1,4.559,0.532,0.409,65.29,24.83
Zenoh,WAN,1,6.456,0.55,0.608,66.28,18.8
Zenoh,WAN,1,6.092,0.375,0.933,69.68,18.3
Zenoh,WAN,1,4.864,0.456,0.431,57.03,17.17
Zenoh,WAN,1,5.702,0.488,0.306,65.26,14.01
Zenoh,WAN,1,6.368,0.936,0.356,75.71,18.43
Zenoh,WAN,1,6.116,0.747,0.735,66.82,28.38
Zenoh,WAN,1,5.782,0.602,0.592,62.55,19.23
Zenoh,WAN,1,5.29,0.963,0.333,79.7,16.55
Zenoh,WAN,1,6.129,0.526,0.626,70.61,19.51
Zenoh,WAN,1,6.272,0.498,0.717,70.69,21.53
Zenoh,WAN,1,5.84,0.371,0.57,59.56,20.51
Zenoh,WAN,1,5.206,0.747,0.86,84.91,26.86
Zenoh,WAN,1,5.847,0.462,0.691,56.47,17.5
Zenoh,WAN,1,5.857,0.712,0.722,68.95,22.05
Zenoh,WAN,1,5.892,0.778,0.682,75.82,17.26
Zenoh,WAN,1,6.885,0.636,0.691,77.4,18.54
Zenoh,WAN,1,5.705,0.875,0.718,78.7,21.95
Zenoh,WAN,1,5.918,0.675,0.821,81.58,22.89
Zenoh,WAN,1,4.68,0.789,0.454,64.64,17.16
Zenoh,WAN,1,5.175,0.8,0.449,65.42,17.72
Zenoh,WAN,1,7.136,0.766,0.726,71.87,19.1
Zenoh,WAN,1,6.257,0.267,0.703,65.47,18.98
Zenoh,WAN,1,6.018,0.689,0.771,77.08,18.37
Zenoh,WAN,1,6.115,0.818,0.382,72.61,24.73
Zenoh,WAN,1,6.394,0.618,0.553,61.84,19.19
Zenoh,WAN,1,6.514,0.789,0.746,59.21,20.85
Zenoh,WAN,1,5.403,0.399,0.799,72.73,18.38
Zenoh,WAN,1,5.901,0.907,0.834,60.78,26.41
Zenoh,WAN,1,5.927,0.503,0.731,71.82,22.72
Zenoh,WAN,1,7.003,0.664,1.001,82.26,21.21
Zenoh,WAN,1,6.604,0.574,0.994,73.14,20.3
Zenoh,WAN,1,5.522,0.606,1.152,72.71,16.04
Zenoh,WAN,1,5.996,0.501,0.705,78.65,19.39
Zenoh,WAN,1,5.172,0.529,0.592,75.61,23.51
Zenoh,WAN,1,7.172,0.364,0.466,64.17,18.85
Zenoh,WAN,1,5.679,0.46,0.732,73.81,23.02
Zenoh,WAN,1,6.82,0.571,0.514,71.49,20.13
Zenoh,WAN,1,6.031,0.853,0.732,56.41,26.32
Zenoh,WAN,1,5.99,0.488,0.576,69.84,21.32
Zenoh,WAN,1,6.369,0.519,0.41,66.87,14.14
Zenoh,WAN,1,6.371,0.753,0.502,74.25,16.36
Zenoh,WAN,1,6.563,0.564,0.661,62.29,17.6
Zenoh,WAN,1,5.829,0.399,0.375,76.63,20.91
Zenoh,WAN,1,6.068,0.383,0.372,64.58,15.23
Zenoh,WAN,1,5.405,0.692,0.509,74.28,19.89
Zenoh,WAN,1,6.54,0.584,0.545,66.2,23.54
Zenoh,WAN,1,5.523,0.708,0.966,70.11,23.8
Zenoh,WAN,1,5.642,0.208,0.664,65.97,14.91
Zenoh,WAN,1,5.506,0.748,0.351,70.76,22.83
Zenoh,WAN,1,4.624,0.645,1.104,57.04,21.32
Zenoh,WAN,1,5.682,0.699,0.643,71.65,16.93
Zenoh,WAN,1,5.423,0.441,0.663,72.13,15.93
Zenoh,WAN,4,5.659,0.442,0.929,65.5,21.38
Zenoh,WAN,4,6.364,0.408,0.653,72.7,24.61
Zenoh,WAN,4,6.22,0.936,1.05,73.93,18.44
Zenoh,WAN,4,7.056,0.653,0.399,68.49,12.72
Zenoh,WAN,4,5.744,0.761,0.736,62.6,22.82
Zenoh,WAN,4,6.001,0.653,0.745,68.41,18.89
Zenoh,WAN,4,5.757,0.631,0.548,70.23,17.41
Zenoh,WAN,4,6.492,0.665,0.607,69.81,19.47
Zenoh,WAN,4,6.683,0.616,0.565,68.52,18.68
Zenoh,WAN,4,6.771,0.798,0.898,71.81,21.96
Zenoh,WAN,4,7.523,0.606,0.771,69.23,16.63
Zenoh,WAN,4,6.407,0.567,0.639,76.26,12.83
Zenoh,WAN,4,6.622,0.564,0.805,69.41,18.93
Zenoh,WAN,4,6.593,0.554,0.54,68.66,25.15
Zenoh,WAN,4,6.316,0.693,0.985,75.05,22.56
Zenoh,WAN,4,7.094,0.595,1.249,75.9,25.69
Zenoh,WAN,4,5.939,0.379,0.371,73.56,22.67
Zenoh,WAN,4,5.59,0.8,0.423,64.89,11.8
Zenoh,WAN,4,5.574,0.649,0.737,74.98,21.49
Zenoh,WAN,4,5.441,0.431,0.743,60.5,16.11
Zenoh,WAN,4,4.384,0.824,0.167,65.63,19.43
Zenoh,WAN,4,6.683,1.03,0.543,79.86,29.16
Zenoh,WAN,4,5.828,0.527,0.803,75.05,21.41
Zenoh,WAN,4,5.748,0.526,0.676,75.08,21.75
Zenoh,WAN,4,6.885,0.414,0.73,70.45,21.42
Zenoh,WAN,4,6.566,0.427,0.379,72.73,21.42
Zenoh,WAN,4,6.628,0.898,0.508,63.46,28.77
Zenoh,WAN,4,5.292,0.641,0.359,63.26,16.65
Zenoh,WAN,4,5.845,0.399,0.753,76.49,18.79
Zenoh,WAN,4,5.99,0.465,0.475,79.65,17.54
Zenoh,WAN,4,6.249,0.356,0.925,62.37,24.19
Zenoh,WAN,4,5.823,0.675,0.589,77.12,18.86
Zenoh,WAN,4,6.305,0.709,1.022,73.25,16.52
Zenoh,WAN,4,6.318,0.457,0.91,66.15,25.46
Zenoh,WAN,4,6.222,0.876,0.542,77.32,19.45
Zenoh,WAN,4,6.085,0.804,0.63,77.1,25.41
Zenoh,WAN,4,6.748,0.687,0.567,68.22,18.74
Zenoh,WAN,4,6.485,0.618,0.777,61.58,19.02
Zenoh,WAN,4,5.832,0.389,0.482,72.05,18.21
Zenoh,WAN,4,6.734,0.408,0.772,82.5,23.44
Zenoh,WAN,4,6.71,0.469,1.041,67.49,22.98
Zenoh,WAN,4,5.424,0.767,1.033,70.11,24.62
Zenoh,WAN,4,6.659,0.701,0.799,65.8,16.71
Zenoh,WAN,4,6.555,0.576,0.382,72.27,24.0
Zenoh,WAN,4,6.485,0.9,0.749,83.23,17.73
Zenoh,WAN,4,6.254,0.626,1.028,73.92,14.19
Zenoh,WAN,4,6.066,0.515,0.75,70.71,20.81
Zenoh,WAN,4,6.494,0.537,0.684,67.17,22.81
Zenoh,WAN,4,6.99,0.484,0.771,71.56,18.17
Zenoh,WAN,4,5.506,0.951,0.64,71.66,23.51
Zenoh,WAN,4,7.528,0.626,0.07,68.01,20.73
Zenoh,WAN,4,6.205,0.566,0.772,64.27,13.35
Zenoh,WAN,4,6.843,0.815,0.726,68.71,21.21
Zenoh,WAN,4,6.234,0.465,0.477,69.01,10.78
Zenoh,WAN,4,5.543,0.303,0.974,65.2,19.06
Zenoh,WAN,4,6.105,0.713,0.63,69.99,16.34
Zenoh,WAN,4,6.133,0.704,0.497,64.24,15.01
Zenoh,WAN,4,6.492,0.37,0.528,67.32,19.34
Zenoh,WAN,4,6.464,0.891,1.038,72.48,16.3
Zenoh,WAN,4,5.896,0.723,0.463,73.06,14.13
Zenoh,WAN,4,5.699,0.832,0.409,69.49,20.62
Zenoh,WAN,4,5.514,0.472,0.599,65.78,14.74
Zenoh,WAN,4,6.044,0.799,0.858,78.42,18.6
Zenoh,WAN,4,5.737,0.624,0.875,69.35,18.78
Zenoh,WAN,4,5.886,0.439,0.62,73.83,20.61
Zenoh,WAN,4,5.466,0.478,0.549,67.53,16.1
Zenoh,WAN,4,6.597,0.834,0.974,58.47,21.52
Zenoh,WAN,4,7.07,0.493,0.879,76.71,21.1
Zenoh,WAN,4,7.042,0.592,0.664,63.03,27.39
Zenoh,WAN,4,5.561,0.611,0.563,58.21,21.97
Zenoh,WAN,4,6.106,0.471,0.397,65.93,14.46
Zenoh,WAN,4,5.004,0.726,0.609,71.15,26.62
Zenoh,WAN,4,6.115,0.722,0.507,62.35,22.37
Zenoh,WAN,4,5.562,0.479,0.908,64.8,22.55
Zenoh,WAN,4,5.258,0.688,0.546,61.61,22.69
Zenoh,WAN,4,5.781,0.826,0.498,76.39,17.21
Zenoh,WAN,4,6.668,0.468,0.76,72.14,21.02
Zenoh,WAN,4,6.094,0.408,0.346,72.03,17.99
Zenoh,WAN,4,6.65,0.786,0.57,58.11,21.21
Zenoh,WAN,4,6.172,0.465,0.81,78.1,20.68
Zenoh,WAN,4,6.44,0.863,0.715,57.75,25.77
Zenoh,WAN,4,5.915,0.633,1.271,54.53,20.42
Zenoh,WAN,4,5.1,0.659,0.842,60.75,25.73
Zenoh,WAN,4,6.142,0.849,1.26,70.71,21.3
Zenoh,WAN,4,5.863,0.956,0.489,79.21,20.35
Zenoh,WAN,4,5.493,0.709,0.698,68.62,17.81
Zenoh,WAN,4,5.753,0.688,0.864,69.93,18.74
Zenoh,WAN,4,6.041,0.788,0.046,79.61,20.81
Zenoh,WAN,4,5.843,0.611,0.776,69.72,17.16
Zenoh,WAN,4,5.42,0.729,0.811,66.66,20.48
Zenoh,WAN,4,5.918,0.731,0.914,70.04,30.51
Zenoh,WAN,4,5.452,0.77,0.697,60.38,16.55
Zenoh,WAN,4,5.766,0.779,1.22,67.81,20.67
Zenoh,WAN,4,5.644,0.495,0.514,70.66,12.92
Zenoh,WAN,4,5.86,0.688,0.45,73.7,19.44
Zenoh,WAN,4,7.591,0.572,0.639,71.02,21.73
Zenoh,WAN,4,6.248,0.786,1.105,62.19,16.8
Zenoh,WAN,4,5.354,0.571,0.778,73.68,22.2
Zenoh,WAN,4,5.707,0.813,0.913,66.28,22.12
Zenoh,WAN,4,6.995,0.863,0.93,55.39,17.42
Zenoh,WAN,4,7.854,0.491,0.193,63.92,24.32
Zenoh,WAN,4,6.301,0.729,0.811,72.83,21.04
Zenoh,WAN,4,6.043,0.575,0.669,75.24,18.77
Zenoh,WAN,4,5.848,1.057,0.803,64.4,17.07
Zenoh,WAN,4,5.913,0.842,0.687,64.26,21.54
Zenoh,WAN,4,5.67,0.828,0.882,74.79,19.63
Zenoh,WAN,4,6.987,0.593,0.704,62.77,13.18
Zenoh,WAN,4,5.977,0.698,0.559,72.45,18.7
Zenoh,WAN,4,5.727,0.549,0.55,76.31,18.42
Zenoh,WAN,4,5.444,0.871,0.518,57.89,25.43
Zenoh,WAN,4,7.623,0.393,0.799,78.65,21.8
Zenoh,WAN,4,5.983,0.609,0.342,70.39,14.55
Zenoh,WAN,4,6.457,0.371,0.729,70.93,13.7
Zenoh,WAN,4,6.994,0.565,0.877,73.2,13.49
Zenoh,WAN,4,6.658,0.457,0.946,71.91,18.66
Zenoh,WAN,4,6.621,0.81,0.642,70.92,18.75
Zenoh,WAN,4,5.75,0.666,0.876,79.79,19.34
Zenoh,WAN,4,6.197,0.497,0.803,72.76,24.05
Zenoh,WAN,4,5.481,0.751,0.461,72.03,25.0
Zenoh,WAN,4,5.712,0.926,0.546,65.09,23.95
Zenoh,WAN,4,6.685,0.721,0.666,73.58,15.22
Zenoh,WAN,4,6.156,0.561,0.381,57.39,19.25
Zenoh,WAN,4,5.515,0.397,0.601,76.66,13.53
Zenoh,WAN,4,6.042,0.448,0.686,69.5,17.53
Zenoh,WAN,4,6.647,0.659,1.287,72.3,17.62
Zenoh,WAN,4,5.741,0.556,0.512,71.61,19.39
Zenoh,WAN,4,5.214,0.731,0.284,65.23,19.48
Zenoh,WAN,4,5.687,0.787,0.71,78.64,22.3
Zenoh,WAN,4,5.921,0.596,0.241,78.22,24.28
Zenoh,WAN,4,6.241,0.81,0.856,61.28,16.17
Zenoh,WAN,4,5.986,0.647,0.971,74.25,22.41
Zenoh,WAN,4,6.74,0.663,0.223,68.21,21.73
Zenoh,WAN,4,5.464,0.546,0.849,65.83,19.41
Zenoh,WAN,4,4.622,0.327,0.995,52.32,17.87
Zenoh,WAN,4,4.967,0.396,0.595,69.55,16.91
Zenoh,WAN,4,6.61,0.975,0.931,66.21,23.59
Zenoh,WAN,4,5.215,0.8,0.441,61.7,13.26
Zenoh,WAN,4,5.469,0.543,0.84,75.64,20.31
Zenoh,WAN,4,5.43,0.773,0.504,76.65,22.89
Zenoh,WAN,4,5.957,0.509,0.536,64.24,18.46
Zenoh,WAN,4,6.034,0.473,0.811,71.49,18.91
Zenoh,WAN,4,5.584,0.344,0.729,74.96,22.59
Zenoh,WAN,4,4.553,0.659,0.927,77.97,15.06
Zenoh,WAN,4,5.968,0.396,0.754,70.79,27.19
Zenoh,WAN,4,5.266,0.738,0.968,74.28,19.25
Zenoh,WAN,4,6.06,0.635,1.08,74.3,12.06
Zenoh,WAN,4,5.943,0.509,0.66,64.7,20.81
Zenoh,WAN,4,6.819,0.621,0.846,64.34,24.06
Zenoh,WAN,4,6.481,0.96,0.641,62.7,17.57
Zenoh,WAN,4,5.675,0.323,0.447,64.27,23.36
Zenoh,WAN,4,6.244,0.465,0.727,73.76,21.57
Zenoh,WAN,4,5.744,1.01,0.622,77.75,25.51
Zenoh,WAN,4,6.491,0.337,0.415,75.51,13.21
Zenoh,WAN,4,6.735,0.666,1.247,71.88,27.26
Zenoh,WAN,4,6.198,0.69,0.605,74.09,18.89
Zenoh,WAN,4,6.503,1.08,0.482,58.24,20.48
Zenoh,WAN,4,6.391,0.783,0.421,65.38,21.57
Zenoh,WAN,4,6.361,0.909,1.214,71.83,21.24
Zenoh,WAN,4,6.106,0.335,0.907,71.37,22.61
Zenoh,WAN,4,5.751,0.802,1.087,74.13,11.76
Zenoh,WAN,4,5.728,0.345,0.847,60.66,18.29
Zenoh,WAN,4,7.372,0.649,1.114,54.66,23.88
Zenoh,WAN,4,6.33,0.831,0.399,66.0,23.39
Zenoh,WAN,4,6.505,0.602,0.711,52.55,19.8
Zenoh,WAN,4,7.056,0.738,0.794,74.57,23.43
Zenoh,WAN,4,5.917,0.888,0.701,65.11,16.81
Zenoh,WAN,4,7.397,0.719,0.456,64.78,14.73
Zenoh,WAN,4,6.559,0.603,0.77,81.65,25.35
Zenoh,WAN,4,6.317,0.652,0.624,76.19,21.84
Zenoh,WAN,4,6.924,0.755,0.456,76.73,21.55
Zenoh,WAN,4,6.166,0.925,0.599,74.18,15.56
Zenoh,WAN,4,6.989,0.639,1.037,62.82,26.92
Zenoh,WAN,4,5.504,0.86,0.407,73.38,15.59
Zenoh,WAN,4,5.382,0.672,0.343,61.19,21.0
Zenoh,WAN,4,6.101,0.605,0.73,67.26,20.42
Zenoh,WAN,4,5.663,0.635,0.5,62.37,21.97
Zenoh,WAN,4,5.463,0.927,0.775,62.06,19.1
Zenoh,WAN,4,6.096,0.667,0.649,77.0,24.09
Zenoh,WAN,4,6.673,0.523,0.743,68.63,22.3
Zenoh,WAN,4,7.553,0.769,0.584,77.41,14.59
Zenoh,WAN,4,5.399,0.617,0.664,64.69,17.53
Zenoh,WAN,4,5.996,0.674,0.307,55.08,24.48
Zenoh,WAN,4,5.408,0.238,0.189,60.82,20.58
Zenoh,WAN,4,5.755,0.854,0.53,72.1,21.35
Zenoh,WAN,4,7.045,0.484,0.443,57.35,16.23
Zenoh,WAN,4,5.211,0.54,1.0,74.7,14.63
Zenoh,WAN,4,6.581,0.902,0.79,62.12,12.11
Zenoh,WAN,4,5.658,0.848,0.701,67.26,19.32
Zenoh,WAN,4,5.748,0.594,0.538,67.78,21.4
Zenoh,WAN,4,5.666,0.7,1.202,64.88,19.45
Zenoh,WAN,4,6.252,0.611,0.672,64.48,17.59
Zenoh,WAN,4,6.18,0.569,0.864,67.56,23.79
Zenoh,WAN,4,6.308,0.494,0.581,64.4,20.86
Zenoh,WAN,4,6.752,0.14,0.543,61.57,17.78
Zenoh,WAN,4,6.259,0.811,0.442,68.7,19.65
Zenoh,WAN,4,7.005,0.763,0.809,67.76,18.97
Zenoh,WAN,4,5.578,0.762,0.795,75.98,13.49
Zenoh,WAN,4,5.679,0.632,0.555,69.83,25.82
Zenoh,WAN,4,5.676,0.749,0.509,67.57,18.45
Zenoh,WAN,4,6.631,0.596,0.13,74.89,14.66
Zenoh,WAN,4,6.487,0.633,0.97,65.44,27.68
Zenoh,WAN,4,5.472,0.585,0.296,65.5,17.29
Zenoh,WAN,4,4.949,0.443,0.36,77.45,15.76
Zenoh,WAN,4,6.404,0.493,0.876,63.78,15.29
Zenoh,WAN,4,6.564,0.547,0.551,78.04,14.2
Zenoh,WAN,4,4.606,0.723,0.459,69.84,15.95
Zenoh,WAN,4,5.677,0.75,0.491,62.35,15.87
Zenoh,WAN,4,6.542,0.867,0.5,77.13,16.59
Zenoh,WAN,4,5.177,0.572,0.766,70.0,19.9
Zenoh,WAN,4,6.877,0.779,0.689,65.76,19.86
Zenoh,WAN,4,6.555,0.544,0.688,72.87,21.93
Zenoh,WAN,4,5.93,0.724,0.848,73.74,21.68
Zenoh,WAN,4,5.616,0.473,0.388,55.69,23.14
Zenoh,WAN,4,7.324,0.466,0.611,67.87,15.04
Zenoh,WAN,4,5.394,0.812,0.407,72.25,23.36
Zenoh,WAN,4,4.819,0.55,0.79,82.14,17.38
Zenoh,WAN,4,6.987,0.525,0.547,76.42,14.89
Zenoh,WAN,4,6.548,0.478,0.557,58.19,21.19
Zenoh,WAN,4,5.643,0.704,0.875,70.17,10.88
Zenoh,WAN,4,5.182,0.973,0.397,70.09,25.56
Zenoh,WAN,4,6.78,0.314,1.219,61.61,17.7
Zenoh,WAN,4,6.253,0.851,0.822,75.13,12.42
Zenoh,WAN,4,6.216,0.702,0.915,63.56,24.26
Zenoh,WAN,4,6.881,0.496,1.102,68.42,15.67
Zenoh,WAN,4,6.702,0.813,0.386,69.58,23.5
Zenoh,WAN,4,6.041,0.546,0.484,69.24,24.59
Zenoh,WAN,4,5.554,0.613,1.022,77.77,20.99
Zenoh,WAN,4,7.404,0.629,0.573,81.66,18.39
Zenoh,WAN,4,6.356,0.542,0.199,63.93,20.81
Zenoh,WAN,4,6.54,0.57,0.618,72.7,23.53
Zenoh,WAN,4,5.438,0.699,0.855,67.62,9.64
Zenoh,WAN,4,6.487,0.462,0.782,69.68,25.36
Zenoh,WAN,4,6.827,0.602,0.675,76.97,21.9
Zenoh,WAN,4,6.567,0.694,0.855,70.58,20.37
Zenoh,WAN,4,6.796,0.482,0.857,65.51,22.26
Zenoh,WAN,4,6.159,0.816,1.422,79.63,16.02
Zenoh,WAN,4,7.055,0.691,0.348,71.39,16.44
Zenoh,WAN,4,6.124,0.233,1.417,64.59,17.83
Zenoh,WAN,4,7.133,0.826,0.327,78.73,20.12
Zenoh,WAN,4,6.649,0.555,0.7,58.4,19.18
Zenoh,WAN,4,6.059,0.644,0.555,65.19,24.05
Zenoh,WAN,4,5.401,0.679,0.708,72.92,19.79
Zenoh,WAN,4,6.384,0.421,0.487,56.68,15.59
Zenoh,WAN,4,5.702,0.97,0.729,61.69,20.42
Zenoh,WAN,4,6.357,0.584,0.879,67.77,19.91
Zenoh,WAN,4,5.646,0.573,0.825,68.05,20.36
Zenoh,WAN,4,6.664,0.36,0.662,56.25,17.45
Zenoh,WAN,4,6.177,1.11,0.465,63.05,26.24
Zenoh,WAN,4,5.509,0.64,0.462,66.22,18.95
Zenoh,WAN,4,5.675,0.354,0.838,69.65,24.18
Zenoh,WAN,4,6.359,0.848,0.296,74.95,18.46
Zenoh,WAN,4,6.921,0.398,0.442,64.24,20.58
Zenoh,WAN,4,5.993,0.669,1.009,70.74,23.99
Zenoh,WAN,4,6.149,0.709,0.878,69.03,16.35
Zenoh,WAN,4,5.732,0.71,0.982,76.53,21.83
Zenoh,WAN,4,5.676,0.681,1.141,65.87,20.85
Zenoh,WAN,4,5.881,0.747,1.253,73.9,18.89
Zenoh,WAN,4,4.964,0.633,0.829,72.33,17.62
Zenoh,WAN,4,5.518,0.464,0.536,68.39,21.69
Zenoh,WAN,4,5.419,0.978,0.641,72.29,20.16
Zenoh,WAN,4,6.379,0.661,0.393,66.6,21.0
Zenoh,WAN,4,6.887,0.46,0.943,67.19,18.68
Zenoh,WAN,4,5.743,0.419,1.011,75.3,24.27
Zenoh,WAN,4,7.007,0.852,0.282,71.11,17.28
Zenoh,WAN,4,6.189,0.866,0.381,80.46,18.82
Zenoh,WAN,4,5.633,1.193,1.102,63.84,24.17
Zenoh,WAN,4,6.493,0.455,0.648,63.72,23.91
Zenoh,WAN,4,6.388,0.77,0.557,58.61,18.1
Zenoh,WAN,4,6.251,0.756,1.051,72.29,16.68
Zenoh,WAN,4,5.9,0.631,0.086,64.95,16.42
Zenoh,WAN,4,6.904,0.667,0.526,64.08,12.9
Zenoh,WAN,4,5.73,0.322,0.617,69.14,11.59
Zenoh,WAN,4,6.788,0.662,0.462,70.57,19.87
Zenoh,WAN,4,6.673,0.763,0.738,69.03,14.52
Zenoh,WAN,4,5.527,0.743,0.559,70.19,21.88
Zenoh,WAN,4,6.015,0.403,0.918,66.47,21.0
Zenoh,WAN,4,7.144,0.795,0.946,52.69,28.83
Zenoh,WAN,4,6.376,0.645,0.303,60.32,18.2
Zenoh,WAN,4,6.22,0.487,0.776,71.3,16.96
Zenoh,WAN,4,5.972,0.574,1.013,61.41,16.57
Zenoh,WAN,4,5.733,0.742,0.377,64.87,16.08
Zenoh,WAN,4,5.941,0.375,0.548,62.71,25.1
Zenoh,WAN,4,6.213,0.608,0.922,69.23,19.84
Zenoh,WAN,4,6.268,0.75,0.414,61.11,13.57
Zenoh,WAN,4,4.364,0.7,0.598,72.43,16.33
Zenoh,WAN,4,6.405,0.698,0.474,70.66,24.55
Zenoh,WAN,4,6.08,1.092,0.726,79.57,22.58
Zenoh,WAN,4,5.323,0.49,0.736,66.4,25.14
Zenoh,WAN,4,6.852,0.743,0.561,71.32,18.11
Zenoh,WAN,4,6.529,0.748,0.4,68.18,24.35
Zenoh,WAN,4,6.665,0.85,0.832,60.77,25.38
Zenoh,WAN,4,7.15,0.574,0.556,65.85,14.5
Zenoh,WAN,4,7.298,0.528,0.337,66.96,14.96
Zenoh,WAN,4,4.893,0.74,0.997,74.05,16.03
Zenoh,WAN,4,5.418,0.571,0.655,78.19,18.57
Zenoh,WAN,4,5.506,0.849,0.633,66.04,20.27
Zenoh,WAN,4,6.366,0.355,0.385,64.24,18.35
Zenoh,WAN,4,6.301,0.971,0.761,65.1,15.2
Zenoh,WAN,4,6.59,0.626,0.821,67.14,23.47
Zenoh,WAN,4,6.094,0.558,0.827,70.97,27.28
Zenoh,WAN,16,6.962,0.624,0.552,61.96,14.59
Zenoh,WAN,16,7.8,0.687,0.754,60.7,21.12
Zenoh,WAN,16,7.067,0.439,0.919,69.29,26.57
Zenoh,WAN,16,7.595,0.977,0.995,76.97,22.06
Zenoh,WAN,16,6.786,0.889,0.635,73.77,22.89
Zenoh,WAN,16,6.289,0.499,0.732,70.5,19.09
Zenoh,WAN,16,6.715,0.543,1.165,76.73,22.6
Zenoh,WAN,16,6.612,0.824,0.872,68.02,17.24
Zenoh,WAN,16,6.745,0.391,0.626,66.43,20.99
Zenoh,WAN,16,8.016,0.383,0.56,62.0,18.35
Zenoh,WAN,16,7.086,0.233,0.725,82.29,13.85
Zenoh,WAN,16,7.384,0.524,0.102,69.29,16.96
Zenoh,WAN,16,8.286,0.787,0.49,69.82,19.1
Zenoh,WAN,16,8.742,0.667,0.734,65.16,17.43
Zenoh,WAN,16,7.106,0.538,0.669,70.62,22.15
Zenoh,WAN,16,7.6,0.694,0.386,66.74,21.05
Zenoh,WAN,16,6.681,0.765,0.581,62.45,19.98
Zenoh,WAN,16,7.107,0.612,1.054,64.24,14.16
Zenoh,WAN,16,7.035,0.737,0.565,55.4,21.23
Zenoh,WAN,16,7.905,0.724,1.129,65.53,30.04
Zenoh,WAN,16,6.462,0.224,1.004,80.75,20.58
Zenoh,WAN,16,7.307,0.412,0.605,58.41,23.98
Zenoh,WAN,16,5.62,0.812,0.74,82.87,27.31
Zenoh,WAN,16,7.805,0.551,0.878,63.94,22.58
Zenoh,WAN,16,6.704,0.815,0.697,65.86,15.79
Zenoh,WAN,16,6.629,0.396,0.696,72.22,26.1
Zenoh,WAN,16,6.867,0.787,0.669,62.2,17.79
Zenoh,WAN,16,6.986,1.143,0.594,60.61,17.65
Zenoh,WAN,16,6.555,0.29,0.242,68.16,15.77
Zenoh,WAN,16,6.353,0.927,0.18,62.92,22.07
Zenoh,WAN,16,7.738,0.31,0.574,66.21,23.55
Zenoh,WAN,16,6.65,0.767,0.582,64.39,12.84
Zenoh,WAN,16,6.381,0.787,0.677,66.23,19.55
Zenoh,WAN,16,7.096,0.4,0.599,71.8,22.25
Zenoh,WAN,16,7.116,0.545,0.394,66.19,18.5
Zenoh,WAN,16,7.251,0.768,0.333,72.27,19.89
Zenoh,WAN,16,6.888,0.558,0.259,71.32,27.43
Zenoh,WAN,16,6.968,0.663,0.459,82.71,18.11
Zenoh,WAN,16,7.275,0.604,0.875,74.27,21.83
Zenoh,WAN,16,8.02,0.579,0.604,73.88,15.07
Zenoh,WAN,16,7.371,0.616,0.593,67.66,20.26
Zenoh,WAN,16,7.347,0.524,0.799,63.56,18.22
Zenoh,WAN,16,6.013,0.588,0.719,69.22,18.24
Zenoh,WAN,16,6.868,0.211,0.887,76.2,21.12
Zenoh,WAN,16,7.821,0.764,1.273,78.35,23.63
Zenoh,WAN,16,6.581,0.548,0.368,72.63,26.15
Zenoh,WAN,16,7.27,0.412,0.729,70.67,20.4
Zenoh,WAN,16,7.297,0.489,1.013,64.61,15.0
Zenoh,WAN,16,7.415,0.529,0.868,54.11,17.32
Zenoh,WAN,16,7.221,0.639,0.951,73.34,18.38
Zenoh,WAN,16,7.85,0.656,0.505,76.98,20.65
Zenoh,WAN,16,7.3,0.578,0.519,77.43,20.2
Zenoh,WAN,16,6.847,0.591,0.509,71.95,18.25
Zenoh,WAN,16,6.279,0.451,0.962,78.39,24.76
Zenoh,WAN,16,7.07,0.376,0.356,80.24,22.67
Zenoh,WAN,16,7.925,0.703,0.972,68.86,13.68
Zenoh,WAN,16,7.383,0.52,0.653,66.06,15.22
Zenoh,WAN,16,6.392,0.672,0.713,78.36,22.86
Zenoh,WAN,16,7.409,0.382,0.533,70.54,21.65
Zenoh,WAN,16,6.639,0.679,0.869,63.87,18.21
Zenoh,WAN,16,7.636,0.675,1.246,71.97,20.82
Zenoh,WAN,16,7.325,0.676,0.172,62.74,21.05
Zenoh,WAN,16,7.704,0.792,0.682,58.97,18.64
Zenoh,WAN,16,6.76,0.553,0.614,66.34,25.86
Zenoh,WAN,16,7.657,0.325,0.828,74.12,12.04
Zenoh,WAN,16,7.417,0.431,0.99,73.62,17.28
Zenoh,WAN,16,6.615,0.531,1.066,73.21,30.13
Zenoh,WAN,16,7.282,0.577,0.341,55.62,15.17
Zenoh,WAN,16,7.691,0.952,0.801,71.36,23.43
Zenoh,WAN,16,7.466,0.761,0.048,67.6,20.17
Zenoh,WAN,16,6.878,0.592,0.456,70.95,20.49
Zenoh,WAN,16,6.707,0.674,0.309,65.8,25.19
Zenoh,WAN,16,6.556,0.724,0.376,65.98,18.08
Zenoh,WAN,16,7.196,0.748,0.588,72.19,16.68
Zenoh,WAN,16,7.96,0.452,0.829,82.95,24.24
Zenoh,WAN,16,7.34,0.632,0.691,69.6,19.53
Zenoh,WAN,16,8.276,0.733,0.247,62.55,14.53
Zenoh,WAN,16,7.106,0.603,0.586,69.88,22.37
Zenoh,WAN,16,8.281,0.644,0.434,76.28,21.88
Zenoh,WAN,16,6.004,0.644,1.292,61.49,22.98
Zenoh,WAN,16,7.739,0.498,0.558,61.85,22.06
Zenoh,WAN,16,8.455,0.489,0.616,68.04,28.58
Zenoh,WAN,16,7.407,0.474,0.606,84.41,11.66
Zenoh,WAN,16,6.897,0.57,0.562,71.78,15.61
Zenoh,WAN,16,6.327,0.529,0.718,58.96,17.26
Zenoh,WAN,16,6.903,0.64,0.585,65.92,23.53
Zenoh,WAN,16,7.85,0.502,0.558,76.68,17.51
Zenoh,WAN,16,6.654,0.817,0.949,72.81,17.57
Zenoh,WAN,16,7.913,0.613,0.871,62.73,17.62
Zenoh,WAN,16,7.4,0.839,0.548,60.41,14.98
Zenoh,WAN,16,6.831,0.611,0.505,71.19,11.99
Zenoh,WAN,16,6.099,0.517,1.142,62.73,20.11
Zenoh,WAN,16,6.566,0.538,0.731,68.91,24.92
Zenoh,WAN,16,6.68,0.725,0.95,62.81,17.5
Zenoh,WAN,16,8.961,0.504,0.369,63.51,19.72
Zenoh,WAN,16,8.417,0.798,0.444,67.71,24.18
Zenoh,WAN,16,6.448,0.474,0.147,60.07,19.62
Zenoh,WAN,16,6.923,0.413,0.62,77.82,23.48
Zenoh,WAN,16,6.522,0.38,0.371,64.05,18.57
Zenoh,WAN,16,8.218,0.92,0.759,74.67,22.01
Zenoh,WAN,16,7.182,0.626,0.861,59.39,16.63
Zenoh,WAN,16,6.521,0.62,0.311,63.81,16.95
Zenoh,WAN,16,7.758,0.593,0.315,79.39,21.42
Zenoh,WAN,16,6.929,0.593,0.643,78.28,27.45
Zenoh,WAN,16,7.991,0.649,1.033,66.82,13.14
Zenoh,WAN,16,7.29,0.674,0.999,60.16,22.83
Zenoh,WAN,16,7.013,0.678,0.686,69.96,16.72
Zenoh,WAN,16,6.902,0.858,0.341,72.63,12.87
Zenoh,WAN,16,6.498,0.294,0.304,56.05,18.1
Zenoh,WAN,16,7.128,0.862,0.435,74.95,19.12
Zenoh,WAN,16,7.271,0.517,0.604,74.09,18.69
Zenoh,WAN,16,5.992,0.761,0.775,62.41,14.31
Zenoh,WAN,16,6.396,0.512,0.638,72.37,22.62
Zenoh,WAN,16,6.891,0.434,0.399,73.97,14.55
Zenoh,WAN,16,6.82,0.78,0.643,65.54,26.37
Zenoh,WAN,16,7.367,0.691,0.0,63.56,18.69
Zenoh,WAN,16,6.286,0.499,0.642,70.81,19.07
Zenoh,WAN,16,7.807,0.543,0.504,71.08,16.94
Zenoh,WAN,16,6.698,0.806,0.947,70.01,15.06
Zenoh,WAN,16,7.102,0.764,0.988,65.27,21.48
Zenoh,WAN,16,5.981,0.858,0.0,79.9,17.82
Zenoh,WAN,16,7.901,0.392,0.74,68.1,19.9
Zenoh,WAN,16,8.235,0.559,0.202,71.87,16.52
Zenoh,WAN,16,7.032,0.536,0.032,62.23,19.67
Zenoh,WAN,16,7.624,0.449,1.081,66.41,18.1
Zenoh,WAN,16,6.481,0.661,0.758,68.98,13.95
Zenoh,WAN,16,7.321,0.654,0.4,64.33,22.26
Zenoh,WAN,16,6.528,0.636,0.54,73.13,27.65
Zenoh,WAN,16,6.922,0.298,0.94,63.4,24.37
Zenoh,WAN,16,7.748,0.739,0.663,68.67,19.64
Zenoh,WAN,16,6.758,0.551,0.904,73.3,21.22
Zenoh,WAN,16,7.355,0.445,0.511,67.51,10.84
Zenoh,WAN,16,6.712,0.627,0.964,82.68,19.37
Zenoh,WAN,16,8.28,0.414,0.666,65.9,20.08
Zenoh,WAN,16,6.298,0.857,0.31,75.87,20.4
Zenoh,WAN,16,7.259,0.493,1.033,77.78,22.78
Zenoh,WAN,16,8.148,0.91,0.0,71.09,20.53
Zenoh,WAN,16,7.347,0.609,0.933,65.48,14.56
Zenoh,WAN,16,7.066,0.612,0.769,67.74,26.5
Zenoh,WAN,16,6.587,0.472,0.959,76.62,19.62
Zenoh,WAN,16,6.459,0.52,0.745,66.3,17.12
Zenoh,WAN,16,7.828,0.579,0.955,67.36,23.43
Zenoh,WAN,16,8.231,1.154,1.008,61.03,20.36
Zenoh,WAN,16,7.349,0.671,0.922,57.53,25.9
Zenoh,WAN,16,7.197,0.715,0.621,74.59,19.1
Zenoh,WAN,16,6.813,0.497,0.703,67.39,18.99
Zenoh,WAN,16,6.51,0.601,0.955,70.53,19.23
Zenoh,WAN,16,6.454,0.882,0.819,68.06,21.05
Zenoh,WAN,16,7.481,0.756,0.491,68.47,15.06
Zenoh,WAN,16,6.643,0.502,0.82,68.43,17.89
Zenoh,WAN,16,7.537,0.753,0.534,67.93,20.9
Zenoh,WAN,16,5.994,0.544,0.849,69.29,23.99
Zenoh,WAN,16,8.09,0.534,0.524,70.4,20.42
Zenoh,WAN,16,5.999,0.811,0.918,64.08,17.13
Zenoh,WAN,16,7.923,0.663,0.779,69.74,18.46
Zenoh,WAN,16,5.877,0.858,0.741,69.02,13.35
Zenoh,WAN,16,7.749,0.449,0.74,63.2,20.56
Zenoh,WAN,16,7.744,0.605,0.959,68.8,21.25
Zenoh,WAN,16,7.552,0.766,0.52,57.04,19.56
Zenoh,WAN,16,6.869,0.423,0.682,72.92,20.16
Zenoh,WAN,16,6.944,0.592,0.857,60.9,15.88
Zenoh,WAN,16,7.143,0.521,0.308,62.51,16.39
Zenoh,WAN,16,6.645,0.7,0.867,78.18,26.55
Zenoh,WAN,16,7.382,0.786,0.677,67.37,22.09
Zenoh,WAN,16,6.637,1.056,0.984,67.3,16.36
Zenoh,WAN,16,7.671,0.554,0.534,75.57,22.94
Zenoh,WAN,16,8.044,0.537,1.022,72.29,13.91
Zenoh,WAN,16,6.57,0.531,0.887,72.31,15.79
Zenoh,WAN,16,6.817,0.432,0.505,70.68,17.75
Zenoh,WAN,16,6.029,0.699,1.16,74.43,13.04
Zenoh,WAN,16,6.742,0.52,0.521,62.68,21.94
Zenoh,WAN,16,8.058,0.863,0.517,64.98,22.2
Zenoh,WAN,16,7.333,0.637,0.47,63.88,21.59
Zenoh,WAN,16,7.207,0.22,0.581,67.6,14.47
Zenoh,WAN,16,7.446,0.271,0.711,67.3,29.64
Zenoh,WAN,16,7.501,0.564,1.028,66.49,15.9
Zenoh,WAN,16,6.76,0.704,0.869,62.83,17.8
Zenoh,WAN,16,6.892,0.77,0.51,72.39,13.16
Zenoh,WAN,16,6.612,0.558,0.955,70.11,19.68
Zenoh,WAN,16,7.57,0.609,0.831,67.83,22.6
Zenoh,WAN,16,7.384,0.755,1.145,81.74,17.33
Zenoh,WAN,16,7.355,0.847,0.0,71.52,19.03
Zenoh,WAN,16,6.956,0.685,0.589,60.23,15.35
Zenoh,WAN,16,8.339,0.521,1.002,70.99,22.3
Zenoh,WAN,16,7.916,0.419,0.257,66.39,20.66
Zenoh,WAN,16,8.12,0.733,0.983,57.25,21.38
Zenoh,WAN,16,6.673,0.751,0.44,76.55,13.33
Zenoh,WAN,16,7.796,0.594,0.255,61.15,12.85
Zenoh,WAN,16,7.494,0.995,0.89,58.26,14.43
Zenoh,WAN,16,7.148,0.789,0.609,77.6,17.6
Zenoh,WAN,16,7.454,0.494,0.81,69.03,21.61
Zenoh,WAN,16,8.339,0.634,0.534,71.28,20.77
Zenoh,WAN,16,7.23,0.712,0.62,68.57,17.96
Zenoh,WAN,16,7.196,1.078,0.225,67.85,17.03
Zenoh,WAN,16,7.603,0.618,0.634,68.78,15.44
Zenoh,WAN,16,7.575,0.792,0.833,71.32,15.8
Zenoh,WAN,16,7.178,0.426,0.253,70.42,15.61
Zenoh,WAN,16,6.522,0.716,0.519,60.41,24.14
Zenoh,WAN,16,5.746,0.356,1.026,75.9,19.3
Zenoh,WAN,16,7.256,0.876,0.526,66.42,26.93
Zenoh,WAN,16,6.581,0.82,0.9,71.3,16.78
Zenoh,WAN,16,7.123,0.487,0.626,70.07,25.97
Zenoh,WAN,16,6.716,0.588,0.288,63.94,16.32
Zenoh,WAN,16,6.417,0.271,0.606,68.45,25.49
Zenoh,WAN,16,6.568,0.716,0.923,67.54,20.1
Zenoh,WAN,16,7.333,0.735,0.939,72.68,21.96
Zenoh,WAN,16,6.497,0.398,0.982,62.25,22.65
Zenoh,WAN,16,7.131,0.934,0.509,66.18,21.75
Zenoh,WAN,16,6.088,0.756,0.243,69.0,19.12
Zenoh,WAN,16,7.727,0.754,0.995,65.52,14.73
Zenoh,WAN,16,6.687,0.734,0.643,75.61,20.06
Zenoh,WAN,16,7.125,0.717,0.626,66.19,25.72
Zenoh,WAN,16,6.926,1.054,0.44,73.03,15.37
Zenoh,WAN,16,7.493,0.611,0.698,69.86,19.47
Zenoh,WAN,16,6.821,0.642,0.617,76.06,21.44
Zenoh,WAN,16,7.142,1.02,1.09,64.55,22.74
Zenoh,WAN,16,6.539,0.371,0.373,70.74,20.79
Zenoh,WAN,16,6.659,0.391,0.761,63.95,27.39
Zenoh,WAN,16,7.035,0.451,0.352,61.86,17.79
Zenoh,WAN,16,8.131,0.72,0.526,72.91,18.29
Zenoh,WAN,16,7.038,0.549,0.747,68.05,11.8
Zenoh,WAN,16,7.518,0.814,0.951,76.91,20.4
Zenoh,WAN,16,7.334,0.852,0.639,70.74,24.0
Zenoh,WAN,16,7.836,0.591,0.908,74.3,14.73
Zenoh,WAN,16,7.143,0.586,0.46,67.51,14.53
Zenoh,WAN,16,7.643,0.248,0.953,66.32,26.38
Zenoh,WAN,16,5.936,0.833,1.112,75.43,21.57
Zenoh,WAN,16,7.197,0.465,0.579,65.4,20.47
Zenoh,WAN,16,7.166,0.576,0.313,65.2,18.36
Zenoh,WAN,16,7.043,0.614,0.863,53.4,16.67
Zenoh,WAN,16,8.126,0.561,0.871,69.47,20.34
Zenoh,WAN,16,7.879,0.525,0.891,74.94,15.36
Zenoh,WAN,16,6.87,0.275,0.54,71.29,21.68
Zenoh,WAN,16,7.047,0.541,1.273,63.59,23.08
Zenoh,WAN,16,7.259,0.518,0.603,71.72,29.35
Zenoh,WAN,16,7.143,0.779,0.592,67.11,20.18
Zenoh,WAN,16,6.232,0.611,0.513,76.36,26.82
Zenoh,WAN,16,6.899,0.613,0.858,59.95,25.25
Zenoh,WAN,16,7.217,0.87,0.527,77.24,18.44
Zenoh,WAN,16,6.327,0.811,0.16,72.37,21.22
Zenoh,WAN,16,6.963,0.759,0.434,64.34,22.41
Zenoh,WAN,16,7.129,0.749,1.048,74.55,26.22
Zenoh,WAN,16,6.653,0.844,0.805,73.24,14.7
Zenoh,WAN,16,6.095,0.46,0.91,68.98,24.93
Zenoh,WAN,16,6.807,0.768,0.38,70.64,23.0
Zenoh,WAN,16,7.068,0.947,0.772,75.51,20.24
Zenoh,WAN,16,6.369,0.673,0.876,68.02,22.1
Zenoh,WAN,16,7.914,0.714,0.767,72.57,11.9
Zenoh,WAN,16,7.277,0.438,0.671,71.29,24.05
Zenoh,WAN,16,8.114,0.735,1.174,81.36,15.55
Zenoh,WAN,16,6.446,0.743,0.282,57.38,19.36
Zenoh,WAN,16,7.788,0.503,0.512,64.97,13.88
Zenoh,WAN,16,7.616,0.418,0.102,72.2,24.33
Zenoh,WAN,16,8.535,0.431,0.528,74.17,19.13
Zenoh,WAN,16,5.964,0.137,0.809,63.4,18.72
Zenoh,WAN,16,7.478,0.714,0.584,62.85,13.63
Zenoh,WAN,16,8.068,0.314,0.979,67.84,20.23
Zenoh,WAN,16,8.733,0.648,0.798,65.02,13.21
Zenoh,WAN,16,6.488,0.529,0.501,72.66,16.28
Zenoh,WAN,16,6.15,0.738,0.694,69.44,16.15
Zenoh,WAN,16,8.069,0.961,0.765,65.67,25.05
Zenoh,WAN,16,6.491,0.686,0.625,64.35,18.28
Zenoh,WAN,16,6.646,0.709,0.76,61.45,21.38
Zenoh,WAN,16,7.859,0.689,0.714,80.17,24.47
Zenoh,WAN,16,6.805,0.216,0.234,68.25,14.17
Zenoh,WAN,16,7.366,0.451,0.79,72.18,26.75
Zenoh,WAN,16,6.844,0.693,0.509,73.85,21.36
Zenoh,WAN,16,7.453,0.721,0.532,57.13,18.06
Zenoh,WAN,16,7.336,0.583,0.795,79.3,17.84
Zenoh,WAN,16,7.445,0.819,1.018,56.52,12.91
Zenoh,WAN,16,7.493,0.684,0.577,68.83,21.58
Zenoh,WAN,16,7.595,0.602,1.228,66.38,19.12
Zenoh,WAN,16,7.301,0.966,0.612,63.15,16.25
Zenoh,WAN,16,7.73,0.712,0.738,54.93,17.46
Zenoh,WAN,16,6.718,0.529,0.724,74.99,21.79
Zenoh,WAN,16,7.038,0.266,0.316,69.75,19.58
Zenoh,WAN,16,7.884,0.608,1.011,68.2,24.17
Zenoh,WAN,16,7.789,0.772,1.092,76.92,19.06
Zenoh,WAN,16,7.234,0.474,0.807,63.8,18.03
Zenoh,WAN,16,6.428,0.867,1.016,78.49,18.09
Zenoh,WAN,16,6.456,0.477,0.768,77.29,16.52
Zenoh,WAN,16,7.801,0.731,0.395,60.49,20.3
Zenoh,WAN,16,7.434,0.317,0.446,61.09,19.48
Zenoh,WAN,16,7.803,0.811,1.123,67.56,25.27
Zenoh,WAN,16,7.704,0.705,0.723,63.95,15.1
Zenoh,WAN,16,8.047,0.517,0.403,60.25,12.91
Zenoh,WAN,16,6.761,0.637,0.711,60.32,21.97
Zenoh,WAN,16,6.853,0.627,0.888,66.73,24.48
Zenoh,WAN,16,7.353,0.49,0.556,68.59,19.37
Zenoh,WAN,16,7.831,0.735,0.568,59.76,16.32
Zenoh,WAN,16,6.12,0.463,0.631,71.72,13.83
Zenoh,WAN,16,6.958,0.411,1.256,59.24,21.18
Zenoh,WAN,16,6.526,0.543,1.014,73.1,19.02
Zenoh,WAN,16,7.072,0.406,0.681,57.52,21.02
Zenoh,WAN,16,6.681,0.657,0.289,70.97,22.91
Zenoh,WAN,16,6.796,0.38,0.504,68.79,21.82
Zenoh,WAN,16,7.463,0.826,0.496,76.4,19.83
Zenoh,WAN,16,8.035,0.663,0.444,69.53,18.29
Zenoh,WAN,16,8.074,0.721,0.932,74.16,18.09
Zenoh,WAN,16,7.434,0.719,0.995,76.92,14.2
Zenoh,WAN,64,11.598,0.555,0.654,58.7,20.35
Zenoh,WAN,64,11.02,0.489,0.9,68.7,23.25
Zenoh,WAN,64,12.208,0.779,0.565,63.86,18.47
Zenoh,WAN,64,11.546,0.703,0.796,61.46,21.33
Zenoh,WAN,64,11.577,0.746,0.657,71.53,25.28
Zenoh,WAN,64,11.55,0.714,1.048,59.61,17.01
Zenoh,WAN,64,11.31,0.388,0.879,55.71,22.93
Zenoh,WAN,64,11.531,0.784,0.774,70.92,16.17
Zenoh,WAN,64,11.387,0.613,0.617,63.38,19.52
Zenoh,WAN,64,11.491,0.837,0.703,72.85,22.5
Zenoh,WAN,64,10.533,0.834,1.015,57.23,17.04
Zenoh,WAN,64,11.439,0.538,0.597,67.43,15.85
Zenoh,WAN,64,11.565,1.032,0.808,70.76,17.31
Zenoh,WAN,64,10.991,0.499,0.591,62.84,13.63
Zenoh,WAN,64,11.848,0.428,0.864,63.18,17.19
Zenoh,WAN,64,10.511,0.354,0.543,81.91,20.78
Zenoh,WAN,64,12.252,0.606,1.169,58.54,13.68
Zenoh,WAN,64,10.559,0.634,0.55,69.28,16.75
Zenoh,WAN,64,11.915,0.706,0.583,57.17,17.62
Zenoh,WAN,64,11.311,0.683,0.745,62.27,24.83
Zenoh,WAN,64,10.299,0.378,0.356,70.77,16.23
Zenoh,WAN,64,11.24,0.445,0.895,72.33,17.95
Zenoh,WAN,64,10.326,0.736,0.379,56.64,24.01
Zenoh,WAN,64,11.721,0.54,0.634,53.47,26.23
Zenoh,WAN,64,11.223,0.659,0.545,70.19,17.72
Zenoh,WAN,64,11.41,0.692,0.708,66.38,20.3
Zenoh,WAN,64,10.966,0.523,1.154,69.74,15.73
Zenoh,WAN,64,11.276,0.754,0.502,68.16,28.97
Zenoh,WAN,64,11.505,0.611,0.719,63.81,14.7
Zenoh,WAN,64,11.096,0.672,0.435,70.32,25.8
Zenoh,WAN,64,11.798,0.475,0.896,66.29,18.66
Zenoh,WAN,64,11.127,0.59,0.305,56.05,16.83
Zenoh,WAN,64,11.334,0.673,0.695,61.1,17.62
Zenoh,WAN,64,12.457,0.619,1.374,58.84,14.28
Zenoh,WAN,64,11.436,0.967,0.945,60.67,16.9
Zenoh,WAN,64,12.499,0.521,0.704,62.13,20.77
Zenoh,WAN,64,11.322,0.289,0.764,63.15,18.81
Zenoh,WAN,64,11.528,0.777,0.728,66.21,19.64
Zenoh,WAN,64,11.355,0.966,0.261,70.87,25.84
Zenoh,WAN,64,11.602,0.563,0.95,61.78,28.57
Zenoh,WAN,64,10.497,0.537,0.545,67.52,18.67
Zenoh,WAN,64,11.764,0.567,0.716,72.71,15.71
Zenoh,WAN,64,11.27,0.548,1.034,70.62,20.64
Zenoh,WAN,64,11.112,0.711,0.773,78.8,17.15
Zenoh,WAN,64,11.472,0.805,0.789,67.08,15.83
Zenoh,WAN,64,11.211,0.532,0.361,64.15,18.5
Zenoh,WAN,64,11.926,0.523,1.123,74.97,18.67
Zenoh,WAN,64,11.518,0.604,0.643,56.52,15.69
Zenoh,WAN,64,11.375,0.525,0.27,64.07,22.34
Zenoh,WAN,64,11.634,0.729,1.231,58.54,20.15
Zenoh,WAN,64,11.347,0.712,0.769,51.94,21.25
Zenoh,WAN,64,11.768,0.622,0.551,62.97,22.33
Zenoh,WAN,64,11.32,0.692,0.551,64.55,15.86
Zenoh,WAN,64,10.142,0.666,0.312,55.99,18.53
Zenoh,WAN,64,10.356,0.329,0.727,62.95,15.27
Zenoh,WAN,64,11.387,0.659,0.276,61.14,22.18
Zenoh,WAN,64,11.528,0.598,0.387,60.99,17.23
Zenoh,WAN,64,11.77,0.869,0.411,60.87,21.23
Zenoh,WAN,64,10.688,0.547,0.574,62.26,17.04
Zenoh,WAN,64,11.217,0.548,0.36,63.36,21.74
Zenoh,WAN,64,10.466,0.804,1.043,62.21,25.5
Zenoh,WAN,64,11.309,0.951,1.032,72.58,26.34
Zenoh,WAN,64,12.514,0.565,0.644,70.34,14.5
Zenoh,WAN,64,11.094,0.619,0.802,54.29,26.98
Zenoh,WAN,64,11.198,0.674,0.417,62.78,27.49
Zenoh,WAN,64,10.407,0.59,0.672,74.36,20.37
Zenoh,WAN,64,11.713,0.9,0.471,65.25,20.05
Zenoh,WAN,64,11.392,1.041,0.747,68.73,16.01
Zenoh,WAN,64,10.929,0.565,0.938,67.15,20.36
Zenoh,WAN,64,11.239,0.588,0.618,59.97,18.31
Zenoh,WAN,64,11.237,0.421,0.818,66.47,17.19
Zenoh,WAN,64,11.348,0.713,0.949,60.1,18.64
Zenoh,WAN,64,11.855,1.095,0.882,62.27,18.36
Zenoh,WAN,64,11.513,0.774,0.995,66.19,14.51
Zenoh,WAN,64,11.787,0.84,0.523,64.76,15.87
Zenoh,WAN,64,11.319,0.757,0.498,72.46,25.24
Zenoh,WAN,64,12.46,0.621,0.609,65.8,13.29
Zenoh,WAN,64,11.818,0.681,0.642,69.98,22.61
Zenoh,WAN,64,10.108,0.662,1.132,68.95,20.76
Zenoh,WAN,64,11.017,0.841,0.563,53.21,20.9
Zenoh,WAN,64,11.209,0.975,0.681,66.76,24.01
Zenoh,WAN,64,10.746,0.536,0.574,74.53,20.05
Zenoh,WAN,64,11.771,0.58,0.559,67.52,19.25
Zenoh,WAN,64,11.116,0.535,0.72,64.57,13.26
Zenoh,WAN,64,10.762,0.691,0.79,61.33,21.21
Zenoh,WAN,64,11.255,0.583,0.789,59.09,17.91
Zenoh,WAN,64,11.777,0.839,0.612,67.79,18.68
Zenoh,WAN,64,11.677,0.908,0.652,64.38,16.05
Zenoh,WAN,64,11.234,0.803,0.709,58.24,23.12
Zenoh,WAN,64,11.018,0.534,0.652,57.28,12.84
Zenoh,WAN,64,12.405,0.676,0.375,54.86,14.19
Zenoh,WAN,64,12.197,0.51,0.449,55.2,13.7
Zenoh,WAN,64,11.454,0.73,0.527,60.57,16.44
Zenoh,WAN,64,12.621,0.565,0.605,57.31,14.55
Zenoh,WAN,64,11.747,0.515,1.165,66.53,17.55
Zenoh,WAN,64,12.248,0.512,0.803,57.51,17.75
Zenoh,WAN,64,11.526,0.693,0.622,61.69,23.84
Zenoh,WAN,64,11.185,0.495,0.654,63.28,22.3
Zenoh,WAN,64,10.232,0.689,0.457,59.18,11.23
Zenoh,WAN,64,11.943,0.662,0.906,57.1,15.31
Zenoh,WAN,64,10.986,0.581,0.913,62.99,16.95
Zenoh,WAN,64,11.307,0.712,1.055,57.98,21.15
Zenoh,WAN,64,12.086,0.59,0.544,64.12,23.5
Zenoh,WAN,64,11.855,0.996,0.717,77.93,23.67
Zenoh,WAN,64,11.366,0.521,0.657,54.83,15.16
Zenoh,WAN,64,10.588,0.802,0.675,66.99,20.2
Zenoh,WAN,64,11.407,0.633,0.968,59.15,14.75
Zenoh,WAN,64,11.189,0.88,0.572,56.7,22.41
Zenoh,WAN,64,10.644,0.656,0.713,59.14,26.61
Zenoh,WAN,64,10.63,0.333,0.556,68.89,16.78
Zenoh,WAN,64,11.371,0.802,0.914,63.99,22.8
Zenoh,WAN,64,11.681,0.739,0.258,58.04,24.43
Zenoh,WAN,64,10.634,0.658,0.978,67.32,23.47
Zenoh,WAN,64,10.186,0.556,0.87,63.99,20.85
Zenoh,WAN,64,11.748,0.972,0.246,69.92,27.16
Zenoh,WAN,64,11.583,0.501,0.703,53.79,25.88
Zenoh,WAN,64,10.676,0.839,0.0,66.09,21.21
Zenoh,WAN,64,11.732,0.829,0.499,62.73,21.11
Zenoh,WAN,64,11.555,0.571,0.195,62.58,21.13
Zenoh,WAN,64,10.787,0.974,0.641,63.92,26.09
Zenoh,WAN,64,10.895,0.663,0.83,67.59,12.37
Zenoh,WAN,64,10.501,0.796,0.594,69.41,19.34
Zenoh,WAN,64,11.857,0.332,0.621,70.14,19.05
Zenoh,WAN,64,11.354,0.834,0.711,60.27,23.62
Zenoh,WAN,64,11.015,0.669,0.885,65.14,15.41
Zenoh,WAN,64,12.05,0.701,0.645,63.73,20.89
Zenoh,WAN,64,10.268,0.309,0.886,67.14,20.19
Zenoh,WAN,64,11.567,0.623,0.704,73.29,21.01
Zenoh,WAN,64,10.568,0.264,0.421,68.22,14.44
Zenoh,WAN,64,10.578,0.639,1.145,58.53,18.74
Zenoh,WAN,64,11.061,0.546,0.243,66.51,18.31
Zenoh,WAN,64,10.727,0.96,1.149,58.73,16.32
Zenoh,WAN,64,11.337,0.776,0.594,74.55,15.56
Zenoh,WAN,64,12.078,0.53,0.742,77.07,24.24
Zenoh,WAN,64,11.245,0.779,0.495,63.67,20.08
Zenoh,WAN,64,10.752,0.476,0.388,69.63,23.01
Zenoh,WAN,64,11.32,0.69,0.594,74.62,17.78
Zenoh,WAN,64,11.469,0.834,0.853,56.34,23.21
Zenoh,WAN,64,10.548,0.339,0.454,68.03,18.85
Zenoh,WAN,64,10.478,0.822,0.95,77.5,25.31
Zenoh,WAN,64,10.996,0.377,0.681,82.55,18.66
Zenoh,WAN,64,10.612,0.618,0.576,72.26,23.92
Zenoh,WAN,64,11.03,0.86,0.583,62.33,21.35
Zenoh,WAN,64,10.482,0.648,0.805,63.33,18.58
Zenoh,WAN,64,10.669,0.242,0.425,58.74,20.14
Zenoh,WAN,64,11.575,0.612,0.243,58.71,13.88
Zenoh,WAN,64,12.42,0.17,0.561,59.89,19.84
Zenoh,WAN,64,11.691,0.759,0.68,58.89,13.57
Zenoh,WAN,64,10.967,0.642,0.639,73.51,16.02
Zenoh,WAN,64,11.848,0.778,0.743,59.71,20.23
Zenoh,WAN,64,12.048,0.718,0.315,56.69,24.0
Zenoh,WAN,64,10.698,0.79,0.587,60.94,18.69
Zenoh,WAN,64,11.042,0.698,0.814,63.21,15.15
Zenoh,WAN,64,11.617,0.913,1.12,62.99,18.21
Zenoh,WAN,64,11.655,0.475,0.969,51.47,18.47
Zenoh,WAN,64,10.945,0.668,0.708,67.17,21.79
Zenoh,WAN,64,11.614,0.63,0.669,74.11,13.64
Zenoh,WAN,64,11.593,0.454,0.942,59.86,16.34
Zenoh,WAN,64,12.064,0.367,0.539,74.96,30.61
Zenoh,WAN,64,10.971,0.618,0.843,57.47,20.99
Zenoh,WAN,64,10.571,0.327,0.659,68.59,14.55
Zenoh,WAN,64,11.502,0.623,0.591,63.38,23.5
Zenoh,WAN,64,10.5,0.549,0.898,69.66,22.5
Zenoh,WAN,64,11.25,1.064,0.738,65.14,15.03
Zenoh,WAN,64,10.748,0.559,0.725,61.43,27.16
Zenoh,WAN,64,10.537,0.818,0.606,75.67,18.84
Zenoh,WAN,64,11.032,0.61,1.041,67.31,15.48
Zenoh,WAN,64,10.997,0.477,0.202,65.8,13.24
Zenoh,WAN,64,12.061,0.588,0.532,61.12,12.64
Zenoh,WAN,64,11.739,0.648,0.574,70.9,25.52
Zenoh,WAN,64,10.264,0.647,0.985,59.8,20.95
Zenoh,WAN,64,10.788,0.574,0.64,67.81,20.72
Zenoh,WAN,64,11.635,0.684,0.833,67.65,21.24
Zenoh,WAN,64,10.856,0.428,0.697,63.48,16.27
Zenoh,WAN,64,10.319,0.681,1.145,56.02,18.46
Zenoh,WAN,64,11.344,0.83,0.587,54.89,21.29
Zenoh,WAN,64,10.813,0.68,0.723,62.66,19.0
Zenoh,WAN,64,11.004,1.002,0.791,66.82,21.85
Zenoh,WAN,64,10.121,0.564,0.53,64.56,24.43
Zenoh,WAN,64,11.509,0.368,0.506,49.54,22.76
Zenoh,WAN,64,10.607,0.475,1.022,70.98,18.62
Zenoh,WAN,64,10.762,0.519,1.072,64.67,18.48
Zenoh,WAN,64,11.759,0.57,0.646,60.78,24.19
Zenoh,WAN,64,11.465,0.711,0.974,75.07,14.71
Zenoh,WAN,64,11.254,0.638,0.749,59.5,21.98
Zenoh,WAN,64,11.184,0.474,0.544,69.77,20.62
Zenoh,WAN,64,11.241,0.799,0.925,63.6,26.0
Zenoh,WAN,64,10.698,0.704,0.455,71.01,29.77
Zenoh,WAN,64,10.525,0.434,0.503,75.04,18.28
Zenoh,WAN,64,11.457,0.71,0.899,60.54,21.31
Zenoh,WAN,64,9.654,0.54,1.048,66.57,20.3
Zenoh,WAN,64,11.014,0.527,0.251,57.31,14.49
Zenoh,WAN,64,11.538,0.453,0.652,71.22,17.95
Zenoh,WAN,64,10.503,0.686,0.564,73.59,22.5
Zenoh,WAN,64,10.281,0.599,0.502,64.42,19.87
Zenoh,WAN,64,12.206,0.704,0.656,63.25,19.65
Zenoh,WAN,64,11.333,0.628,1.139,66.3,16.63
Zenoh,WAN,64,12.94,0.569,1.042,58.32,18.62
Zenoh,WAN,64,11.144,0.673,0.484,55.4,18.43
Zenoh,WAN,64,12.448,0.433,0.735,72.19,22.71
Zenoh,WAN,64,10.145,0.665,1.027,68.55,23.94
Zenoh,WAN,64,10.813,0.743,0.934,61.76,19.19
Zenoh,WAN,64,11.981,0.186,0.716,52.29,23.18
Zenoh,WAN,64,10.061,0.577,1.11,61.35,11.62
Zenoh,WAN,64,11.086,0.407,0.817,59.29,20.75
Zenoh,WAN,64,10.881,0.606,1.184,71.69,17.41
Zenoh,WAN,64,11.25,0.439,0.979,72.69,22.89
Zenoh,WAN,64,11.033,0.639,0.402,65.65,21.21
Zenoh,WAN,64,11.685,0.536,0.602,67.53,17.62
Zenoh,WAN,64,11.445,0.946,0.725,67.69,23.67
Zenoh,WAN,64,12.369,0.585,0.516,61.68,18.38
Zenoh,WAN,64,10.173,0.691,0.901,67.85,17.01
Zenoh,WAN,64,12.28,0.763,0.616,64.7,24.63
Zenoh,WAN,64,13.165,0.395,0.535,59.06,19.38
Zenoh,WAN,64,12.453,0.78,0.735,60.03,32.73
Zenoh,WAN,64,10.879,0.812,0.77,55.15,11.93
Zenoh,WAN,64,10.297,0.333,0.535,58.81,19.71
Zenoh,WAN,64,11.411,0.717,0.808,65.22,20.04
Zenoh,WAN,64,10.54,0.873,0.948,76.94,20.98
Zenoh,WAN,64,12.421,0.354,0.553,66.67,23.82
Zenoh,WAN,64,11.639,0.549,0.653,58.81,18.75
Zenoh,WAN,64,11.186,0.608,0.647,53.45,23.83
Zenoh,WAN,64,11.028,0.514,0.755,53.91,20.06
Zenoh,WAN,64,11.024,0.921,0.717,65.3,19.17
Zenoh,WAN,64,11.927,0.848,0.909,68.7,27.26
Zenoh,WAN,64,10.6,0.219,0.894,61.69,15.46
Zenoh,WAN,64,11.913,0.476,0.862,65.51,20.07
Zenoh,WAN,64,11.344,0.385,0.947,78.98,12.27
Zenoh,WAN,64,10.924,0.761,0.452,53.37,24.28
Zenoh,WAN,64,11.017,0.513,0.825,71.22,17.41
Zenoh,WAN,64,11.132,0.922,0.654,65.36,19.88
Zenoh,WAN,64,11.922,0.823,1.183,76.74,16.58
Zenoh,WAN,64,10.547,0.605,0.67,56.92,21.53
Zenoh,WAN,64,11.837,0.493,1.086,64.18,27.83
Zenoh,WAN,64,10.636,0.668,1.096,50.74,25.81
Zenoh,WAN,64,10.266,0.849,0.085,68.01,28.02
Zenoh,WAN,64,11.446,0.804,0.397,58.62,16.73
Zenoh,WAN,64,11.111,0.676,0.865,65.02,21.55
Zenoh,WAN,64,12.698,0.59,0.972,65.14,16.3
Zenoh,WAN,64,11.817,0.534,0.711,71.44,17.26
Zenoh,WAN,64,10.755,0.639,0.554,65.48,20.01
Zenoh,WAN,64,13.385,0.675,0.988,65.61,24.26
Zenoh,WAN,64,11.177,0.867,0.439,57.29,21.92
Zenoh,WAN,64,11.234,0.661,0.533,68.07,21.38
Zenoh,WAN,64,11.564,0.505,1.103,66.11,20.17
Zenoh,WAN,64,11.018,0.584,0.918,61.02,16.92
Zenoh,WAN,64,10.344,0.73,0.89,59.13,18.1
Zenoh,WAN,64,11.944,0.959,0.551,67.2,20.64
Zenoh,WAN,64,11.372,0.712,0.869,61.11,18.87
Zenoh,WAN,64,10.776,1.105,0.921,61.0,23.74
Zenoh,WAN,64,12.266,0.8,0.453,63.76,23.91
Zenoh,WAN,64,11.511,0.886,0.016,63.63,19.22
Zenoh,WAN,64,11.943,0.668,0.339,54.22,23.04
Zenoh,WAN,64,11.319,0.789,0.808,71.23,17.52
Zenoh,WAN,64,10.487,0.415,1.001,70.36,23.13
Zenoh,WAN,64,12.232,0.8,0.338,65.78,25.54
Zenoh,WAN,64,11.709,0.513,1.383,69.5,14.48
Zenoh,WAN,64,11.31,0.451,0.8,61.92,19.59
Zenoh,WAN,64,11.935,0.48,0.609,66.49,18.41
Zenoh,WAN,64,12.3,0.653,0.798,58.36,23.9
Zenoh,WAN,64,12.667,0.636,0.963,72.77,18.09
Zenoh,WAN,64,10.542,0.766,0.627,62.24,13.46
Zenoh,WAN,64,11.168,0.629,0.896,61.18,25.52
Zenoh,WAN,64,10.026,0.343,0.406,65.55,16.65
Zenoh,WAN,64,10.984,0.638,0.908,64.77,22.38
Zenoh,WAN,64,10.233,0.661,0.406,57.32,24.18
Zenoh,WAN,64,10.343,0.649,0.649,57.24,15.9
Zenoh,WAN,64,10.015,0.542,0.313,66.7,20.42
Zenoh,WAN,64,10.418,0.53,0.413,68.8,22.72
Zenoh,WAN,64,11.201,0.722,0.438,64.61,26.17
Zenoh,WAN,64,11.194,0.52,0.45,64.41,24.71
Zenoh,WAN,64,12.912,0.627,0.639,75.87,15.28
Zenoh,WAN,64,10.969,0.684,1.243,61.14,28.55
Zenoh,WAN,64,10.44,0.57,0.483,64.99,14.86
Zenoh,WAN,64,11.423,0.425,1.126,62.21,22.92
Zenoh,WAN,64,11.97,0.627,0.434,50.16,15.47
Zenoh,WAN,64,12.557,0.509,0.469,62.21,21.62
Zenoh,WAN,64,10.914,0.626,0.939,67.96,18.51
Zenoh,WAN,64,11.495,0.663,0.921,60.59,22.33
Zenoh,WAN,64,11.493,0.49,0.3,72.52,26.35
Zenoh,WAN,64,10.781,0.599,0.68,50.99,24.0
Zenoh,WAN,64,10.362,0.933,0.502,59.34,24.61
Zenoh,WAN,64,11.308,0.628,0.617,62.17,23.86
Zenoh,WAN,64,12.371,1.06,0.798,73.09,18.47
Zenoh,WAN,64,11.749,0.789,0.891,48.41,22.37
Zenoh,WAN,64,10.407,0.358,0.822,70.07,21.56
Zenoh,WAN,64,10.971,0.827,1.248,65.87,21.0
Zenoh,WAN,64,12.193,0.51,0.249,60.64,25.47
Zenoh,WAN,64,11.004,0.589,0.742,62.63,15.42
Zenoh,WAN,64,11.382,0.737,1.063,67.25,15.85
Zenoh,WAN,64,10.782,0.516,0.657,64.71,26.96
Zenoh,WAN,64,11.817,0.745,1.134,70.38,23.25
Zenoh,WAN,64,11.235,0.542,0.936,59.52,29.46
Zenoh,WAN,64,11.426,0.666,0.832,63.86,20.69
Zenoh,WAN,64,11.77,0.678,0.543,65.74,16.39
Zenoh,WAN,64,11.737,0.789,0.195,67.13,13.74
Zenoh,WAN,64,10.284,0.754,0.797,67.51,22.83
Zenoh,WAN,64,11.093,0.437,0.487,63.33,20.84
Zenoh,WAN,64,11.379,0.895,0.386,63.51,20.92
Zenoh,WAN,64,10.522,0.497,0.579,55.73,20.21
